cogs_id,product_id,order_id,cost_amount,cogs_date
1,163,1,2718.36,2025-06-11
2,116,2,355.86,2025-08-02
3,171,3,72.32,2025-08-21
4,58,4,353.79,2025-04-14
5,288,5,906.94,2025-10-01
6,129,6,1594.34,2025-05-06
7,261,7,280.97,2025-05-22
8,203,8,1672.57,2025-08-21
9,22,9,2149.94,2025-05-17
10,136,10,2503.14,2025-04-21
11,130,11,757.68,2025-08-12
12,285,12,1405.16,2025-09-10
13,112,13,2716.15,2025-08-21
14,151,14,2144.44,2025-07-13
15,264,15,1424.14,2025-06-03
16,158,16,295.12,2025-08-26
17,43,17,2516.02,2025-07-06
18,245,18,1231.84,2025-07-10
19,126,19,385.23,2025-10-01
20,175,20,1844.35,2025-04-10
21,297,21,2744.3,2025-07-02
22,281,22,2254.09,2025-06-25
23,84,23,2354.66,2025-06-01
24,190,24,310.42,2025-09-02
25,71,25,1568.0,2025-09-09
26,242,26,2061.63,2025-05-24
27,52,27,1545.05,2025-04-17
28,215,28,940.14,2025-07-10
29,172,29,1133.45,2025-04-22
30,235,30,189.53,2025-07-06
31,285,31,2733.56,2025-07-03
32,59,32,1797.54,2025-09-06
33,172,33,2060.29,2025-04-23
34,278,34,1661.74,2025-08-01
35,21,35,1741.7,2025-06-03
36,24,36,1651.15,2025-08-05
37,45,37,577.58,2025-10-07
38,40,38,788.17,2025-08-08
39,17,39,2210.86,2025-06-06
40,92,40,2362.55,2025-09-11
41,103,41,1096.93,2025-05-04
42,32,42,2397.32,2025-08-12
43,253,43,195.13,2025-09-01
44,123,44,515.41,2025-09-12
45,177,45,573.6,2025-06-16
46,34,46,58.68,2025-07-24
47,218,47,388.34,2025-07-22
48,294,48,1848.42,2025-06-28
49,220,49,2421.16,2025-06-05
50,193,50,2940.93,2025-05-04
51,226,51,404.61,2025-05-10
52,103,52,575.63,2025-09-25
53,128,53,2010.77,2025-09-17
54,146,54,2123.86,2025-04-24
55,77,55,1106.61,2025-04-10
56,174,56,633.0,2025-09-13
57,118,57,742.39,2025-07-03
58,265,58,754.47,2025-05-13
59,149,59,696.28,2025-09-19
60,270,60,1613.23,2025-09-19
61,227,61,2731.72,2025-07-05
62,271,62,1987.27,2025-07-01
63,260,63,2472.96,2025-06-10
64,130,64,2651.3,2025-10-08
65,139,65,1302.78,2025-06-15
66,243,66,910.1,2025-07-04
67,204,67,1003.5,2025-08-02
68,212,68,362.35,2025-08-16
69,269,69,1310.66,2025-04-10
70,45,70,1822.84,2025-04-25
71,40,71,2432.3,2025-07-21
72,48,72,2415.32,2025-08-13
73,93,73,857.79,2025-08-01
74,280,74,156.8,2025-06-22
75,36,75,2569.48,2025-05-14
76,270,76,1724.25,2025-05-30
77,199,77,300.71,2025-05-31
78,149,78,2160.34,2025-06-08
79,143,79,2616.49,2025-10-04
80,232,80,127.52,2025-06-11
81,46,81,1203.09,2025-07-08
82,29,82,2116.14,2025-06-27
83,245,83,495.75,2025-04-21
84,221,84,1637.83,2025-10-07
85,88,85,468.99,2025-08-04
86,297,86,2371.51,2025-07-10
87,225,87,2088.95,2025-08-25
88,211,88,2508.67,2025-05-25
89,231,89,2792.59,2025-05-18
90,226,90,2579.33,2025-05-17
91,211,91,2050.41,2025-04-15
92,167,92,285.57,2025-08-24
93,46,93,1784.08,2025-08-01
94,177,94,980.68,2025-04-27
95,192,95,1073.41,2025-07-04
96,3,96,1785.13,2025-06-27
97,50,97,185.95,2025-04-25
98,53,98,1747.21,2025-09-21
99,273,99,306.14,2025-08-14
100,181,100,2759.27,2025-09-12
101,28,101,2493.43,2025-07-08
102,120,102,1205.9,2025-10-08
103,114,103,108.84,2025-06-25
104,56,104,2508.29,2025-04-17
105,31,105,2991.88,2025-08-01
106,297,106,2589.21,2025-08-09
107,282,107,451.23,2025-04-18
108,83,108,2309.14,2025-04-24
109,5,109,2766.27,2025-05-13
110,212,110,2491.19,2025-05-15
111,97,111,2608.89,2025-08-19
112,37,112,1692.46,2025-07-08
113,275,113,1016.98,2025-06-17
114,46,114,217.54,2025-09-02
115,20,115,2985.32,2025-05-15
116,160,116,584.92,2025-07-04
117,214,117,2131.46,2025-08-31
118,218,118,1377.42,2025-05-26
119,238,119,323.75,2025-04-12
120,292,120,2092.37,2025-08-23
121,111,121,1359.74,2025-07-09
122,36,122,2621.51,2025-04-20
123,212,123,2312.46,2025-04-11
124,239,124,2286.71,2025-04-09
125,175,125,1926.52,2025-06-10
126,213,126,2134.36,2025-06-30
127,18,127,2718.86,2025-07-04
128,92,128,492.98,2025-06-20
129,165,129,1627.55,2025-05-06
130,203,130,354.22,2025-06-10
131,279,131,2736.21,2025-09-06
132,152,132,2909.38,2025-06-08
133,54,133,1320.49,2025-07-06
134,170,134,1450.46,2025-09-19
135,221,135,281.07,2025-06-30
136,35,136,692.47,2025-06-28
137,219,137,456.9,2025-08-17
138,251,138,1016.27,2025-08-19
139,182,139,632.73,2025-06-28
140,216,140,228.29,2025-08-27
141,190,141,720.41,2025-04-29
142,45,142,2751.64,2025-10-05
143,225,143,592.63,2025-06-03
144,89,144,2926.05,2025-05-08
145,104,145,1061.45,2025-04-15
146,260,146,2696.59,2025-05-20
147,15,147,1877.8,2025-07-06
148,38,148,2203.01,2025-05-15
149,274,149,2040.85,2025-06-24
150,176,150,1023.09,2025-05-28
151,125,151,779.1,2025-06-20
152,43,152,1000.3,2025-09-11
153,262,153,2002.98,2025-07-28
154,102,154,1898.3,2025-07-19
155,174,155,946.25,2025-05-24
156,7,156,1074.36,2025-09-10
157,299,157,1670.88,2025-06-09
158,120,158,2656.08,2025-07-23
159,228,159,1200.05,2025-05-23
160,200,160,1823.92,2025-08-30
161,163,161,1459.82,2025-08-13
162,79,162,186.38,2025-07-24
163,227,163,2037.37,2025-04-26
164,138,164,1478.48,2025-05-18
165,81,165,1238.48,2025-08-03
166,54,166,1511.64,2025-04-29
167,238,167,1322.47,2025-05-13
168,283,168,2880.64,2025-04-11
169,104,169,196.2,2025-09-09
170,278,170,431.62,2025-04-18
171,15,171,2375.48,2025-09-01
172,39,172,1527.08,2025-08-24
173,171,173,1621.59,2025-05-23
174,93,174,2308.77,2025-10-03
175,48,175,622.38,2025-08-24
176,112,176,117.88,2025-05-09
177,290,177,1432.88,2025-08-07
178,207,178,1028.59,2025-04-14
179,24,179,1383.52,2025-07-15
180,124,180,2382.2,2025-07-21
181,51,181,633.66,2025-09-10
182,274,182,1945.04,2025-04-10
183,3,183,1376.32,2025-05-12
184,55,184,1947.73,2025-08-01
185,180,185,1768.85,2025-09-01
186,10,186,527.81,2025-08-08
187,72,187,2398.49,2025-04-10
188,127,188,358.13,2025-09-18
189,124,189,2327.14,2025-09-08
190,184,190,743.14,2025-09-15
191,181,191,1654.66,2025-09-18
192,71,192,2124.53,2025-08-08
193,172,193,1055.21,2025-06-25
194,62,194,1909.9,2025-06-08
195,264,195,974.44,2025-10-05
196,246,196,2586.83,2025-10-03
197,65,197,964.28,2025-04-15
198,237,198,2059.66,2025-04-17
199,19,199,1363.15,2025-09-25
200,65,200,2926.49,2025-07-09
201,175,201,2547.99,2025-08-27
202,208,202,2469.87,2025-07-01
203,123,203,2176.7,2025-04-30
204,61,204,788.33,2025-09-05
205,47,205,449.92,2025-05-02
206,135,206,1348.59,2025-09-26
207,77,207,1134.47,2025-04-11
208,45,208,2473.72,2025-10-08
209,15,209,2395.76,2025-06-02
210,41,210,2831.55,2025-05-03
211,100,211,2807.54,2025-07-11
212,215,212,2240.42,2025-09-11
213,121,213,1590.34,2025-06-18
214,296,214,2822.81,2025-04-10
215,151,215,1644.95,2025-06-10
216,12,216,2742.57,2025-08-13
217,40,217,2568.85,2025-06-13
218,139,218,1071.11,2025-04-15
219,264,219,1537.71,2025-05-10
220,50,220,162.43,2025-08-02
221,226,221,2757.58,2025-05-07
222,126,222,240.92,2025-07-02
223,250,223,1828.66,2025-08-31
224,5,224,2805.73,2025-08-08
225,152,225,2111.61,2025-07-26
226,103,226,302.25,2025-09-21
227,299,227,2700.19,2025-08-03
228,173,228,2871.93,2025-06-29
229,243,229,1746.57,2025-06-25
230,201,230,659.33,2025-05-10
231,237,231,1270.31,2025-06-09
232,181,232,507.14,2025-07-15
233,37,233,471.79,2025-08-30
234,243,234,1081.35,2025-04-28
235,253,235,1279.97,2025-06-02
236,76,236,1865.43,2025-09-14
237,183,237,1658.76,2025-08-30
238,120,238,964.44,2025-10-03
239,117,239,1775.04,2025-05-26
240,175,240,2702.27,2025-08-25
241,138,241,1000.3,2025-05-30
242,222,242,226.63,2025-07-02
243,28,243,2242.74,2025-05-02
244,235,244,1394.78,2025-08-25
245,74,245,924.07,2025-06-27
246,28,246,2226.31,2025-06-10
247,224,247,1448.86,2025-08-19
248,35,248,329.29,2025-04-16
249,235,249,2504.61,2025-08-27
250,146,250,1897.39,2025-04-23
251,179,251,2291.56,2025-07-14
252,277,252,367.48,2025-10-04
253,298,253,1519.2,2025-05-12
254,211,254,291.76,2025-05-23
255,287,255,689.03,2025-09-07
256,1,256,2350.02,2025-07-05
257,91,257,2855.36,2025-05-24
258,214,258,1165.98,2025-06-23
259,79,259,1834.78,2025-08-14
260,184,260,2397.35,2025-06-25
261,262,261,1899.28,2025-05-05
262,195,262,2515.18,2025-07-04
263,198,263,2283.32,2025-06-04
264,26,264,1206.17,2025-07-21
265,31,265,1944.21,2025-07-23
266,246,266,2980.34,2025-08-23
267,99,267,2684.16,2025-04-13
268,21,268,2502.5,2025-06-13
269,249,269,2345.37,2025-07-07
270,204,270,2399.99,2025-09-11
271,32,271,844.63,2025-08-19
272,77,272,2947.48,2025-09-04
273,105,273,2272.99,2025-09-17
274,178,274,2666.27,2025-04-14
275,149,275,1044.66,2025-09-23
276,271,276,2147.53,2025-04-14
277,29,277,1824.31,2025-07-16
278,66,278,1110.73,2025-10-03
279,190,279,2713.45,2025-09-25
280,276,280,968.39,2025-05-14
281,16,281,1307.28,2025-09-06
282,148,282,1855.21,2025-09-21
283,113,283,137.93,2025-08-05
284,220,284,2511.67,2025-08-25
285,69,285,860.33,2025-05-08
286,143,286,1228.17,2025-09-14
287,273,287,810.77,2025-05-04
288,291,288,246.74,2025-08-30
289,42,289,776.16,2025-05-06
290,228,290,1510.91,2025-06-28
291,222,291,219.51,2025-06-09
292,134,292,2532.78,2025-09-10
293,262,293,1260.43,2025-10-07
294,236,294,517.16,2025-07-30
295,74,295,1168.25,2025-09-18
296,56,296,2473.4,2025-04-22
297,25,297,552.99,2025-04-22
298,284,298,1049.2,2025-05-11
299,80,299,2009.8,2025-05-05
300,56,300,2488.06,2025-06-26
301,68,301,2105.05,2025-09-25
302,266,302,200.27,2025-04-16
303,286,303,1572.99,2025-07-27
304,112,304,2164.86,2025-09-14
305,234,305,215.89,2025-08-05
306,219,306,1035.49,2025-06-28
307,266,307,913.23,2025-09-12
308,275,308,2507.86,2025-07-05
309,122,309,1636.5,2025-06-04
310,219,310,887.26,2025-07-07
311,164,311,737.71,2025-07-11
312,113,312,1697.56,2025-09-08
313,75,313,2193.98,2025-06-12
314,202,314,1137.09,2025-05-16
315,97,315,2750.69,2025-08-05
316,117,316,1845.36,2025-09-04
317,20,317,1362.47,2025-07-23
318,95,318,108.94,2025-04-13
319,38,319,2431.76,2025-09-16
320,45,320,1148.04,2025-06-13
321,55,321,719.62,2025-04-28
322,64,322,2624.49,2025-08-27
323,94,323,168.43,2025-04-21
324,91,324,2996.93,2025-08-25
325,72,325,1066.05,2025-09-03
326,193,326,1411.62,2025-09-19
327,240,327,1801.96,2025-09-23
328,211,328,117.32,2025-08-24
329,69,329,1913.26,2025-07-20
330,130,330,97.91,2025-08-10
331,100,331,494.57,2025-04-15
332,289,332,352.49,2025-07-31
333,102,333,1409.38,2025-08-12
334,156,334,2149.46,2025-06-25
335,131,335,1676.83,2025-08-16
336,267,336,2688.27,2025-04-12
337,101,337,1971.74,2025-04-20
338,52,338,1212.94,2025-04-24
339,109,339,2264.99,2025-05-14
340,211,340,1493.65,2025-06-30
341,265,341,109.49,2025-05-06
342,273,342,2134.32,2025-08-29
343,278,343,160.29,2025-09-11
344,224,344,1983.09,2025-05-15
345,97,345,1365.78,2025-09-09
346,294,346,2433.67,2025-10-02
347,212,347,656.0,2025-05-12
348,204,348,2310.08,2025-09-19
349,46,349,1047.94,2025-07-13
350,244,350,2063.83,2025-04-17
351,26,351,102.01,2025-08-07
352,9,352,1576.41,2025-10-03
353,4,353,2940.14,2025-06-27
354,91,354,794.23,2025-06-13
355,284,355,88.47,2025-06-23
356,294,356,272.14,2025-07-10
357,16,357,2371.04,2025-09-13
358,138,358,1266.58,2025-06-20
359,225,359,953.23,2025-07-01
360,298,360,2725.01,2025-06-24
361,151,361,1495.08,2025-07-07
362,78,362,2188.72,2025-07-06
363,245,363,2359.11,2025-05-02
364,227,364,950.31,2025-07-01
365,90,365,2854.85,2025-08-22
366,194,366,2353.57,2025-06-13
367,40,367,2906.45,2025-07-15
368,256,368,1937.93,2025-04-11
369,131,369,2145.04,2025-08-19
370,112,370,1654.17,2025-09-06
371,53,371,1827.0,2025-08-17
372,127,372,724.52,2025-08-18
373,91,373,2492.74,2025-06-15
374,249,374,2927.75,2025-05-02
375,276,375,813.69,2025-06-04
376,4,376,316.75,2025-07-01
377,244,377,2646.63,2025-07-30
378,72,378,2868.79,2025-08-05
379,211,379,1426.18,2025-04-19
380,103,380,819.3,2025-07-01
381,143,381,134.94,2025-05-01
382,39,382,1084.81,2025-05-21
383,35,383,1105.62,2025-09-23
384,113,384,476.1,2025-09-20
385,74,385,203.74,2025-05-17
386,90,386,1664.85,2025-06-23
387,20,387,772.67,2025-04-10
388,193,388,1501.89,2025-06-06
389,75,389,1834.64,2025-07-13
390,16,390,50.72,2025-08-20
391,83,391,1165.7,2025-09-30
392,153,392,780.77,2025-07-16
393,96,393,2242.07,2025-05-30
394,280,394,2294.16,2025-09-27
395,53,395,2730.39,2025-06-21
396,21,396,626.19,2025-04-29
397,66,397,1990.54,2025-08-18
398,261,398,276.1,2025-09-07
399,169,399,1349.28,2025-10-02
400,216,400,166.7,2025-05-08
401,68,401,193.5,2025-06-26
402,49,402,1708.34,2025-05-17
403,87,403,472.24,2025-09-10
404,238,404,1704.22,2025-09-03
405,3,405,2453.88,2025-05-06
406,250,406,1025.86,2025-08-22
407,89,407,1469.11,2025-09-24
408,237,408,1261.33,2025-05-30
409,179,409,213.76,2025-10-02
410,300,410,1754.23,2025-06-12
411,258,411,2005.2,2025-08-16
412,273,412,404.39,2025-05-30
413,184,413,2460.31,2025-04-13
414,105,414,2300.12,2025-06-01
415,176,415,2320.23,2025-05-14
416,196,416,1988.77,2025-09-28
417,90,417,314.85,2025-09-01
418,119,418,1458.41,2025-06-29
419,57,419,2488.03,2025-05-21
420,135,420,758.26,2025-08-03
421,198,421,1321.93,2025-05-26
422,211,422,1332.81,2025-04-22
423,85,423,2223.25,2025-06-11
424,53,424,1190.05,2025-07-30
425,47,425,856.33,2025-07-27
426,87,426,2924.99,2025-08-10
427,143,427,1791.03,2025-08-11
428,214,428,128.06,2025-05-05
429,250,429,373.24,2025-07-15
430,152,430,2181.31,2025-06-19
431,8,431,2431.1,2025-08-10
432,3,432,237.66,2025-09-06
433,112,433,1094.61,2025-08-28
434,8,434,2037.04,2025-07-29
435,220,435,1604.98,2025-10-03
436,199,436,1950.17,2025-06-06
437,153,437,1352.79,2025-08-14
438,172,438,2068.19,2025-07-01
439,13,439,1310.0,2025-08-30
440,256,440,1130.02,2025-08-23
441,33,441,669.36,2025-09-18
442,293,442,1342.95,2025-04-22
443,274,443,1888.92,2025-07-17
444,261,444,1553.85,2025-06-25
445,251,445,302.94,2025-04-23
446,76,446,1278.61,2025-05-21
447,6,447,1201.86,2025-08-28
448,172,448,996.93,2025-09-30
449,286,449,1890.01,2025-08-29
450,23,450,2905.76,2025-04-14
451,261,451,2621.96,2025-07-09
452,55,452,1479.95,2025-06-25
453,122,453,2081.61,2025-06-13
454,225,454,2190.85,2025-07-19
455,23,455,777.7,2025-08-21
456,62,456,337.7,2025-10-06
457,124,457,73.41,2025-08-17
458,14,458,2007.52,2025-04-09
459,251,459,2199.01,2025-06-25
460,226,460,139.36,2025-09-06
461,206,461,1175.98,2025-04-20
462,139,462,2380.13,2025-07-24
463,289,463,1106.26,2025-09-26
464,35,464,1617.02,2025-05-20
465,288,465,1840.15,2025-09-12
466,51,466,1811.9,2025-06-19
467,21,467,252.58,2025-07-10
468,157,468,554.92,2025-08-09
469,139,469,2191.68,2025-08-05
470,297,470,946.23,2025-09-18
471,140,471,2048.3,2025-04-15
472,227,472,2152.6,2025-09-01
473,77,473,593.4,2025-09-10
474,100,474,1505.41,2025-09-09
475,174,475,2884.39,2025-09-03
476,196,476,2089.81,2025-08-10
477,211,477,1493.89,2025-06-02
478,40,478,2413.62,2025-09-07
479,82,479,2166.05,2025-08-15
480,48,480,1882.52,2025-10-02
481,223,481,2998.86,2025-05-22
482,291,482,1438.38,2025-08-06
483,31,483,1095.92,2025-06-13
484,53,484,2894.91,2025-05-26
485,189,485,275.26,2025-07-20
486,183,486,1434.82,2025-08-24
487,5,487,1294.55,2025-04-11
488,110,488,2417.1,2025-07-10
489,169,489,2425.72,2025-09-08
490,119,490,882.47,2025-05-14
491,165,491,1394.2,2025-08-14
492,107,492,1731.98,2025-08-18
493,133,493,2090.08,2025-09-06
494,135,494,506.68,2025-09-16
495,252,495,1129.15,2025-08-27
496,136,496,1624.2,2025-04-27
497,266,497,61.36,2025-08-28
498,112,498,1795.42,2025-08-01
499,104,499,884.4,2025-08-05
500,16,500,2994.06,2025-05-05
501,30,501,2231.61,2025-04-28
502,225,502,2735.77,2025-06-28
503,229,503,1275.0,2025-05-25
504,89,504,467.69,2025-05-27
505,284,505,1494.63,2025-10-02
506,75,506,144.39,2025-05-02
507,231,507,2543.01,2025-04-14
508,70,508,1404.83,2025-09-10
509,181,509,2244.98,2025-06-29
510,215,510,1338.85,2025-08-13
511,1,511,1663.06,2025-09-09
512,254,512,2966.71,2025-04-30
513,207,513,969.87,2025-08-16
514,27,514,1976.22,2025-06-09
515,271,515,63.76,2025-04-11
516,141,516,1075.68,2025-08-02
517,117,517,1100.97,2025-07-26
518,160,518,2800.68,2025-05-19
519,266,519,2631.29,2025-05-21
520,294,520,264.74,2025-09-16
521,29,521,1217.29,2025-10-07
522,281,522,250.26,2025-07-03
523,286,523,2227.9,2025-09-19
524,45,524,150.41,2025-06-14
525,256,525,276.21,2025-08-25
526,100,526,2321.48,2025-05-20
527,289,527,196.48,2025-09-01
528,204,528,1265.28,2025-04-24
529,232,529,1629.74,2025-06-14
530,10,530,385.45,2025-07-23
531,252,531,2384.07,2025-09-05
532,198,532,1717.36,2025-06-06
533,207,533,1365.14,2025-08-11
534,160,534,1415.22,2025-10-01
535,35,535,2787.1,2025-09-12
536,246,536,2130.29,2025-09-30
537,203,537,575.74,2025-04-22
538,111,538,1362.64,2025-04-20
539,196,539,2449.4,2025-08-15
540,266,540,2986.73,2025-07-03
541,138,541,2582.67,2025-09-24
542,41,542,750.6,2025-06-15
543,154,543,1747.12,2025-10-06
544,263,544,1935.54,2025-07-02
545,22,545,2527.67,2025-08-19
546,128,546,561.43,2025-04-25
547,181,547,164.41,2025-05-21
548,167,548,1284.27,2025-04-25
549,37,549,2442.23,2025-08-02
550,264,550,1728.5,2025-05-24
551,280,551,184.09,2025-08-20
552,92,552,1523.52,2025-08-09
553,266,553,2181.76,2025-09-19
554,93,554,434.53,2025-06-15
555,238,555,2868.61,2025-09-23
556,176,556,2532.21,2025-06-08
557,140,557,262.81,2025-09-02
558,94,558,946.08,2025-09-15
559,97,559,2823.24,2025-08-25
560,131,560,613.96,2025-04-16
561,119,561,371.55,2025-09-16
562,138,562,1668.02,2025-08-05
563,138,563,2577.94,2025-09-17
564,207,564,1426.4,2025-07-26
565,172,565,2689.18,2025-04-22
566,18,566,148.91,2025-06-04
567,211,567,65.31,2025-08-31
568,140,568,793.82,2025-06-21
569,275,569,1062.9,2025-08-17
570,282,570,157.07,2025-09-29
571,289,571,1701.85,2025-08-05
572,24,572,1682.27,2025-07-08
573,164,573,2617.98,2025-06-11
574,190,574,309.91,2025-07-28
575,247,575,1890.47,2025-06-18
576,51,576,1012.4,2025-05-01
577,146,577,294.31,2025-08-16
578,42,578,884.81,2025-05-16
579,297,579,1787.17,2025-07-06
580,40,580,330.59,2025-10-08
581,150,581,1182.15,2025-06-04
582,266,582,924.08,2025-06-07
583,278,583,1814.58,2025-09-10
584,142,584,2138.36,2025-07-22
585,78,585,2655.19,2025-08-05
586,16,586,2441.49,2025-08-08
587,117,587,631.66,2025-05-30
588,209,588,746.54,2025-04-10
589,163,589,1512.36,2025-09-09
590,76,590,2141.7,2025-07-20
591,239,591,1127.66,2025-05-18
592,233,592,2561.47,2025-07-16
593,124,593,2002.04,2025-04-26
594,199,594,207.06,2025-07-09
595,224,595,2635.81,2025-09-05
596,295,596,598.71,2025-05-29
597,56,597,1520.36,2025-07-27
598,20,598,1494.71,2025-06-19
599,75,599,2073.68,2025-07-18
600,256,600,1768.05,2025-07-08
601,233,601,2208.52,2025-05-19
602,64,602,327.66,2025-05-06
603,295,603,540.64,2025-05-01
604,115,604,1608.74,2025-07-19
605,133,605,2704.53,2025-04-09
606,129,606,1041.65,2025-10-04
607,79,607,265.55,2025-08-04
608,275,608,1908.44,2025-09-09
609,240,609,646.26,2025-10-08
610,89,610,261.55,2025-09-20
611,9,611,2126.58,2025-10-01
612,106,612,2547.82,2025-04-10
613,214,613,470.44,2025-04-18
614,235,614,1982.8,2025-07-18
615,45,615,2486.95,2025-09-13
616,293,616,509.15,2025-09-06
617,292,617,1317.09,2025-08-27
618,204,618,2309.72,2025-06-12
619,27,619,1062.03,2025-08-05
620,91,620,988.67,2025-04-11
621,248,621,2252.05,2025-05-05
622,57,622,1679.88,2025-09-09
623,136,623,2066.31,2025-09-24
624,215,624,1281.44,2025-05-14
625,283,625,1246.4,2025-07-06
626,108,626,1542.56,2025-08-20
627,66,627,2758.61,2025-08-02
628,75,628,2364.57,2025-05-18
629,104,629,2458.26,2025-08-07
630,295,630,2346.64,2025-06-28
631,123,631,1301.84,2025-06-02
632,115,632,2181.77,2025-06-25
633,81,633,263.44,2025-05-26
634,31,634,2452.89,2025-04-17
635,128,635,1583.43,2025-06-01
636,182,636,336.88,2025-07-14
637,82,637,2608.6,2025-07-12
638,81,638,507.16,2025-05-17
639,106,639,1213.55,2025-09-20
640,89,640,656.51,2025-05-23
641,12,641,1184.51,2025-04-18
642,23,642,2837.37,2025-06-12
643,272,643,143.32,2025-06-18
644,284,644,2905.11,2025-07-18
645,233,645,1633.24,2025-05-05
646,70,646,1290.86,2025-07-12
647,234,647,2960.8,2025-05-18
648,9,648,1477.86,2025-06-15
649,85,649,1868.13,2025-06-07
650,240,650,2069.28,2025-07-21
651,112,651,2762.24,2025-07-16
652,187,652,2888.87,2025-05-08
653,179,653,1384.12,2025-06-12
654,175,654,2028.44,2025-09-28
655,222,655,803.4,2025-06-25
656,107,656,1797.94,2025-07-08
657,237,657,867.29,2025-10-06
658,155,658,1476.59,2025-09-30
659,297,659,1346.6,2025-05-17
660,245,660,305.61,2025-06-06
661,85,661,2768.79,2025-09-04
662,107,662,966.97,2025-04-21
663,90,663,215.44,2025-07-08
664,280,664,180.64,2025-06-06
665,131,665,2286.74,2025-07-14
666,133,666,774.01,2025-09-17
667,261,667,635.66,2025-09-19
668,38,668,479.43,2025-06-04
669,171,669,142.84,2025-07-24
670,237,670,2917.46,2025-04-21
671,78,671,2797.72,2025-04-21
672,96,672,2285.38,2025-09-07
673,83,673,1425.01,2025-06-28
674,266,674,1603.67,2025-05-30
675,5,675,2502.38,2025-09-13
676,281,676,809.26,2025-04-28
677,202,677,1058.39,2025-06-06
678,188,678,1402.85,2025-09-06
679,172,679,927.61,2025-06-23
680,7,680,736.11,2025-04-22
681,30,681,116.44,2025-07-02
682,15,682,442.11,2025-07-21
683,213,683,50.65,2025-09-20
684,263,684,2921.08,2025-07-31
685,250,685,1176.16,2025-05-20
686,271,686,1459.47,2025-08-21
687,99,687,214.58,2025-05-05
688,66,688,2062.24,2025-08-28
689,62,689,189.23,2025-05-14
690,234,690,754.83,2025-07-25
691,297,691,2757.2,2025-08-14
692,74,692,1400.96,2025-08-31
693,33,693,2219.75,2025-09-10
694,143,694,1801.47,2025-06-23
695,115,695,2049.04,2025-04-23
696,56,696,1874.87,2025-04-19
697,165,697,1816.43,2025-05-08
698,69,698,2319.44,2025-08-15
699,219,699,1616.93,2025-06-23
700,242,700,2260.21,2025-05-30
701,29,701,1709.7,2025-07-05
702,89,702,2308.03,2025-04-30
703,190,703,2244.77,2025-06-24
704,156,704,1281.29,2025-08-02
705,39,705,972.63,2025-08-23
706,27,706,1027.48,2025-07-27
707,12,707,841.76,2025-05-14
708,41,708,2970.63,2025-06-05
709,255,709,1658.3,2025-08-18
710,180,710,2859.04,2025-07-10
711,48,711,1534.0,2025-06-01
712,17,712,2881.4,2025-06-21
713,292,713,124.47,2025-09-13
714,42,714,653.97,2025-09-12
715,135,715,850.67,2025-05-16
716,139,716,2372.22,2025-10-03
717,22,717,975.0,2025-09-19
718,73,718,1404.45,2025-04-15
719,72,719,1518.35,2025-06-01
720,225,720,2947.62,2025-07-11
721,79,721,183.95,2025-07-02
722,65,722,1190.3,2025-09-29
723,92,723,86.01,2025-09-26
724,234,724,1571.85,2025-06-06
725,270,725,1924.37,2025-07-02
726,17,726,526.82,2025-08-22
727,246,727,1529.78,2025-08-28
728,38,728,1269.0,2025-08-18
729,273,729,2326.01,2025-05-23
730,181,730,134.12,2025-06-25
731,104,731,885.58,2025-05-03
732,98,732,2895.62,2025-07-24
733,67,733,2679.31,2025-09-19
734,25,734,593.92,2025-06-06
735,21,735,1965.74,2025-06-11
736,98,736,2174.05,2025-07-23
737,277,737,504.37,2025-05-19
738,106,738,910.16,2025-09-15
739,27,739,568.86,2025-06-23
740,92,740,2508.12,2025-08-26
741,18,741,2575.62,2025-09-18
742,15,742,1798.18,2025-10-07
743,92,743,1453.92,2025-09-22
744,16,744,2838.25,2025-05-31
745,246,745,2658.77,2025-06-06
746,119,746,1231.51,2025-10-05
747,25,747,2045.83,2025-07-09
748,193,748,732.02,2025-08-20
749,157,749,2569.35,2025-04-17
750,143,750,2138.2,2025-09-09
751,92,751,140.13,2025-08-01
752,19,752,633.55,2025-05-01
753,287,753,292.88,2025-05-27
754,79,754,268.67,2025-05-08
755,12,755,1990.83,2025-09-07
756,229,756,2819.85,2025-08-09
757,147,757,117.15,2025-06-11
758,230,758,1234.99,2025-05-11
759,149,759,2896.84,2025-07-03
760,92,760,1707.19,2025-07-14
761,269,761,1013.19,2025-09-10
762,76,762,1210.07,2025-07-27
763,264,763,1349.62,2025-04-23
764,60,764,2932.91,2025-09-04
765,171,765,1678.33,2025-10-08
766,199,766,707.94,2025-08-24
767,172,767,2026.47,2025-08-23
768,260,768,1695.44,2025-06-11
769,153,769,2747.37,2025-04-16
770,109,770,397.08,2025-07-07
771,204,771,1591.19,2025-10-01
772,205,772,1917.66,2025-05-12
773,140,773,1309.35,2025-06-22
774,226,774,127.94,2025-04-19
775,138,775,642.53,2025-08-02
776,245,776,94.64,2025-08-13
777,258,777,624.39,2025-07-25
778,276,778,2885.93,2025-07-26
779,292,779,1419.02,2025-06-16
780,138,780,723.54,2025-10-02
781,39,781,564.21,2025-04-28
782,300,782,1938.97,2025-06-24
783,189,783,2470.33,2025-09-02
784,38,784,2813.87,2025-07-28
785,40,785,1512.36,2025-04-21
786,232,786,335.45,2025-05-06
787,123,787,2092.81,2025-04-29
788,43,788,1086.72,2025-09-15
789,5,789,160.53,2025-05-26
790,16,790,2441.43,2025-09-23
791,295,791,2448.52,2025-05-04
792,149,792,2188.92,2025-05-14
793,286,793,1441.67,2025-06-02
794,240,794,972.77,2025-09-16
795,273,795,2854.83,2025-10-08
796,160,796,875.74,2025-05-30
797,100,797,2194.07,2025-07-01
798,23,798,853.32,2025-05-21
799,1,799,1113.33,2025-06-23
800,216,800,701.56,2025-08-23
801,291,801,989.52,2025-05-26
802,103,802,1979.71,2025-10-04
803,106,803,2038.62,2025-08-30
804,263,804,253.48,2025-06-22
805,287,805,621.3,2025-05-25
806,100,806,1377.52,2025-08-21
807,236,807,2241.01,2025-07-01
808,125,808,2740.86,2025-07-29
809,237,809,1907.56,2025-06-06
810,236,810,1315.0,2025-09-18
811,133,811,2549.44,2025-09-25
812,123,812,2233.71,2025-07-23
813,156,813,2921.5,2025-08-22
814,163,814,391.86,2025-08-06
815,226,815,2241.13,2025-08-20
816,228,816,441.75,2025-04-30
817,156,817,1189.1,2025-07-03
818,270,818,2635.42,2025-06-12
819,274,819,1794.43,2025-08-18
820,47,820,2469.36,2025-09-08
821,130,821,1695.9,2025-04-09
822,186,822,190.38,2025-08-30
823,158,823,2153.85,2025-04-14
824,234,824,1009.8,2025-06-17
825,241,825,986.43,2025-07-25
826,58,826,2411.44,2025-08-03
827,5,827,447.5,2025-07-17
828,207,828,335.9,2025-04-24
829,293,829,2906.01,2025-10-05
830,75,830,2773.57,2025-07-24
831,258,831,728.34,2025-08-03
832,18,832,1649.53,2025-07-08
833,254,833,1351.9,2025-05-20
834,246,834,1390.26,2025-06-21
835,169,835,2443.06,2025-09-22
836,150,836,1577.8,2025-06-05
837,46,837,737.03,2025-05-01
838,1,838,1702.37,2025-05-10
839,215,839,88.02,2025-08-11
840,215,840,801.68,2025-04-12
841,125,841,149.55,2025-06-24
842,130,842,2176.22,2025-06-21
843,41,843,129.05,2025-06-07
844,21,844,2179.18,2025-04-10
845,290,845,777.44,2025-08-04
846,256,846,1839.45,2025-05-31
847,128,847,1136.97,2025-08-21
848,169,848,1432.73,2025-04-19
849,32,849,969.89,2025-06-27
850,120,850,1672.53,2025-07-27
851,257,851,2985.92,2025-09-01
852,18,852,1518.42,2025-09-29
853,28,853,91.22,2025-08-22
854,89,854,553.84,2025-09-21
855,141,855,2279.44,2025-06-29
856,274,856,2488.74,2025-04-09
857,120,857,722.29,2025-07-23
858,107,858,771.56,2025-06-26
859,267,859,2663.4,2025-10-01
860,179,860,1529.75,2025-05-05
861,91,861,2233.63,2025-09-24
862,84,862,1959.8,2025-06-19
863,113,863,696.25,2025-09-05
864,190,864,1572.44,2025-10-02
865,130,865,2092.78,2025-06-05
866,266,866,1715.49,2025-08-11
867,127,867,291.87,2025-09-14
868,298,868,1027.41,2025-06-05
869,201,869,282.88,2025-05-05
870,93,870,1043.31,2025-05-13
871,2,871,1374.19,2025-08-21
872,133,872,2799.92,2025-06-19
873,37,873,511.94,2025-08-04
874,128,874,2679.48,2025-04-13
875,138,875,1590.85,2025-10-06
876,96,876,2663.05,2025-07-01
877,85,877,2060.25,2025-06-07
878,233,878,1097.33,2025-08-26
879,277,879,2015.14,2025-07-16
880,282,880,2636.47,2025-05-16
881,260,881,1254.76,2025-06-07
882,122,882,2962.46,2025-08-18
883,83,883,723.53,2025-07-24
884,249,884,2195.45,2025-05-17
885,227,885,642.98,2025-09-24
886,214,886,2244.56,2025-05-13
887,235,887,879.71,2025-05-23
888,271,888,1931.58,2025-04-23
889,234,889,565.84,2025-04-23
890,9,890,282.71,2025-07-15
891,28,891,1214.18,2025-04-13
892,222,892,371.22,2025-06-16
893,134,893,318.39,2025-09-24
894,147,894,1892.64,2025-07-25
895,38,895,2868.45,2025-06-02
896,83,896,2395.35,2025-07-29
897,194,897,2505.41,2025-05-11
898,204,898,1889.18,2025-09-09
899,256,899,606.16,2025-06-08
900,95,900,410.61,2025-09-17
901,186,901,2879.83,2025-06-26
902,145,902,147.89,2025-08-26
903,248,903,2134.73,2025-07-13
904,291,904,471.94,2025-07-08
905,104,905,1156.18,2025-07-23
906,174,906,203.31,2025-09-05
907,253,907,497.29,2025-09-09
908,192,908,2689.47,2025-04-26
909,273,909,2396.95,2025-10-05
910,12,910,1074.04,2025-06-13
911,295,911,798.77,2025-04-21
912,104,912,1596.2,2025-08-17
913,118,913,1233.56,2025-09-20
914,29,914,1239.43,2025-08-31
915,168,915,341.94,2025-05-21
916,148,916,1573.32,2025-10-07
917,277,917,2609.02,2025-08-09
918,146,918,2207.09,2025-07-26
919,126,919,2229.51,2025-08-29
920,29,920,1907.38,2025-05-24
921,282,921,64.05,2025-09-28
922,62,922,2543.41,2025-06-15
923,166,923,2194.1,2025-07-05
924,224,924,1142.63,2025-10-05
925,75,925,1803.2,2025-06-04
926,223,926,2761.43,2025-09-13
927,159,927,2960.79,2025-05-21
928,9,928,1560.13,2025-07-08
929,237,929,2948.34,2025-04-12
930,298,930,2237.85,2025-08-18
931,29,931,1015.42,2025-05-31
932,188,932,2362.34,2025-06-10
933,240,933,68.1,2025-09-08
934,290,934,696.23,2025-07-01
935,300,935,2430.8,2025-04-12
936,295,936,891.58,2025-08-19
937,242,937,2731.41,2025-06-26
938,159,938,1914.9,2025-09-18
939,137,939,1663.97,2025-06-11
940,266,940,2943.12,2025-04-23
941,173,941,989.57,2025-06-18
942,141,942,1293.53,2025-07-09
943,4,943,2704.32,2025-04-14
944,189,944,147.07,2025-08-03
945,159,945,1628.22,2025-04-29
946,147,946,1101.81,2025-07-18
947,219,947,511.34,2025-04-30
948,300,948,1382.54,2025-05-30
949,88,949,729.5,2025-06-28
950,167,950,2897.65,2025-09-19
951,3,951,1236.87,2025-06-15
952,83,952,907.19,2025-05-23
953,147,953,2325.5,2025-09-09
954,2,954,1380.56,2025-09-07
955,81,955,737.79,2025-07-02
956,130,956,551.73,2025-06-07
957,7,957,583.41,2025-04-29
958,189,958,441.51,2025-09-27
959,94,959,286.94,2025-04-09
960,118,960,1003.04,2025-05-13
961,118,961,2609.79,2025-07-04
962,180,962,2258.66,2025-04-20
963,90,963,957.49,2025-08-11
964,70,964,219.41,2025-05-29
965,274,965,2654.7,2025-06-04
966,281,966,2935.42,2025-05-05
967,97,967,2297.45,2025-04-14
968,13,968,2250.33,2025-08-29
969,289,969,2576.71,2025-04-29
970,207,970,757.4,2025-07-31
971,113,971,686.17,2025-04-10
972,187,972,2144.95,2025-08-31
973,39,973,2328.07,2025-06-16
974,109,974,1950.38,2025-05-29
975,93,975,1312.53,2025-04-27
976,78,976,2037.39,2025-06-03
977,173,977,1242.27,2025-07-11
978,279,978,1210.83,2025-05-31
979,2,979,1871.9,2025-07-29
980,269,980,451.69,2025-08-21
981,41,981,2943.26,2025-07-04
982,285,982,711.57,2025-04-10
983,77,983,1915.51,2025-09-02
984,181,984,2277.07,2025-08-03
985,236,985,2856.2,2025-10-07
986,159,986,1477.04,2025-08-29
987,178,987,1696.78,2025-05-23
988,212,988,2627.93,2025-04-22
989,241,989,964.51,2025-05-28
990,76,990,987.05,2025-09-30
991,20,991,632.23,2025-05-19
992,295,992,2702.23,2025-09-01
993,46,993,2042.96,2025-08-23
994,52,994,2386.86,2025-04-11
995,266,995,2233.56,2025-05-22
996,268,996,1658.58,2025-09-26
997,102,997,368.8,2025-07-30
998,38,998,567.44,2025-08-18
999,259,999,2711.21,2025-09-22
1000,125,1000,1501.7,2025-07-14
1001,104,1001,1936.33,2025-09-04
1002,144,1002,2843.88,2025-08-28
1003,57,1003,1488.15,2025-10-04
1004,183,1004,2459.78,2025-08-17
1005,300,1005,2491.0,2025-04-20
1006,28,1006,1861.99,2025-07-21
1007,93,1007,107.49,2025-09-29
1008,164,1008,485.47,2025-05-29
1009,56,1009,1188.03,2025-07-18
1010,238,1010,2646.41,2025-08-17
1011,247,1011,1792.81,2025-07-04
1012,51,1012,1449.23,2025-05-27
1013,136,1013,1596.67,2025-07-30
1014,272,1014,548.59,2025-09-06
1015,81,1015,1220.65,2025-09-26
1016,293,1016,228.88,2025-06-21
1017,200,1017,1639.3,2025-09-28
1018,62,1018,1756.63,2025-05-20
1019,133,1019,2826.86,2025-08-27
1020,98,1020,819.71,2025-06-18
1021,98,1021,530.24,2025-04-15
1022,101,1022,2051.4,2025-10-04
1023,277,1023,2672.29,2025-05-07
1024,86,1024,1119.38,2025-07-16
1025,118,1025,2028.41,2025-08-30
1026,215,1026,1840.42,2025-08-02
1027,266,1027,283.1,2025-06-25
1028,182,1028,985.48,2025-07-06
1029,64,1029,1743.72,2025-08-02
1030,64,1030,1501.08,2025-09-13
1031,21,1031,1879.61,2025-05-17
1032,205,1032,1874.12,2025-06-06
1033,78,1033,75.8,2025-09-03
1034,171,1034,1794.69,2025-06-08
1035,123,1035,2797.53,2025-09-22
1036,292,1036,2168.26,2025-05-19
1037,152,1037,954.96,2025-08-26
1038,76,1038,1649.26,2025-06-25
1039,180,1039,1317.24,2025-07-17
1040,93,1040,1625.73,2025-07-03
1041,270,1041,2076.23,2025-07-15
1042,231,1042,2543.9,2025-07-15
1043,173,1043,2462.95,2025-05-23
1044,133,1044,2443.3,2025-08-16
1045,198,1045,1731.62,2025-09-19
1046,186,1046,2726.32,2025-04-11
1047,90,1047,2854.68,2025-07-21
1048,206,1048,1365.79,2025-06-25
1049,259,1049,2899.5,2025-07-08
1050,158,1050,951.78,2025-09-17
1051,236,1051,1709.01,2025-10-05
1052,250,1052,1207.06,2025-07-26
1053,262,1053,205.23,2025-07-13
1054,86,1054,293.39,2025-07-22
1055,137,1055,2874.51,2025-09-27
1056,155,1056,2140.85,2025-04-18
1057,238,1057,951.8,2025-06-09
1058,159,1058,2584.44,2025-04-11
1059,157,1059,1222.85,2025-07-14
1060,167,1060,2395.85,2025-08-31
1061,23,1061,953.74,2025-07-16
1062,83,1062,1979.02,2025-04-12
1063,56,1063,983.0,2025-06-24
1064,144,1064,815.68,2025-04-11
1065,220,1065,1580.33,2025-04-23
1066,102,1066,2131.44,2025-04-16
1067,292,1067,2410.97,2025-07-25
1068,291,1068,1193.66,2025-09-23
1069,96,1069,616.32,2025-07-23
1070,201,1070,908.33,2025-08-30
1071,127,1071,1762.21,2025-09-06
1072,37,1072,667.39,2025-09-06
1073,124,1073,1810.01,2025-10-08
1074,244,1074,1464.5,2025-07-12
1075,13,1075,1748.46,2025-07-04
1076,277,1076,725.66,2025-06-21
1077,270,1077,542.39,2025-09-28
1078,292,1078,1388.85,2025-04-12
1079,29,1079,1119.34,2025-07-15
1080,157,1080,694.95,2025-06-29
1081,84,1081,2441.74,2025-06-13
1082,203,1082,2050.16,2025-04-16
1083,92,1083,1215.59,2025-06-02
1084,91,1084,2899.12,2025-10-08
1085,260,1085,553.56,2025-07-27
1086,68,1086,365.16,2025-09-22
1087,42,1087,2419.15,2025-08-17
1088,1,1088,1567.02,2025-06-11
1089,250,1089,2140.79,2025-08-21
1090,46,1090,1024.21,2025-06-18
1091,183,1091,1951.39,2025-04-22
1092,247,1092,1894.64,2025-04-26
1093,46,1093,1396.81,2025-09-06
1094,170,1094,716.38,2025-08-30
1095,174,1095,1100.85,2025-06-07
1096,266,1096,192.07,2025-05-11
1097,73,1097,618.97,2025-05-29
1098,146,1098,148.62,2025-07-17
1099,112,1099,1674.13,2025-06-16
1100,24,1100,673.39,2025-04-27
1101,160,1101,69.38,2025-04-15
1102,88,1102,1205.57,2025-07-03
1103,208,1103,2754.78,2025-08-15
1104,163,1104,1589.57,2025-08-13
1105,39,1105,2194.79,2025-09-06
1106,20,1106,1531.96,2025-09-26
1107,156,1107,1379.66,2025-09-17
1108,225,1108,1283.52,2025-06-09
1109,50,1109,1098.74,2025-07-10
1110,221,1110,2007.58,2025-08-18
1111,243,1111,1932.59,2025-05-15
1112,218,1112,786.42,2025-05-13
1113,6,1113,1610.53,2025-07-11
1114,79,1114,2223.01,2025-06-06
1115,230,1115,2840.39,2025-04-15
1116,83,1116,2451.47,2025-09-26
1117,12,1117,2012.91,2025-04-17
1118,191,1118,575.29,2025-04-12
1119,121,1119,1623.24,2025-08-08
1120,54,1120,2556.08,2025-08-27
1121,101,1121,1028.03,2025-07-20
1122,84,1122,2689.93,2025-07-01
1123,202,1123,748.03,2025-07-11
1124,273,1124,984.11,2025-07-06
1125,73,1125,1428.21,2025-06-14
1126,39,1126,647.15,2025-06-29
1127,231,1127,1804.29,2025-04-17
1128,9,1128,2902.34,2025-08-06
1129,24,1129,1171.04,2025-08-25
1130,172,1130,2768.02,2025-06-04
1131,226,1131,2716.36,2025-05-23
1132,223,1132,2179.07,2025-08-27
1133,185,1133,2290.13,2025-06-21
1134,271,1134,152.89,2025-06-01
1135,223,1135,676.49,2025-05-15
1136,9,1136,2632.45,2025-05-30
1137,213,1137,1336.94,2025-05-12
1138,203,1138,2265.23,2025-10-08
1139,277,1139,1515.99,2025-07-11
1140,283,1140,1527.45,2025-06-02
1141,297,1141,2787.64,2025-08-18
1142,223,1142,2308.16,2025-06-24
1143,94,1143,1139.58,2025-06-22
1144,182,1144,1432.37,2025-10-01
1145,290,1145,2380.57,2025-06-15
1146,95,1146,2900.76,2025-07-23
1147,11,1147,1130.17,2025-07-14
1148,228,1148,137.3,2025-08-13
1149,11,1149,1733.68,2025-05-12
1150,37,1150,1184.05,2025-04-16
1151,121,1151,280.38,2025-07-07
1152,220,1152,944.58,2025-06-14
1153,54,1153,447.32,2025-05-11
1154,8,1154,1407.56,2025-05-08
1155,224,1155,544.85,2025-06-21
1156,232,1156,762.61,2025-09-07
1157,293,1157,1209.38,2025-05-11
1158,235,1158,1444.66,2025-08-20
1159,123,1159,1343.78,2025-05-09
1160,51,1160,1715.76,2025-06-06
1161,202,1161,1142.43,2025-09-14
1162,260,1162,2903.95,2025-06-15
1163,22,1163,638.28,2025-10-08
1164,22,1164,1761.65,2025-09-14
1165,180,1165,2787.94,2025-06-09
1166,199,1166,1754.83,2025-05-17
1167,112,1167,1440.66,2025-06-19
1168,210,1168,531.1,2025-06-09
1169,195,1169,2564.53,2025-07-31
1170,189,1170,607.21,2025-05-03
1171,93,1171,2027.21,2025-08-15
1172,152,1172,1643.98,2025-09-04
1173,293,1173,1598.19,2025-09-19
1174,41,1174,744.83,2025-10-01
1175,186,1175,1723.43,2025-07-03
1176,30,1176,2016.3,2025-06-30
1177,79,1177,2452.9,2025-09-12
1178,101,1178,965.63,2025-05-13
1179,84,1179,2341.28,2025-08-19
1180,46,1180,384.35,2025-04-09
1181,103,1181,657.64,2025-10-07
1182,119,1182,955.94,2025-09-03
1183,153,1183,496.86,2025-08-27
1184,55,1184,2282.32,2025-09-07
1185,36,1185,2660.97,2025-06-17
1186,117,1186,442.46,2025-06-13
1187,275,1187,2255.29,2025-06-19
1188,216,1188,2210.38,2025-09-22
1189,129,1189,1819.0,2025-04-28
1190,277,1190,408.7,2025-04-17
1191,4,1191,1404.09,2025-05-03
1192,298,1192,1614.69,2025-04-15
1193,284,1193,2984.77,2025-09-22
1194,175,1194,1578.53,2025-05-31
1195,19,1195,1189.51,2025-06-14
1196,195,1196,605.83,2025-09-28
1197,27,1197,373.27,2025-07-27
1198,229,1198,1617.89,2025-08-07
1199,206,1199,1722.99,2025-07-29
1200,25,1200,2062.74,2025-05-24
1201,48,1201,2874.86,2025-06-09
1202,294,1202,758.73,2025-09-20
1203,245,1203,2086.78,2025-06-14
1204,89,1204,167.55,2025-09-09
1205,39,1205,2990.6,2025-06-11
1206,275,1206,1532.78,2025-05-08
1207,126,1207,1372.7,2025-05-02
1208,127,1208,833.21,2025-05-19
1209,81,1209,2611.57,2025-07-31
1210,215,1210,1467.82,2025-08-26
1211,294,1211,2325.83,2025-07-03
1212,112,1212,1749.23,2025-08-17
1213,295,1213,1732.11,2025-07-07
1214,75,1214,1097.46,2025-05-15
1215,265,1215,1779.18,2025-06-22
1216,187,1216,2070.0,2025-06-05
1217,158,1217,1280.2,2025-05-19
1218,3,1218,365.69,2025-10-05
1219,200,1219,143.67,2025-09-01
1220,155,1220,1913.5,2025-07-17
1221,195,1221,2011.45,2025-07-28
1222,88,1222,1204.53,2025-08-01
1223,256,1223,2863.35,2025-08-30
1224,82,1224,2571.49,2025-05-18
1225,58,1225,2459.38,2025-05-17
1226,191,1226,919.52,2025-10-04
1227,222,1227,2175.92,2025-10-04
1228,300,1228,2206.22,2025-09-05
1229,178,1229,1545.02,2025-06-01
1230,184,1230,2229.98,2025-05-04
1231,129,1231,298.35,2025-07-19
1232,61,1232,2404.64,2025-06-28
1233,297,1233,1469.82,2025-05-12
1234,12,1234,1585.98,2025-05-05
1235,32,1235,2564.85,2025-08-09
1236,273,1236,2518.82,2025-06-21
1237,35,1237,2698.03,2025-07-19
1238,40,1238,2056.81,2025-07-09
1239,14,1239,2235.01,2025-04-14
1240,127,1240,342.3,2025-08-03
1241,235,1241,1405.03,2025-09-18
1242,110,1242,2524.35,2025-05-16
1243,261,1243,705.89,2025-09-01
1244,18,1244,704.85,2025-06-21
1245,86,1245,226.38,2025-05-02
1246,201,1246,614.67,2025-05-13
1247,99,1247,2995.82,2025-06-29
1248,96,1248,153.08,2025-08-29
1249,209,1249,1343.45,2025-07-25
1250,19,1250,2098.08,2025-06-12
1251,300,1251,2090.83,2025-09-16
1252,90,1252,2691.74,2025-04-28
1253,142,1253,2499.31,2025-05-12
1254,183,1254,2590.91,2025-08-05
1255,114,1255,1372.08,2025-05-29
1256,81,1256,2129.54,2025-05-02
1257,271,1257,1347.31,2025-08-12
1258,27,1258,1148.01,2025-08-07
1259,231,1259,2515.74,2025-04-30
1260,98,1260,2306.53,2025-09-29
1261,231,1261,1627.63,2025-09-19
1262,102,1262,1265.23,2025-05-30
1263,24,1263,2872.33,2025-08-09
1264,290,1264,1324.5,2025-04-09
1265,101,1265,2998.17,2025-07-20
1266,62,1266,2882.56,2025-08-23
1267,150,1267,814.52,2025-07-21
1268,37,1268,2716.58,2025-07-14
1269,255,1269,1597.33,2025-04-30
1270,195,1270,1453.23,2025-09-19
1271,103,1271,798.78,2025-08-19
1272,76,1272,2015.93,2025-05-28
1273,247,1273,1428.65,2025-05-22
1274,150,1274,1993.38,2025-04-27
1275,211,1275,1167.17,2025-04-26
1276,32,1276,2652.25,2025-08-02
1277,288,1277,182.35,2025-06-17
1278,94,1278,2752.04,2025-09-14
1279,115,1279,1208.27,2025-04-19
1280,92,1280,1298.65,2025-08-05
1281,114,1281,2933.69,2025-07-30
1282,115,1282,2019.8,2025-09-06
1283,283,1283,1396.42,2025-08-30
1284,51,1284,2421.96,2025-07-22
1285,231,1285,1877.74,2025-05-21
1286,56,1286,2083.94,2025-05-09
1287,43,1287,2889.36,2025-10-08
1288,155,1288,1496.54,2025-06-12
1289,93,1289,1387.99,2025-09-28
1290,221,1290,1318.77,2025-08-14
1291,138,1291,1441.12,2025-09-22
1292,141,1292,2408.89,2025-06-19
1293,91,1293,876.3,2025-06-22
1294,14,1294,510.21,2025-08-01
1295,82,1295,197.35,2025-06-26
1296,239,1296,686.44,2025-09-04
1297,32,1297,1355.63,2025-07-29
1298,108,1298,1738.1,2025-07-17
1299,175,1299,2305.34,2025-05-19
1300,271,1300,2764.69,2025-04-13
1301,119,1301,743.3,2025-08-13
1302,184,1302,582.88,2025-07-02
1303,5,1303,2520.68,2025-10-04
1304,46,1304,2515.08,2025-09-30
1305,240,1305,2232.91,2025-06-20
1306,199,1306,387.2,2025-07-03
1307,200,1307,2622.14,2025-04-22
1308,107,1308,1499.96,2025-07-28
1309,238,1309,2625.63,2025-10-08
1310,102,1310,1002.37,2025-08-15
1311,246,1311,908.06,2025-04-12
1312,207,1312,780.08,2025-05-11
1313,108,1313,2317.02,2025-08-01
1314,129,1314,1004.44,2025-06-02
1315,134,1315,2810.11,2025-05-26
1316,289,1316,1977.49,2025-08-18
1317,74,1317,1069.58,2025-05-08
1318,74,1318,2787.29,2025-07-06
1319,269,1319,2392.62,2025-09-15
1320,107,1320,664.3,2025-06-27
1321,290,1321,1842.95,2025-07-30
1322,209,1322,989.41,2025-06-16
1323,125,1323,799.83,2025-04-14
1324,43,1324,1284.1,2025-08-25
1325,293,1325,2624.59,2025-05-19
1326,45,1326,1267.53,2025-07-31
1327,73,1327,2384.56,2025-04-14
1328,109,1328,812.35,2025-04-11
1329,241,1329,2725.94,2025-05-18
1330,111,1330,1395.75,2025-05-20
1331,216,1331,912.14,2025-05-27
1332,84,1332,119.41,2025-07-14
1333,183,1333,1777.64,2025-06-19
1334,278,1334,1696.34,2025-09-08
1335,49,1335,650.97,2025-09-29
1336,167,1336,1896.23,2025-06-16
1337,214,1337,1525.07,2025-09-13
1338,50,1338,1312.48,2025-08-22
1339,84,1339,1154.09,2025-04-25
1340,290,1340,2583.06,2025-06-21
1341,149,1341,1069.85,2025-06-16
1342,56,1342,1752.05,2025-06-20
1343,180,1343,265.79,2025-05-30
1344,130,1344,2677.43,2025-07-24
1345,127,1345,2394.0,2025-05-17
1346,215,1346,712.66,2025-05-22
1347,279,1347,2036.31,2025-05-18
1348,157,1348,1994.19,2025-06-06
1349,27,1349,1511.75,2025-05-26
1350,161,1350,2857.96,2025-08-26
1351,137,1351,2170.57,2025-07-05
1352,104,1352,2459.79,2025-07-14
1353,115,1353,1039.27,2025-04-21
1354,52,1354,1417.04,2025-06-04
1355,67,1355,768.83,2025-05-21
1356,245,1356,1419.63,2025-09-24
1357,144,1357,2255.43,2025-07-02
1358,140,1358,1169.99,2025-06-19
1359,148,1359,1851.29,2025-06-20
1360,74,1360,2531.28,2025-07-03
1361,149,1361,2392.62,2025-04-12
1362,52,1362,1270.02,2025-09-04
1363,281,1363,2233.77,2025-08-04
1364,172,1364,1389.36,2025-08-24
1365,15,1365,1655.34,2025-06-10
1366,148,1366,2276.39,2025-07-17
1367,62,1367,1430.21,2025-08-01
1368,34,1368,2704.49,2025-06-02
1369,244,1369,302.19,2025-09-16
1370,166,1370,351.91,2025-05-22
1371,220,1371,2121.66,2025-07-18
1372,212,1372,683.92,2025-04-18
1373,22,1373,653.27,2025-05-21
1374,144,1374,2433.9,2025-05-14
1375,141,1375,2525.05,2025-08-26
1376,250,1376,921.77,2025-06-19
1377,13,1377,232.27,2025-08-07
1378,130,1378,2034.62,2025-04-27
1379,70,1379,1528.55,2025-04-09
1380,114,1380,1642.01,2025-09-02
1381,13,1381,2468.03,2025-04-10
1382,15,1382,2052.48,2025-08-31
1383,189,1383,2549.03,2025-05-11
1384,165,1384,1644.6,2025-06-27
1385,245,1385,926.86,2025-08-02
1386,261,1386,1183.43,2025-07-29
1387,234,1387,1650.69,2025-07-01
1388,182,1388,822.81,2025-07-03
1389,38,1389,1177.27,2025-09-05
1390,298,1390,741.73,2025-06-07
1391,132,1391,2987.03,2025-06-10
1392,156,1392,731.69,2025-10-03
1393,111,1393,1046.73,2025-04-18
1394,284,1394,137.26,2025-06-06
1395,223,1395,113.24,2025-07-11
1396,123,1396,142.33,2025-05-22
1397,220,1397,2102.28,2025-09-18
1398,292,1398,1807.99,2025-06-08
1399,188,1399,2278.38,2025-07-15
1400,153,1400,1739.92,2025-09-22
1401,109,1401,2537.67,2025-10-01
1402,140,1402,1357.97,2025-08-08
1403,136,1403,1134.0,2025-06-04
1404,130,1404,1455.07,2025-07-30
1405,61,1405,1823.32,2025-08-17
1406,97,1406,2232.41,2025-04-11
1407,189,1407,1271.46,2025-09-04
1408,185,1408,2969.54,2025-08-12
1409,84,1409,1606.17,2025-07-03
1410,11,1410,761.77,2025-08-22
1411,221,1411,2634.08,2025-07-07
1412,84,1412,2346.04,2025-04-20
1413,258,1413,2963.62,2025-06-28
1414,8,1414,2457.05,2025-04-17
1415,243,1415,1436.01,2025-09-29
1416,133,1416,1824.22,2025-04-19
1417,287,1417,547.58,2025-06-06
1418,285,1418,103.03,2025-05-16
1419,15,1419,1535.24,2025-04-30
1420,35,1420,508.36,2025-05-03
1421,158,1421,671.07,2025-08-20
1422,167,1422,354.72,2025-09-30
1423,149,1423,2994.09,2025-06-01
1424,144,1424,394.93,2025-09-05
1425,221,1425,2963.56,2025-04-15
1426,133,1426,1183.09,2025-05-15
1427,21,1427,2566.86,2025-05-08
1428,34,1428,1380.32,2025-07-23
1429,226,1429,1979.45,2025-04-21
1430,234,1430,2755.23,2025-04-26
1431,280,1431,142.66,2025-06-23
1432,157,1432,749.4,2025-06-01
1433,286,1433,1161.67,2025-09-19
1434,237,1434,2300.42,2025-10-05
1435,119,1435,2790.8,2025-08-20
1436,138,1436,2181.6,2025-07-02
1437,24,1437,1487.58,2025-09-30
1438,248,1438,1725.27,2025-05-14
1439,213,1439,268.01,2025-04-09
1440,20,1440,2259.07,2025-05-08
1441,191,1441,576.64,2025-09-27
1442,284,1442,2873.87,2025-06-24
1443,78,1443,326.07,2025-08-30
1444,274,1444,987.51,2025-06-01
1445,100,1445,1317.67,2025-05-07
1446,210,1446,1369.88,2025-08-02
1447,94,1447,827.21,2025-07-02
1448,286,1448,2538.16,2025-04-21
1449,3,1449,815.9,2025-08-03
1450,107,1450,1276.1,2025-05-10
1451,258,1451,2024.38,2025-07-10
1452,46,1452,1095.72,2025-08-06
1453,113,1453,2127.02,2025-05-19
1454,227,1454,1106.1,2025-09-17
1455,6,1455,1086.99,2025-06-05
1456,27,1456,1909.63,2025-09-11
1457,237,1457,2380.42,2025-09-15
1458,297,1458,2503.27,2025-07-18
1459,79,1459,536.16,2025-08-08
1460,243,1460,1569.4,2025-05-14
1461,68,1461,598.43,2025-09-19
1462,44,1462,152.07,2025-06-02
1463,183,1463,695.58,2025-06-14
1464,226,1464,2409.05,2025-07-27
1465,75,1465,752.71,2025-07-27
1466,285,1466,2201.74,2025-04-11
1467,181,1467,1965.39,2025-06-30
1468,296,1468,2969.3,2025-05-10
1469,141,1469,660.08,2025-04-09
1470,91,1470,1437.28,2025-05-28
1471,259,1471,605.38,2025-09-20
1472,11,1472,141.6,2025-06-12
1473,9,1473,2427.6,2025-10-08
1474,282,1474,1324.46,2025-07-26
1475,107,1475,2440.28,2025-07-16
1476,123,1476,773.27,2025-06-17
1477,129,1477,967.25,2025-08-01
1478,229,1478,717.31,2025-10-06
1479,141,1479,1810.77,2025-04-20
1480,235,1480,614.44,2025-07-09
1481,22,1481,731.4,2025-08-12
1482,172,1482,398.17,2025-08-23
1483,78,1483,2322.89,2025-06-21
1484,239,1484,2632.99,2025-06-22
1485,110,1485,2530.49,2025-04-27
1486,201,1486,635.23,2025-05-21
1487,56,1487,2481.31,2025-09-09
1488,17,1488,2727.43,2025-07-06
1489,253,1489,1909.98,2025-09-06
1490,100,1490,2102.94,2025-04-15
1491,190,1491,1724.24,2025-08-29
1492,176,1492,971.41,2025-05-30
1493,268,1493,1002.55,2025-10-06
1494,23,1494,2438.0,2025-07-19
1495,300,1495,773.51,2025-04-13
1496,9,1496,1399.5,2025-07-13
1497,222,1497,845.39,2025-05-07
1498,83,1498,290.37,2025-06-01
1499,267,1499,574.45,2025-05-14
1500,248,1500,2511.2,2025-08-20
1501,290,1501,1746.78,2025-06-14
1502,247,1502,2728.94,2025-07-01
1503,158,1503,703.42,2025-04-27
1504,229,1504,627.54,2025-07-17
1505,135,1505,144.17,2025-08-30
1506,185,1506,458.72,2025-04-14
1507,67,1507,2602.79,2025-06-28
1508,196,1508,1429.39,2025-10-06
1509,253,1509,1967.09,2025-07-04
1510,213,1510,656.27,2025-05-27
1511,58,1511,1731.72,2025-09-09
1512,174,1512,1547.45,2025-07-04
1513,123,1513,993.63,2025-05-04
1514,230,1514,834.93,2025-08-30
1515,159,1515,2161.36,2025-08-17
1516,248,1516,2346.99,2025-05-26
1517,14,1517,2012.69,2025-08-21
1518,153,1518,876.66,2025-07-17
1519,95,1519,320.82,2025-09-07
1520,203,1520,400.26,2025-08-04
1521,191,1521,1487.2,2025-09-18
1522,136,1522,934.33,2025-09-08
1523,191,1523,2332.71,2025-05-29
1524,146,1524,1505.01,2025-06-20
1525,119,1525,1373.58,2025-07-24
1526,67,1526,1573.13,2025-10-08
1527,107,1527,994.62,2025-04-17
1528,272,1528,689.39,2025-08-07
1529,198,1529,1538.0,2025-09-20
1530,17,1530,2169.7,2025-09-22
1531,37,1531,1096.21,2025-07-25
1532,163,1532,1238.11,2025-05-28
1533,19,1533,1984.3,2025-04-27
1534,119,1534,661.04,2025-05-18
1535,299,1535,1725.51,2025-04-27
1536,248,1536,53.44,2025-09-13
1537,86,1537,1667.79,2025-10-03
1538,134,1538,2614.69,2025-07-21
1539,116,1539,645.21,2025-06-05
1540,27,1540,2115.34,2025-06-29
1541,146,1541,1141.72,2025-07-10
1542,174,1542,560.95,2025-07-29
1543,223,1543,415.99,2025-04-14
1544,91,1544,595.41,2025-08-23
1545,284,1545,2997.58,2025-08-01
1546,187,1546,119.74,2025-07-03
1547,115,1547,2645.98,2025-05-06
1548,42,1548,284.9,2025-09-25
1549,55,1549,2895.6,2025-09-13
1550,229,1550,1037.05,2025-09-29
1551,300,1551,2724.66,2025-06-25
1552,239,1552,119.74,2025-05-30
1553,53,1553,2046.25,2025-09-03
1554,76,1554,967.34,2025-04-27
1555,83,1555,1192.55,2025-05-24
1556,209,1556,1470.24,2025-09-24
1557,153,1557,272.92,2025-09-14
1558,215,1558,2642.03,2025-07-06
1559,238,1559,505.23,2025-08-26
1560,287,1560,1253.46,2025-10-03
1561,28,1561,2987.13,2025-05-04
1562,44,1562,1034.22,2025-09-27
1563,110,1563,2832.99,2025-04-13
1564,33,1564,2408.88,2025-09-09
1565,271,1565,1860.38,2025-06-28
1566,161,1566,2288.71,2025-05-12
1567,162,1567,2210.59,2025-04-13
1568,120,1568,670.51,2025-07-06
1569,268,1569,1323.84,2025-05-04
1570,152,1570,1397.4,2025-09-20
1571,197,1571,2703.12,2025-04-24
1572,195,1572,901.24,2025-08-03
1573,133,1573,852.79,2025-08-20
1574,4,1574,1916.67,2025-10-01
1575,126,1575,1131.14,2025-07-11
1576,22,1576,1178.45,2025-07-28
1577,166,1577,2623.15,2025-05-15
1578,227,1578,1835.89,2025-10-01
1579,236,1579,279.28,2025-09-27
1580,94,1580,2644.64,2025-07-10
1581,130,1581,1063.57,2025-05-29
1582,230,1582,1256.15,2025-04-26
1583,233,1583,1167.38,2025-05-28
1584,186,1584,2090.61,2025-08-15
1585,14,1585,2893.97,2025-09-23
1586,276,1586,1698.94,2025-05-23
1587,226,1587,888.42,2025-04-23
1588,263,1588,716.84,2025-07-24
1589,8,1589,1619.13,2025-10-08
1590,89,1590,104.65,2025-05-31
1591,21,1591,2668.82,2025-06-17
1592,22,1592,375.63,2025-04-29
1593,56,1593,2404.4,2025-07-19
1594,268,1594,2891.46,2025-07-24
1595,170,1595,1347.96,2025-05-14
1596,299,1596,2297.2,2025-09-13
1597,136,1597,1174.87,2025-08-28
1598,252,1598,1380.7,2025-05-30
1599,204,1599,303.19,2025-09-25
1600,63,1600,2503.75,2025-05-19
1601,290,1601,600.39,2025-06-16
1602,100,1602,807.68,2025-08-08
1603,194,1603,1253.86,2025-04-23
1604,61,1604,2159.66,2025-09-07
1605,191,1605,1184.79,2025-07-06
1606,275,1606,135.79,2025-05-06
1607,32,1607,885.82,2025-09-25
1608,87,1608,2670.47,2025-06-06
1609,19,1609,54.72,2025-04-28
1610,270,1610,2724.49,2025-06-17
1611,81,1611,316.32,2025-08-08
1612,26,1612,191.94,2025-09-06
1613,210,1613,2678.47,2025-06-06
1614,147,1614,2610.89,2025-04-11
1615,299,1615,2667.82,2025-07-03
1616,287,1616,969.77,2025-05-24
1617,214,1617,1327.97,2025-04-15
1618,244,1618,2542.15,2025-09-26
1619,277,1619,833.01,2025-08-12
1620,199,1620,1130.69,2025-07-11
1621,127,1621,213.63,2025-04-25
1622,253,1622,1284.02,2025-04-18
1623,236,1623,1535.59,2025-04-28
1624,261,1624,2904.06,2025-07-03
1625,295,1625,2616.74,2025-07-25
1626,130,1626,628.62,2025-05-04
1627,265,1627,1125.93,2025-07-22
1628,85,1628,2097.44,2025-07-26
1629,233,1629,1088.43,2025-04-10
1630,255,1630,940.09,2025-08-29
1631,237,1631,2421.87,2025-08-31
1632,168,1632,794.96,2025-04-28
1633,170,1633,1193.94,2025-06-12
1634,162,1634,1714.36,2025-07-28
1635,189,1635,2149.92,2025-09-08
1636,106,1636,1714.37,2025-04-15
1637,36,1637,536.37,2025-06-21
1638,273,1638,359.02,2025-07-23
1639,173,1639,1206.48,2025-07-12
1640,25,1640,2194.11,2025-04-30
1641,230,1641,1821.52,2025-06-01
1642,17,1642,1827.38,2025-04-27
1643,159,1643,2219.2,2025-07-04
1644,157,1644,2683.44,2025-10-02
1645,252,1645,386.45,2025-06-10
1646,109,1646,2615.43,2025-05-25
1647,293,1647,2329.24,2025-05-20
1648,24,1648,1359.28,2025-06-23
1649,55,1649,380.97,2025-09-30
1650,11,1650,1372.87,2025-09-07
1651,246,1651,1838.07,2025-07-13
1652,165,1652,2103.32,2025-09-09
1653,144,1653,1453.82,2025-06-29
1654,147,1654,1896.35,2025-05-06
1655,229,1655,2919.75,2025-04-28
1656,17,1656,295.14,2025-06-07
1657,274,1657,2472.49,2025-08-01
1658,64,1658,504.3,2025-09-30
1659,158,1659,294.36,2025-07-20
1660,283,1660,363.02,2025-06-20
1661,161,1661,2999.48,2025-06-13
1662,139,1662,1944.97,2025-09-06
1663,248,1663,1231.73,2025-08-25
1664,119,1664,1645.93,2025-07-22
1665,218,1665,2661.95,2025-07-19
1666,300,1666,1461.25,2025-09-18
1667,187,1667,1353.89,2025-08-22
1668,159,1668,399.59,2025-09-04
1669,20,1669,1457.73,2025-06-02
1670,76,1670,392.31,2025-06-12
1671,165,1671,2803.87,2025-05-05
1672,68,1672,205.15,2025-07-22
1673,179,1673,2962.45,2025-04-18
1674,178,1674,2245.27,2025-09-16
1675,262,1675,349.63,2025-06-28
1676,87,1676,1186.18,2025-08-31
1677,110,1677,707.36,2025-05-17
1678,268,1678,2943.83,2025-08-14
1679,294,1679,2322.67,2025-06-11
1680,296,1680,1351.53,2025-06-02
1681,289,1681,2116.64,2025-04-26
1682,15,1682,2958.26,2025-09-18
1683,245,1683,410.99,2025-06-02
1684,67,1684,2684.63,2025-06-24
1685,281,1685,297.55,2025-07-03
1686,218,1686,1935.68,2025-04-13
1687,71,1687,2373.62,2025-08-12
1688,115,1688,1895.73,2025-08-25
1689,282,1689,1107.62,2025-08-06
1690,171,1690,1609.5,2025-05-26
1691,194,1691,2614.29,2025-04-22
1692,295,1692,225.88,2025-04-09
1693,24,1693,1262.46,2025-06-30
1694,95,1694,404.68,2025-09-03
1695,245,1695,1211.86,2025-05-10
1696,124,1696,2251.54,2025-05-04
1697,141,1697,1388.5,2025-04-21
1698,136,1698,805.99,2025-05-26
1699,3,1699,1716.58,2025-05-13
1700,42,1700,870.39,2025-05-19
1701,274,1701,2162.44,2025-10-01
1702,132,1702,1537.88,2025-09-24
1703,130,1703,768.44,2025-09-17
1704,268,1704,176.44,2025-07-23
1705,117,1705,2307.23,2025-09-16
1706,231,1706,1291.16,2025-04-23
1707,94,1707,2623.53,2025-08-23
1708,111,1708,2124.83,2025-10-05
1709,145,1709,2131.77,2025-06-19
1710,230,1710,2276.51,2025-09-01
1711,71,1711,1112.38,2025-08-14
1712,222,1712,342.87,2025-06-22
1713,136,1713,1948.53,2025-06-22
1714,178,1714,2121.84,2025-05-04
1715,171,1715,2042.49,2025-09-19
1716,22,1716,1740.7,2025-08-07
1717,235,1717,2309.83,2025-09-17
1718,90,1718,1301.52,2025-06-01
1719,65,1719,883.69,2025-07-02
1720,167,1720,2354.21,2025-06-30
1721,181,1721,1740.28,2025-09-08
1722,63,1722,1689.27,2025-10-02
1723,35,1723,2885.17,2025-08-24
1724,231,1724,1305.82,2025-06-04
1725,208,1725,1494.29,2025-07-22
1726,118,1726,360.81,2025-07-24
1727,91,1727,1140.97,2025-09-04
1728,279,1728,1311.2,2025-08-28
1729,235,1729,1439.9,2025-08-25
1730,183,1730,2598.56,2025-10-07
1731,126,1731,240.44,2025-09-07
1732,137,1732,937.59,2025-05-16
1733,223,1733,1671.82,2025-09-16
1734,189,1734,2577.45,2025-07-15
1735,88,1735,1155.54,2025-05-15
1736,126,1736,2843.92,2025-07-05
1737,170,1737,1555.44,2025-09-21
1738,192,1738,1401.2,2025-07-10
1739,89,1739,470.59,2025-09-26
1740,149,1740,973.12,2025-06-21
1741,231,1741,2787.74,2025-08-10
1742,40,1742,146.64,2025-07-26
1743,99,1743,814.16,2025-06-18
1744,96,1744,2995.59,2025-05-04
1745,228,1745,443.49,2025-09-15
1746,118,1746,1390.79,2025-04-18
1747,148,1747,2282.3,2025-07-18
1748,238,1748,1284.79,2025-07-11
1749,5,1749,1283.1,2025-07-03
1750,30,1750,541.27,2025-06-15
1751,46,1751,2579.31,2025-09-29
1752,49,1752,175.21,2025-06-01
1753,267,1753,1245.04,2025-07-16
1754,93,1754,1388.5,2025-07-09
1755,218,1755,2625.39,2025-09-13
1756,237,1756,1797.49,2025-06-07
1757,21,1757,1704.3,2025-10-05
1758,74,1758,464.1,2025-09-18
1759,174,1759,865.91,2025-04-28
1760,238,1760,1009.91,2025-04-21
1761,195,1761,2816.13,2025-05-20
1762,246,1762,108.91,2025-08-16
1763,246,1763,578.46,2025-06-11
1764,31,1764,2966.84,2025-09-26
1765,48,1765,1295.5,2025-07-22
1766,118,1766,1297.39,2025-09-17
1767,298,1767,2489.31,2025-07-04
1768,143,1768,2764.56,2025-09-25
1769,123,1769,1519.95,2025-05-04
1770,53,1770,118.94,2025-04-29
1771,204,1771,209.54,2025-08-19
1772,287,1772,2819.65,2025-08-20
1773,76,1773,1273.56,2025-06-09
1774,229,1774,1256.48,2025-08-16
1775,233,1775,1969.16,2025-08-14
1776,10,1776,2168.07,2025-08-29
1777,255,1777,145.65,2025-07-10
1778,106,1778,1986.5,2025-07-22
1779,193,1779,487.38,2025-08-26
1780,193,1780,662.91,2025-08-20
1781,153,1781,879.32,2025-05-21
1782,157,1782,2736.85,2025-04-12
1783,58,1783,906.64,2025-05-27
1784,124,1784,1433.48,2025-08-06
1785,203,1785,307.64,2025-04-25
1786,145,1786,2141.27,2025-05-06
1787,113,1787,2811.82,2025-04-10
1788,273,1788,2647.32,2025-04-30
1789,178,1789,2864.68,2025-10-04
1790,282,1790,1969.63,2025-08-30
1791,23,1791,2199.43,2025-08-20
1792,105,1792,1180.98,2025-04-26
1793,155,1793,2682.68,2025-07-04
1794,94,1794,2055.66,2025-04-18
1795,241,1795,383.19,2025-09-14
1796,41,1796,1959.35,2025-09-22
1797,286,1797,508.96,2025-09-24
1798,249,1798,2015.18,2025-09-18
1799,8,1799,1926.56,2025-05-14
1800,88,1800,1906.72,2025-07-13
1801,166,1801,1774.97,2025-09-28
1802,74,1802,759.82,2025-06-23
1803,242,1803,1001.32,2025-09-04
1804,39,1804,85.18,2025-07-18
1805,94,1805,1821.73,2025-06-11
1806,45,1806,2415.46,2025-09-01
1807,117,1807,1286.89,2025-07-09
1808,125,1808,364.94,2025-05-16
1809,94,1809,358.16,2025-05-08
1810,42,1810,620.95,2025-06-06
1811,74,1811,2119.15,2025-09-12
1812,292,1812,2214.3,2025-06-04
1813,17,1813,1531.3,2025-05-31
1814,105,1814,93.61,2025-05-16
1815,63,1815,2693.58,2025-05-25
1816,274,1816,375.52,2025-06-29
1817,183,1817,2876.97,2025-05-31
1818,215,1818,2761.32,2025-04-13
1819,270,1819,1320.37,2025-08-22
1820,255,1820,1635.79,2025-06-26
1821,217,1821,1193.49,2025-07-30
1822,28,1822,1115.91,2025-08-04
1823,146,1823,2428.73,2025-07-21
1824,67,1824,2994.03,2025-09-01
1825,148,1825,1973.31,2025-05-18
1826,64,1826,231.43,2025-04-12
1827,157,1827,2012.78,2025-05-30
1828,27,1828,1291.31,2025-08-11
1829,106,1829,1314.1,2025-07-08
1830,224,1830,1476.28,2025-07-08
1831,118,1831,1237.92,2025-07-26
1832,9,1832,1543.48,2025-08-13
1833,210,1833,2357.51,2025-10-04
1834,55,1834,1418.34,2025-06-10
1835,214,1835,383.9,2025-06-12
1836,15,1836,2392.86,2025-09-03
1837,2,1837,192.2,2025-07-01
1838,231,1838,1847.96,2025-08-14
1839,100,1839,1775.62,2025-06-07
1840,128,1840,730.95,2025-04-15
1841,38,1841,234.43,2025-09-25
1842,60,1842,1344.13,2025-07-04
1843,121,1843,712.93,2025-05-22
1844,153,1844,54.84,2025-10-01
1845,150,1845,2581.79,2025-06-19
1846,87,1846,2344.81,2025-07-09
1847,180,1847,1247.98,2025-04-25
1848,61,1848,1945.99,2025-10-02
1849,165,1849,1052.85,2025-05-20
1850,97,1850,321.8,2025-08-28
1851,250,1851,2726.45,2025-08-05
1852,222,1852,1209.91,2025-06-22
1853,35,1853,2733.03,2025-09-05
1854,139,1854,2237.88,2025-06-26
1855,284,1855,286.88,2025-05-18
1856,122,1856,214.76,2025-07-07
1857,284,1857,2583.15,2025-07-25
1858,126,1858,1193.99,2025-08-18
1859,205,1859,1988.56,2025-04-19
1860,99,1860,2804.37,2025-09-08
1861,213,1861,258.55,2025-07-23
1862,295,1862,2660.53,2025-06-09
1863,127,1863,2852.04,2025-09-19
1864,274,1864,2106.7,2025-05-13
1865,290,1865,1297.06,2025-06-08
1866,76,1866,2996.76,2025-05-06
1867,47,1867,2518.57,2025-09-03
1868,245,1868,2570.66,2025-06-09
1869,292,1869,2985.71,2025-04-09
1870,54,1870,2312.2,2025-10-07
1871,22,1871,2875.35,2025-05-22
1872,218,1872,2470.89,2025-06-27
1873,297,1873,2518.0,2025-07-24
1874,227,1874,2272.57,2025-07-03
1875,228,1875,1488.7,2025-09-13
1876,72,1876,357.54,2025-08-08
1877,128,1877,1062.64,2025-05-14
1878,286,1878,2277.12,2025-08-10
1879,135,1879,2680.07,2025-08-13
1880,117,1880,208.56,2025-08-18
1881,297,1881,1780.82,2025-05-06
1882,110,1882,2426.99,2025-05-22
1883,27,1883,156.47,2025-07-01
1884,63,1884,2863.93,2025-09-14
1885,222,1885,534.17,2025-10-05
1886,159,1886,2585.96,2025-09-16
1887,84,1887,853.93,2025-05-17
1888,281,1888,2344.18,2025-06-19
1889,200,1889,703.54,2025-07-26
1890,263,1890,1525.3,2025-05-27
1891,280,1891,1776.63,2025-06-19
1892,98,1892,2188.69,2025-06-22
1893,37,1893,866.08,2025-08-27
1894,289,1894,478.22,2025-07-11
1895,294,1895,774.86,2025-06-13
1896,43,1896,1628.22,2025-05-25
1897,7,1897,1945.37,2025-10-02
1898,90,1898,2293.74,2025-08-22
1899,250,1899,2847.02,2025-08-28
1900,112,1900,1194.12,2025-05-23
1901,196,1901,1828.43,2025-06-13
1902,291,1902,2315.97,2025-07-27
1903,289,1903,2632.83,2025-07-24
1904,54,1904,1335.74,2025-09-30
1905,100,1905,688.68,2025-05-19
1906,278,1906,320.93,2025-04-15
1907,300,1907,1840.82,2025-04-27
1908,32,1908,720.25,2025-09-07
1909,258,1909,1308.76,2025-07-20
1910,180,1910,2562.75,2025-04-16
1911,214,1911,1245.29,2025-04-11
1912,189,1912,2374.27,2025-05-20
1913,123,1913,265.41,2025-08-26
1914,87,1914,1295.92,2025-09-02
1915,253,1915,908.29,2025-04-21
1916,185,1916,1426.85,2025-05-18
1917,55,1917,1796.48,2025-09-07
1918,119,1918,1504.85,2025-09-17
1919,66,1919,2340.48,2025-07-06
1920,149,1920,1732.32,2025-08-09
1921,24,1921,55.42,2025-09-16
1922,129,1922,596.59,2025-05-15
1923,55,1923,1545.2,2025-08-29
1924,17,1924,2168.69,2025-09-26
1925,150,1925,855.7,2025-08-25
1926,139,1926,2072.28,2025-09-13
1927,260,1927,288.53,2025-05-12
1928,249,1928,256.16,2025-07-09
1929,18,1929,2475.01,2025-09-13
1930,130,1930,1980.52,2025-04-28
1931,88,1931,1584.98,2025-09-12
1932,125,1932,2757.42,2025-06-19
1933,274,1933,1050.02,2025-04-30
1934,175,1934,2560.0,2025-08-12
1935,294,1935,1098.66,2025-08-20
1936,267,1936,1396.98,2025-06-06
1937,206,1937,2752.25,2025-06-04
1938,36,1938,2087.61,2025-09-19
1939,12,1939,2195.74,2025-06-14
1940,295,1940,1673.26,2025-09-23
1941,207,1941,2537.1,2025-09-14
1942,78,1942,1925.41,2025-09-11
1943,115,1943,2550.02,2025-05-17
1944,36,1944,771.66,2025-06-16
1945,114,1945,237.35,2025-07-09
1946,215,1946,340.64,2025-05-23
1947,276,1947,2776.72,2025-06-24
1948,132,1948,1930.04,2025-05-13
1949,29,1949,1470.04,2025-07-27
1950,99,1950,1345.52,2025-04-27
1951,298,1951,902.27,2025-10-03
1952,167,1952,510.67,2025-09-24
1953,255,1953,449.96,2025-05-17
1954,42,1954,1985.72,2025-10-01
1955,297,1955,1834.29,2025-07-26
1956,228,1956,1182.67,2025-06-19
1957,86,1957,371.39,2025-08-05
1958,78,1958,836.05,2025-06-04
1959,76,1959,2819.19,2025-05-25
1960,7,1960,1101.35,2025-04-22
1961,7,1961,2182.37,2025-05-21
1962,172,1962,1454.33,2025-08-29
1963,102,1963,1675.12,2025-06-19
1964,143,1964,2719.37,2025-06-27
1965,271,1965,1392.62,2025-07-30
1966,55,1966,1105.84,2025-09-10
1967,43,1967,287.87,2025-09-19
1968,157,1968,889.3,2025-07-27
1969,57,1969,1954.52,2025-09-12
1970,158,1970,1765.76,2025-06-17
1971,218,1971,91.69,2025-09-09
1972,280,1972,2851.45,2025-08-02
1973,54,1973,2560.32,2025-07-05
1974,242,1974,2222.12,2025-09-22
1975,9,1975,2428.62,2025-06-03
1976,211,1976,2033.6,2025-07-29
1977,41,1977,416.78,2025-05-20
1978,90,1978,225.8,2025-04-30
1979,148,1979,2588.17,2025-04-14
1980,218,1980,1892.12,2025-09-02
1981,269,1981,1319.33,2025-09-29
1982,135,1982,1931.28,2025-09-11
1983,55,1983,1948.67,2025-07-02
1984,94,1984,571.85,2025-06-17
1985,180,1985,322.1,2025-08-09
1986,107,1986,1853.58,2025-05-10
1987,40,1987,2635.06,2025-06-10
1988,117,1988,1315.54,2025-07-30
1989,108,1989,2235.2,2025-08-21
1990,269,1990,2452.41,2025-08-27
1991,100,1991,1835.08,2025-05-03
1992,279,1992,1368.1,2025-07-10
1993,87,1993,2313.4,2025-07-12
1994,281,1994,1401.85,2025-05-10
1995,80,1995,1083.07,2025-04-22
1996,13,1996,762.93,2025-08-11
1997,263,1997,2870.32,2025-06-24
1998,79,1998,1572.76,2025-09-02
1999,229,1999,2199.64,2025-06-18
2000,175,2000,472.81,2025-09-17
2001,173,2001,1953.79,2025-06-03
2002,249,2002,296.68,2025-06-16
2003,124,2003,1979.45,2025-05-16
2004,78,2004,2602.94,2025-06-08
2005,166,2005,469.52,2025-05-31
2006,167,2006,82.88,2025-08-24
2007,77,2007,1554.95,2025-07-26
2008,86,2008,2944.28,2025-05-14
2009,94,2009,2997.9,2025-09-08
2010,67,2010,2637.26,2025-04-27
2011,73,2011,2142.29,2025-05-01
2012,7,2012,2573.13,2025-06-05
2013,219,2013,1504.72,2025-05-17
2014,262,2014,2956.31,2025-08-31
2015,100,2015,2186.34,2025-04-25
2016,77,2016,1854.16,2025-07-25
2017,157,2017,1285.99,2025-09-28
2018,91,2018,2243.97,2025-05-05
2019,219,2019,2956.35,2025-06-12
2020,241,2020,1182.28,2025-06-08
2021,83,2021,2444.26,2025-08-02
2022,291,2022,2501.56,2025-08-13
2023,267,2023,95.79,2025-07-18
2024,102,2024,1495.04,2025-07-16
2025,10,2025,1105.52,2025-10-06
2026,295,2026,2539.23,2025-09-28
2027,219,2027,1408.05,2025-08-19
2028,117,2028,1094.76,2025-05-27
2029,206,2029,1004.79,2025-05-31
2030,64,2030,2665.19,2025-09-16
2031,230,2031,1344.68,2025-04-13
2032,64,2032,1434.22,2025-08-30
2033,255,2033,1980.82,2025-08-22
2034,170,2034,1672.07,2025-08-14
2035,190,2035,1278.43,2025-05-20
2036,224,2036,1321.01,2025-08-08
2037,141,2037,1598.53,2025-05-03
2038,213,2038,1104.96,2025-09-29
2039,24,2039,1427.29,2025-08-05
2040,32,2040,2575.17,2025-10-05
2041,41,2041,496.59,2025-09-28
2042,66,2042,2544.28,2025-05-10
2043,189,2043,2489.67,2025-06-21
2044,151,2044,472.4,2025-05-03
2045,188,2045,2951.27,2025-06-28
2046,289,2046,695.8,2025-09-22
2047,145,2047,1791.91,2025-06-10
2048,255,2048,1411.72,2025-06-26
2049,55,2049,168.47,2025-08-04
2050,80,2050,2695.86,2025-07-15
2051,124,2051,1892.68,2025-07-09
2052,116,2052,2854.29,2025-05-27
2053,74,2053,2954.04,2025-08-22
2054,46,2054,201.15,2025-06-16
2055,238,2055,2775.75,2025-05-20
2056,201,2056,2736.58,2025-09-28
2057,65,2057,2927.18,2025-09-12
2058,215,2058,1599.94,2025-05-01
2059,88,2059,1372.74,2025-09-03
2060,207,2060,2615.79,2025-06-22
2061,282,2061,134.92,2025-06-02
2062,166,2062,603.73,2025-07-19
2063,208,2063,1177.73,2025-04-20
2064,211,2064,2603.9,2025-09-08
2065,251,2065,2741.46,2025-06-07
2066,121,2066,205.86,2025-08-10
2067,195,2067,1621.09,2025-08-24
2068,116,2068,1720.37,2025-04-28
2069,163,2069,2273.97,2025-06-17
2070,199,2070,1331.08,2025-06-20
2071,170,2071,1932.74,2025-08-20
2072,58,2072,398.43,2025-07-17
2073,267,2073,2678.76,2025-08-01
2074,201,2074,645.52,2025-06-21
2075,234,2075,1267.07,2025-09-02
2076,124,2076,1306.68,2025-10-04
2077,103,2077,1933.43,2025-08-25
2078,249,2078,551.67,2025-05-02
2079,275,2079,568.59,2025-10-06
2080,49,2080,1888.82,2025-04-27
2081,227,2081,610.82,2025-09-27
2082,172,2082,1894.54,2025-09-01
2083,18,2083,1596.47,2025-09-06
2084,147,2084,2170.56,2025-04-15
2085,125,2085,1785.97,2025-07-06
2086,175,2086,265.71,2025-05-08
2087,140,2087,2517.43,2025-09-30
2088,210,2088,2549.12,2025-10-08
2089,188,2089,2231.34,2025-09-12
2090,134,2090,483.41,2025-05-09
2091,56,2091,209.74,2025-06-02
2092,86,2092,1375.18,2025-09-29
2093,6,2093,1592.24,2025-07-30
2094,13,2094,2708.18,2025-05-26
2095,178,2095,2433.78,2025-08-25
2096,60,2096,2299.79,2025-10-03
2097,50,2097,1714.19,2025-05-10
2098,177,2098,313.99,2025-08-15
2099,98,2099,314.15,2025-04-27
2100,255,2100,1354.0,2025-07-16
2101,272,2101,822.28,2025-07-17
2102,159,2102,582.83,2025-08-17
2103,274,2103,1126.58,2025-07-31
2104,212,2104,2677.13,2025-09-14
2105,156,2105,1739.93,2025-06-18
2106,45,2106,737.28,2025-09-04
2107,15,2107,2527.64,2025-07-24
2108,87,2108,2864.33,2025-06-17
2109,116,2109,309.37,2025-08-16
2110,2,2110,1570.23,2025-07-05
2111,69,2111,2599.17,2025-05-06
2112,99,2112,1541.02,2025-05-10
2113,233,2113,2706.14,2025-09-24
2114,245,2114,2755.0,2025-06-15
2115,152,2115,2758.34,2025-04-14
2116,249,2116,295.1,2025-10-02
2117,32,2117,1421.6,2025-08-13
2118,288,2118,2024.38,2025-04-11
2119,197,2119,636.13,2025-08-11
2120,137,2120,2067.18,2025-07-28
2121,187,2121,1154.75,2025-08-28
2122,149,2122,982.25,2025-09-04
2123,202,2123,1221.16,2025-08-08
2124,148,2124,1003.56,2025-06-18
2125,102,2125,513.61,2025-05-22
2126,43,2126,1902.97,2025-04-23
2127,1,2127,449.82,2025-08-24
2128,251,2128,1061.63,2025-05-31
2129,191,2129,1220.93,2025-05-02
2130,121,2130,2975.31,2025-04-09
2131,223,2131,742.02,2025-09-08
2132,125,2132,2461.24,2025-05-03
2133,113,2133,322.17,2025-07-27
2134,40,2134,512.4,2025-05-09
2135,113,2135,767.96,2025-05-07
2136,132,2136,765.59,2025-08-28
2137,239,2137,1245.05,2025-05-26
2138,285,2138,992.28,2025-07-21
2139,259,2139,1658.37,2025-08-09
2140,238,2140,447.67,2025-09-20
2141,191,2141,1241.27,2025-09-09
2142,103,2142,1438.31,2025-04-17
2143,32,2143,672.12,2025-07-15
2144,239,2144,2979.08,2025-09-25
2145,265,2145,566.2,2025-06-18
2146,1,2146,1411.36,2025-07-09
2147,243,2147,768.67,2025-06-09
2148,125,2148,2872.28,2025-05-03
2149,35,2149,1946.36,2025-05-02
2150,75,2150,952.95,2025-04-24
2151,44,2151,861.34,2025-05-06
2152,256,2152,1127.34,2025-05-15
2153,127,2153,1459.24,2025-07-26
2154,287,2154,2985.95,2025-08-26
2155,18,2155,1784.21,2025-04-30
2156,198,2156,2960.4,2025-10-08
2157,15,2157,214.32,2025-07-25
2158,251,2158,258.73,2025-09-15
2159,200,2159,2349.6,2025-08-13
2160,174,2160,1446.74,2025-08-23
2161,294,2161,1628.54,2025-09-06
2162,274,2162,1661.15,2025-09-30
2163,259,2163,749.25,2025-06-18
2164,206,2164,1367.49,2025-05-29
2165,22,2165,1524.37,2025-09-09
2166,55,2166,225.22,2025-10-05
2167,73,2167,2418.42,2025-05-31
2168,176,2168,575.46,2025-04-22
2169,6,2169,2498.12,2025-07-16
2170,269,2170,2031.18,2025-09-28
2171,114,2171,2533.1,2025-10-03
2172,203,2172,2007.76,2025-09-03
2173,30,2173,1344.07,2025-06-24
2174,300,2174,609.64,2025-05-26
2175,99,2175,2213.03,2025-09-19
2176,283,2176,2183.81,2025-09-13
2177,26,2177,929.48,2025-06-22
2178,40,2178,2638.31,2025-07-14
2179,2,2179,58.8,2025-07-05
2180,35,2180,285.51,2025-04-18
2181,176,2181,2147.89,2025-05-10
2182,248,2182,470.0,2025-05-23
2183,264,2183,217.66,2025-10-06
2184,103,2184,1052.62,2025-07-16
2185,213,2185,770.56,2025-06-11
2186,3,2186,943.44,2025-05-02
2187,116,2187,761.07,2025-04-29
2188,122,2188,2591.61,2025-09-29
2189,115,2189,2754.94,2025-08-24
2190,62,2190,2740.11,2025-08-02
2191,111,2191,2117.8,2025-09-17
2192,153,2192,609.91,2025-06-27
2193,285,2193,2034.91,2025-04-10
2194,298,2194,98.49,2025-09-15
2195,123,2195,178.97,2025-09-09
2196,254,2196,1459.77,2025-04-27
2197,4,2197,2860.11,2025-07-03
2198,201,2198,2812.98,2025-05-03
2199,113,2199,799.23,2025-08-24
2200,74,2200,2092.53,2025-07-02
2201,209,2201,2962.16,2025-04-22
2202,90,2202,2132.48,2025-09-23
2203,219,2203,63.1,2025-09-17
2204,218,2204,1618.55,2025-06-12
2205,281,2205,1135.61,2025-05-11
2206,88,2206,2058.76,2025-05-18
2207,25,2207,1615.51,2025-07-05
2208,177,2208,2803.89,2025-08-27
2209,278,2209,1754.4,2025-06-15
2210,142,2210,2786.26,2025-10-02
2211,35,2211,1568.58,2025-05-20
2212,148,2212,1171.48,2025-08-03
2213,300,2213,1248.08,2025-08-20
2214,153,2214,2082.59,2025-05-25
2215,230,2215,2536.44,2025-04-19
2216,222,2216,63.9,2025-06-18
2217,173,2217,773.98,2025-07-13
2218,135,2218,1315.69,2025-07-29
2219,91,2219,1851.82,2025-07-27
2220,293,2220,1967.09,2025-04-16
2221,239,2221,2442.49,2025-09-22
2222,215,2222,2533.09,2025-06-03
2223,265,2223,932.56,2025-08-31
2224,164,2224,1273.87,2025-10-07
2225,255,2225,2577.43,2025-09-11
2226,34,2226,234.19,2025-05-05
2227,14,2227,684.32,2025-09-05
2228,4,2228,640.59,2025-06-12
2229,17,2229,1894.19,2025-09-15
2230,105,2230,1168.31,2025-10-05
2231,71,2231,2859.45,2025-07-18
2232,176,2232,2551.95,2025-08-07
2233,249,2233,1138.35,2025-08-14
2234,244,2234,1487.69,2025-05-24
2235,5,2235,158.3,2025-04-16
2236,219,2236,2717.35,2025-09-01
2237,38,2237,2331.77,2025-04-13
2238,230,2238,129.38,2025-08-03
2239,55,2239,1261.36,2025-06-18
2240,62,2240,2837.19,2025-08-08
2241,208,2241,2641.47,2025-06-11
2242,37,2242,2059.47,2025-08-16
2243,54,2243,2288.91,2025-07-22
2244,265,2244,1630.38,2025-10-08
2245,294,2245,1832.82,2025-06-17
2246,203,2246,315.62,2025-04-17
2247,190,2247,535.71,2025-06-08
2248,295,2248,2090.58,2025-06-14
2249,13,2249,1025.68,2025-10-03
2250,91,2250,2239.87,2025-04-09
2251,17,2251,2732.92,2025-09-12
2252,244,2252,2927.3,2025-10-07
2253,65,2253,1671.0,2025-05-15
2254,146,2254,2348.77,2025-06-08
2255,108,2255,2562.45,2025-10-05
2256,240,2256,2214.73,2025-04-24
2257,65,2257,1716.18,2025-06-13
2258,9,2258,2150.59,2025-05-27
2259,265,2259,671.08,2025-08-31
2260,78,2260,2575.46,2025-07-04
2261,212,2261,1689.82,2025-04-21
2262,179,2262,2487.17,2025-05-24
2263,79,2263,2983.55,2025-07-03
2264,126,2264,491.12,2025-09-13
2265,267,2265,1882.79,2025-06-29
2266,203,2266,741.85,2025-05-24
2267,209,2267,232.3,2025-06-18
2268,71,2268,1279.41,2025-07-14
2269,91,2269,2883.65,2025-07-28
2270,182,2270,400.63,2025-06-02
2271,36,2271,590.24,2025-09-13
2272,94,2272,2534.09,2025-09-04
2273,22,2273,2262.3,2025-07-12
2274,95,2274,523.55,2025-05-18
2275,72,2275,1708.19,2025-08-06
2276,8,2276,1504.59,2025-09-21
2277,14,2277,970.11,2025-04-19
2278,2,2278,750.99,2025-07-07
2279,71,2279,340.99,2025-09-25
2280,134,2280,2332.81,2025-07-19
2281,213,2281,2823.88,2025-09-15
2282,132,2282,2543.82,2025-06-05
2283,167,2283,1140.66,2025-08-16
2284,45,2284,1053.98,2025-05-07
2285,206,2285,497.65,2025-08-01
2286,222,2286,553.17,2025-05-08
2287,31,2287,700.11,2025-07-02
2288,98,2288,1117.35,2025-07-11
2289,259,2289,988.55,2025-09-09
2290,20,2290,136.5,2025-06-03
2291,222,2291,720.07,2025-08-21
2292,115,2292,931.58,2025-09-23
2293,188,2293,2485.69,2025-09-16
2294,100,2294,2549.28,2025-06-10
2295,37,2295,619.77,2025-04-09
2296,235,2296,739.4,2025-05-13
2297,51,2297,1262.69,2025-04-17
2298,206,2298,1557.35,2025-08-10
2299,106,2299,1101.87,2025-08-21
2300,191,2300,2820.18,2025-08-07
2301,114,2301,1245.23,2025-05-29
2302,128,2302,1417.61,2025-06-13
2303,80,2303,1867.24,2025-04-18
2304,219,2304,2999.67,2025-07-13
2305,277,2305,1108.65,2025-07-11
2306,292,2306,1327.9,2025-05-26
2307,238,2307,240.95,2025-05-28
2308,26,2308,554.91,2025-07-21
2309,268,2309,2320.74,2025-09-07
2310,125,2310,609.66,2025-08-11
2311,127,2311,728.3,2025-07-27
2312,263,2312,106.36,2025-04-27
2313,199,2313,945.17,2025-05-08
2314,2,2314,914.47,2025-05-16
2315,4,2315,1362.91,2025-08-31
2316,299,2316,2802.61,2025-06-07
2317,213,2317,856.08,2025-06-03
2318,39,2318,2713.23,2025-06-20
2319,73,2319,2745.91,2025-09-23
2320,177,2320,1495.76,2025-09-20
2321,5,2321,1015.38,2025-06-06
2322,96,2322,1006.98,2025-06-25
2323,113,2323,347.24,2025-08-12
2324,35,2324,2239.81,2025-04-26
2325,48,2325,296.63,2025-08-23
2326,82,2326,158.25,2025-06-02
2327,91,2327,1171.37,2025-08-15
2328,277,2328,2331.74,2025-05-30
2329,103,2329,650.22,2025-04-19
2330,154,2330,1085.82,2025-07-28
2331,226,2331,935.31,2025-06-04
2332,32,2332,2916.57,2025-09-28
2333,143,2333,2791.16,2025-06-19
2334,91,2334,575.66,2025-06-15
2335,147,2335,1383.7,2025-10-08
2336,283,2336,1044.76,2025-07-13
2337,141,2337,2525.93,2025-07-12
2338,90,2338,898.44,2025-06-09
2339,293,2339,2027.18,2025-05-18
2340,273,2340,1726.16,2025-06-01
2341,225,2341,1545.95,2025-04-20
2342,123,2342,796.09,2025-04-25
2343,13,2343,1367.26,2025-07-29
2344,14,2344,916.91,2025-07-25
2345,79,2345,597.1,2025-05-21
2346,125,2346,925.11,2025-04-17
2347,187,2347,2502.28,2025-04-21
2348,28,2348,777.53,2025-05-03
2349,215,2349,1326.16,2025-10-04
2350,77,2350,635.5,2025-06-27
2351,4,2351,1209.8,2025-05-22
2352,168,2352,1493.98,2025-08-07
2353,185,2353,2777.73,2025-06-21
2354,69,2354,1059.48,2025-09-02
2355,274,2355,2071.97,2025-07-18
2356,128,2356,2079.47,2025-07-11
2357,196,2357,1388.54,2025-09-01
2358,67,2358,963.5,2025-06-19
2359,239,2359,1982.16,2025-09-24
2360,119,2360,1553.66,2025-06-04
2361,277,2361,1008.3,2025-07-06
2362,247,2362,1743.1,2025-05-10
2363,131,2363,1403.26,2025-09-17
2364,257,2364,1790.37,2025-09-22
2365,186,2365,802.16,2025-04-20
2366,89,2366,2169.01,2025-05-18
2367,98,2367,2680.96,2025-06-04
2368,239,2368,2315.46,2025-05-10
2369,103,2369,2039.42,2025-08-08
2370,143,2370,2671.14,2025-04-19
2371,54,2371,567.03,2025-07-28
2372,222,2372,519.2,2025-07-12
2373,125,2373,2952.85,2025-09-26
2374,297,2374,1060.36,2025-08-02
2375,105,2375,153.19,2025-05-05
2376,294,2376,1119.89,2025-05-12
2377,42,2377,1910.47,2025-04-14
2378,60,2378,2264.38,2025-05-02
2379,138,2379,248.79,2025-06-25
2380,198,2380,926.46,2025-09-15
2381,78,2381,1209.88,2025-04-27
2382,203,2382,2907.37,2025-06-17
2383,272,2383,1235.91,2025-10-06
2384,8,2384,2274.6,2025-06-15
2385,61,2385,1130.6,2025-04-29
2386,275,2386,1680.84,2025-04-10
2387,9,2387,2829.71,2025-07-30
2388,260,2388,2948.42,2025-04-17
2389,264,2389,2800.38,2025-07-24
2390,165,2390,268.66,2025-04-21
2391,184,2391,842.54,2025-04-18
2392,106,2392,238.11,2025-10-05
2393,137,2393,1362.59,2025-08-17
2394,35,2394,2577.16,2025-08-04
2395,13,2395,650.24,2025-08-01
2396,160,2396,2122.93,2025-05-06
2397,78,2397,2867.89,2025-06-11
2398,144,2398,2570.23,2025-05-19
2399,299,2399,1156.95,2025-06-09
2400,170,2400,1289.59,2025-08-19
2401,134,2401,605.08,2025-09-22
2402,185,2402,1643.19,2025-09-16
2403,104,2403,1194.14,2025-09-13
2404,49,2404,2408.96,2025-07-27
2405,218,2405,986.69,2025-09-09
2406,238,2406,2405.06,2025-07-20
2407,118,2407,1608.87,2025-09-13
2408,101,2408,2937.85,2025-06-09
2409,30,2409,1651.32,2025-07-12
2410,268,2410,1638.2,2025-08-23
2411,101,2411,1369.11,2025-09-21
2412,13,2412,1810.18,2025-09-20
2413,18,2413,2615.29,2025-06-10
2414,48,2414,283.26,2025-04-10
2415,190,2415,2857.92,2025-04-11
2416,213,2416,727.4,2025-07-13
2417,38,2417,2365.35,2025-07-10
2418,237,2418,2980.24,2025-07-23
2419,42,2419,1888.98,2025-09-07
2420,9,2420,2537.25,2025-09-26
2421,247,2421,1342.28,2025-05-22
2422,258,2422,633.27,2025-05-09
2423,146,2423,2404.38,2025-06-08
2424,202,2424,1757.99,2025-04-26
2425,10,2425,2451.35,2025-08-06
2426,136,2426,1443.98,2025-09-20
2427,68,2427,849.56,2025-04-27
2428,286,2428,1912.97,2025-04-19
2429,151,2429,604.01,2025-07-05
2430,147,2430,1573.92,2025-07-13
2431,245,2431,1880.41,2025-05-05
2432,79,2432,2653.24,2025-06-22
2433,278,2433,1968.58,2025-04-11
2434,194,2434,69.05,2025-08-28
2435,148,2435,2845.53,2025-05-13
2436,32,2436,2002.71,2025-07-29
2437,287,2437,1153.28,2025-06-19
2438,67,2438,1544.98,2025-08-10
2439,282,2439,1164.4,2025-07-02
2440,218,2440,1234.64,2025-10-06
2441,55,2441,974.24,2025-05-16
2442,14,2442,664.8,2025-07-16
2443,203,2443,293.17,2025-05-21
2444,90,2444,2288.39,2025-08-06
2445,141,2445,2428.9,2025-09-11
2446,162,2446,472.32,2025-09-02
2447,298,2447,2448.36,2025-06-11
2448,235,2448,1472.19,2025-10-07
2449,65,2449,1280.52,2025-04-25
2450,167,2450,1473.65,2025-06-14
2451,231,2451,1502.09,2025-05-18
2452,63,2452,1891.58,2025-05-03
2453,29,2453,1975.32,2025-07-26
2454,236,2454,1261.86,2025-06-17
2455,70,2455,2024.3,2025-05-15
2456,262,2456,2979.31,2025-05-08
2457,281,2457,1588.26,2025-06-18
2458,32,2458,1977.96,2025-07-04
2459,178,2459,506.9,2025-07-26
2460,94,2460,629.65,2025-04-20
2461,294,2461,1513.88,2025-07-22
2462,79,2462,2628.95,2025-05-26
2463,180,2463,2343.56,2025-09-09
2464,128,2464,2104.37,2025-09-27
2465,227,2465,1533.11,2025-10-07
2466,252,2466,1581.04,2025-08-24
2467,104,2467,2252.96,2025-05-07
2468,144,2468,186.13,2025-05-08
2469,52,2469,2987.68,2025-08-13
2470,178,2470,1387.66,2025-07-15
2471,104,2471,2193.31,2025-04-17
2472,173,2472,2557.52,2025-09-24
2473,189,2473,2496.11,2025-08-31
2474,95,2474,2475.71,2025-04-18
2475,284,2475,2126.38,2025-07-19
2476,245,2476,2445.91,2025-08-22
2477,276,2477,2807.71,2025-08-03
2478,123,2478,2748.72,2025-09-06
2479,58,2479,1760.32,2025-04-28
2480,15,2480,2467.03,2025-08-22
2481,233,2481,393.71,2025-10-08
2482,214,2482,623.42,2025-08-15
2483,145,2483,1029.46,2025-08-28
2484,276,2484,2391.08,2025-07-10
2485,212,2485,2717.0,2025-08-25
2486,156,2486,2241.18,2025-04-13
2487,65,2487,186.67,2025-06-14
2488,189,2488,2093.13,2025-06-26
2489,276,2489,1693.36,2025-07-09
2490,206,2490,2333.09,2025-09-20
2491,59,2491,706.21,2025-08-29
2492,254,2492,445.07,2025-04-20
2493,189,2493,2828.5,2025-09-21
2494,270,2494,2325.19,2025-06-11
2495,279,2495,2657.28,2025-06-02
2496,209,2496,1783.4,2025-06-14
2497,275,2497,827.58,2025-06-25
2498,227,2498,1173.98,2025-09-21
2499,203,2499,2655.67,2025-06-27
2500,16,2500,1085.51,2025-04-12
