discount_id,order_id,customer_id,discount_amount,discount_type,applied_date
1,1218,138,223.69,Seasonal,2025-06-30
2,1148,94,858.44,Percentage,2025-09-17
3,1059,184,839.42,Percentage,2025-08-04
4,1492,322,403.71,Flat,2025-04-11
5,1835,202,488.13,Flat,2025-08-27
6,1951,147,611.19,Seasonal,2025-09-07
7,401,497,359.11,Seasonal,2025-06-05
8,435,68,336.86,Seasonal,2025-06-27
9,1497,382,321.37,Flat,2025-06-04
10,1784,423,452.53,Flat,2025-08-31
11,2139,421,138.08,Percentage,2025-05-07
12,1397,190,709.21,Seasonal,2025-07-23
13,1331,117,545.1,Flat,2025-07-16
14,1643,34,679.97,Percentage,2025-07-27
15,206,414,248.67,Seasonal,2025-04-23
16,592,264,784.65,Seasonal,2025-04-13
17,1079,492,832.53,Seasonal,2025-07-06
18,1892,107,191.98,Seasonal,2025-07-08
19,813,380,96.22,Percentage,2025-06-20
20,860,249,16.45,Flat,2025-06-03
21,719,73,26.2,Flat,2025-07-13
22,1099,285,367.43,Flat,2025-06-09
23,1121,373,414.44,Seasonal,2025-07-14
24,1777,322,180.81,Flat,2025-05-07
25,2399,147,591.54,Percentage,2025-07-18
26,104,415,68.93,Percentage,2025-06-08
27,2199,310,792.35,Flat,2025-07-14
28,2240,270,963.12,Flat,2025-07-04
29,1044,98,429.08,Seasonal,2025-05-08
30,2052,25,832.62,Flat,2025-04-16
31,2467,473,277.96,Flat,2025-06-01
32,717,149,121.87,Percentage,2025-05-28
33,2479,206,234.02,Seasonal,2025-05-09
34,622,331,549.95,Seasonal,2025-06-24
35,487,260,103.17,Percentage,2025-04-23
36,1986,326,491.07,Flat,2025-04-25
37,975,23,948.82,Percentage,2025-09-16
38,1609,463,856.35,Seasonal,2025-08-10
39,226,425,620.78,Percentage,2025-08-24
40,641,53,446.48,Seasonal,2025-08-16
41,715,471,592.51,Flat,2025-05-09
42,1666,377,23.72,Seasonal,2025-04-10
43,2384,470,135.33,Seasonal,2025-06-29
44,1351,54,592.53,Flat,2025-10-02
45,416,443,683.87,Percentage,2025-09-05
46,674,103,982.22,Flat,2025-08-23
47,681,269,937.25,Seasonal,2025-09-07
48,1177,75,352.94,Flat,2025-09-28
49,475,189,455.4,Percentage,2025-05-02
50,1856,142,857.22,Seasonal,2025-05-22
51,1918,25,227.85,Flat,2025-06-12
52,398,334,955.21,Flat,2025-07-12
53,1024,495,238.28,Flat,2025-09-22
54,1159,251,862.44,Seasonal,2025-08-21
55,2121,111,721.88,Percentage,2025-05-16
56,1201,372,607.13,Flat,2025-07-12
57,1878,1,17.69,Flat,2025-07-22
58,802,240,461.71,Seasonal,2025-05-07
59,733,133,892.59,Percentage,2025-08-26
60,1678,179,855.62,Flat,2025-07-14
61,1195,491,679.54,Percentage,2025-09-04
62,169,145,415.5,Percentage,2025-07-28
63,1236,144,754.81,Seasonal,2025-08-04
64,792,498,992.54,Seasonal,2025-05-26
65,1629,60,878.15,Flat,2025-07-03
66,2020,129,64.26,Seasonal,2025-09-25
67,246,73,300.96,Seasonal,2025-07-27
68,534,132,470.73,Flat,2025-09-01
69,1280,332,236.55,Percentage,2025-04-09
70,662,194,572.28,Seasonal,2025-09-22
71,444,460,631.34,Flat,2025-06-12
72,753,105,383.38,Percentage,2025-08-13
73,1257,85,770.57,Seasonal,2025-06-02
74,1896,485,907.8,Seasonal,2025-06-25
75,2354,469,232.28,Flat,2025-08-18
76,1158,487,903.19,Flat,2025-09-09
77,344,314,277.25,Flat,2025-05-20
78,2378,137,576.19,Flat,2025-05-15
79,196,6,373.09,Percentage,2025-08-18
80,868,466,454.62,Seasonal,2025-05-10
81,2133,171,273.39,Seasonal,2025-09-26
82,937,205,357.37,Seasonal,2025-08-21
83,861,473,694.77,Flat,2025-09-30
84,1200,466,412.17,Seasonal,2025-06-28
85,2395,421,798.69,Seasonal,2025-09-04
86,1005,284,696.48,Percentage,2025-05-05
87,1528,137,256.85,Seasonal,2025-09-21
88,2311,440,684.54,Percentage,2025-05-08
89,2376,286,146.75,Percentage,2025-05-30
90,1167,103,223.66,Seasonal,2025-06-15
91,1479,397,229.5,Flat,2025-09-17
92,1760,34,744.18,Flat,2025-09-06
93,2051,210,310.77,Percentage,2025-09-30
94,834,399,326.82,Flat,2025-07-28
95,1541,364,657.81,Percentage,2025-05-19
96,1945,365,64.88,Percentage,2025-08-10
97,604,372,510.9,Seasonal,2025-10-07
98,1889,254,315.55,Percentage,2025-06-19
99,161,85,953.71,Seasonal,2025-05-14
100,327,200,301.59,Seasonal,2025-08-05
101,71,239,953.55,Flat,2025-08-09
102,553,343,465.25,Flat,2025-07-23
103,580,5,175.05,Seasonal,2025-04-15
104,1006,178,585.48,Seasonal,2025-07-30
105,832,355,724.73,Seasonal,2025-08-18
106,1294,146,185.24,Seasonal,2025-05-21
107,292,484,488.36,Percentage,2025-06-03
108,2118,127,474.14,Percentage,2025-04-18
109,2422,317,291.28,Percentage,2025-08-23
110,40,151,687.84,Seasonal,2025-09-27
111,2497,123,177.07,Seasonal,2025-07-14
112,90,437,325.35,Percentage,2025-04-15
113,1436,27,577.19,Flat,2025-08-24
114,438,437,308.77,Percentage,2025-05-31
115,858,237,474.35,Flat,2025-06-21
116,366,243,665.72,Flat,2025-06-21
117,524,40,433.62,Seasonal,2025-08-16
118,1861,305,466.84,Percentage,2025-08-05
119,788,276,204.4,Percentage,2025-07-04
120,1572,467,910.99,Seasonal,2025-08-20
121,2177,497,711.5,Seasonal,2025-08-25
122,1817,48,698.14,Flat,2025-05-05
123,2003,183,727.15,Flat,2025-10-08
124,1090,126,592.65,Percentage,2025-05-23
125,3,134,305.09,Seasonal,2025-07-14
126,2458,493,986.52,Flat,2025-06-09
127,1532,159,520.29,Flat,2025-04-12
128,1919,321,496.89,Seasonal,2025-06-08
129,2157,199,691.86,Seasonal,2025-05-24
130,1324,91,350.91,Percentage,2025-09-30
131,508,395,154.23,Seasonal,2025-05-09
132,2140,156,322.86,Percentage,2025-09-25
133,1512,362,827.02,Flat,2025-10-04
134,2147,87,589.73,Flat,2025-09-14
135,2348,254,934.92,Seasonal,2025-08-05
136,2369,420,445.04,Percentage,2025-05-30
137,2222,283,41.26,Seasonal,2025-08-23
138,210,344,551.83,Percentage,2025-07-30
139,1637,418,619.81,Flat,2025-07-19
140,2154,143,435.86,Flat,2025-08-10
141,1781,385,69.29,Seasonal,2025-04-10
142,668,278,955.91,Percentage,2025-10-05
143,259,13,243.35,Flat,2025-04-25
144,1018,145,464.87,Percentage,2025-06-01
145,2071,205,964.32,Seasonal,2025-04-22
146,794,74,108.9,Percentage,2025-04-12
147,329,355,811.1,Flat,2025-06-30
148,1301,241,75.95,Seasonal,2025-05-17
149,1182,72,525.91,Percentage,2025-06-27
150,141,360,911.45,Seasonal,2025-09-04
151,1115,180,597.29,Flat,2025-10-03
152,2494,106,127.6,Percentage,2025-05-29
153,155,58,747.95,Seasonal,2025-05-17
154,154,203,782.86,Percentage,2025-07-01
155,2065,289,782.01,Percentage,2025-09-26
156,1180,406,395.03,Seasonal,2025-07-04
157,1083,315,497.0,Percentage,2025-09-12
158,519,71,493.06,Percentage,2025-05-05
159,61,36,710.93,Seasonal,2025-07-28
160,977,265,76.95,Flat,2025-09-15
161,1863,318,830.37,Percentage,2025-07-13
162,1251,452,265.47,Percentage,2025-06-22
163,2441,190,166.36,Percentage,2025-04-28
164,2092,472,531.2,Flat,2025-07-27
165,2453,167,568.52,Flat,2025-05-07
166,2078,67,395.43,Seasonal,2025-06-07
167,172,471,691.9,Percentage,2025-05-31
168,247,422,222.48,Seasonal,2025-07-03
169,328,184,574.23,Percentage,2025-06-08
170,790,253,428.9,Flat,2025-07-23
171,1191,305,369.73,Percentage,2025-09-19
172,337,240,562.74,Percentage,2025-06-02
173,995,108,199.65,Percentage,2025-05-05
174,1778,232,733.0,Seasonal,2025-08-06
175,313,474,844.66,Seasonal,2025-04-20
176,1143,1,970.17,Seasonal,2025-07-26
177,2478,341,329.59,Flat,2025-07-07
178,1035,391,266.74,Flat,2025-09-05
179,41,211,618.83,Flat,2025-04-27
180,1762,474,53.92,Percentage,2025-04-10
181,974,321,797.9,Flat,2025-07-05
182,1102,330,462.81,Seasonal,2025-05-14
183,1383,64,183.63,Seasonal,2025-06-13
184,1830,319,641.56,Flat,2025-08-25
185,1086,407,102.44,Flat,2025-08-22
186,2164,185,363.61,Flat,2025-08-02
187,303,398,396.34,Flat,2025-07-19
188,1944,128,786.52,Percentage,2025-04-15
189,904,341,832.2,Flat,2025-07-08
190,924,378,363.62,Seasonal,2025-09-26
191,1374,278,416.01,Flat,2025-10-02
192,2119,155,719.58,Percentage,2025-08-02
193,2377,292,226.58,Seasonal,2025-05-08
194,2055,330,277.51,Seasonal,2025-09-02
195,1275,461,188.52,Flat,2025-07-09
196,1915,314,380.24,Percentage,2025-05-09
197,514,307,815.0,Percentage,2025-07-11
198,467,472,723.16,Flat,2025-08-17
199,1320,465,710.78,Percentage,2025-09-27
200,72,271,502.06,Seasonal,2025-06-11
201,243,354,684.46,Seasonal,2025-06-19
202,703,140,309.27,Seasonal,2025-08-12
203,2389,460,645.69,Flat,2025-08-05
204,661,336,171.04,Flat,2025-06-16
205,910,394,523.08,Flat,2025-05-10
206,2112,42,880.26,Flat,2025-08-18
207,1600,122,376.35,Flat,2025-10-01
208,820,234,482.45,Flat,2025-06-14
209,1916,169,421.48,Seasonal,2025-04-19
210,1535,211,666.39,Percentage,2025-06-15
211,1897,473,882.26,Flat,2025-04-15
212,645,5,81.96,Seasonal,2025-09-26
213,1847,379,89.05,Flat,2025-08-17
214,324,366,888.0,Percentage,2025-07-15
215,353,305,998.31,Percentage,2025-10-06
216,2352,426,339.31,Flat,2025-05-26
217,485,119,845.44,Flat,2025-04-13
218,1829,125,746.54,Seasonal,2025-04-19
219,2180,44,653.72,Percentage,2025-04-09
220,585,331,166.8,Percentage,2025-10-04
221,1464,46,619.83,Flat,2025-05-16
222,291,447,734.86,Seasonal,2025-09-16
223,1157,32,795.62,Percentage,2025-09-06
224,2387,125,209.13,Seasonal,2025-06-11
225,280,315,197.94,Flat,2025-04-17
226,1388,148,940.15,Percentage,2025-04-29
227,682,244,528.3,Flat,2025-07-10
228,573,283,219.13,Flat,2025-07-22
229,655,146,599.53,Percentage,2025-09-27
230,109,95,586.3,Seasonal,2025-04-21
231,1420,116,997.78,Seasonal,2025-07-05
232,1871,77,407.42,Seasonal,2025-08-31
233,235,227,440.37,Percentage,2025-08-11
234,1029,30,888.52,Flat,2025-05-14
235,925,145,124.91,Seasonal,2025-04-23
236,331,385,905.68,Flat,2025-04-23
237,770,266,204.31,Seasonal,2025-09-18
238,2238,233,802.12,Percentage,2025-06-27
239,1261,140,943.3,Seasonal,2025-08-01
240,2416,378,555.34,Flat,2025-07-25
241,883,424,523.77,Percentage,2025-06-30
242,902,221,150.45,Seasonal,2025-10-02
243,1002,216,539.8,Flat,2025-06-15
244,615,143,235.83,Seasonal,2025-05-08
245,2208,22,636.85,Seasonal,2025-05-01
246,941,483,923.85,Flat,2025-04-16
247,225,14,494.81,Percentage,2025-05-13
248,964,424,338.51,Seasonal,2025-07-20
249,736,29,100.75,Percentage,2025-09-02
250,1879,64,623.02,Flat,2025-05-11
251,660,218,773.23,Percentage,2025-09-30
252,147,320,77.35,Seasonal,2025-04-25
253,2418,476,479.78,Flat,2025-04-09
254,1549,88,725.33,Percentage,2025-06-24
255,2382,62,976.32,Flat,2025-06-11
256,1582,408,518.5,Percentage,2025-07-14
257,1613,406,198.3,Percentage,2025-09-21
258,1989,369,404.84,Seasonal,2025-04-25
259,1691,461,403.37,Percentage,2025-06-15
260,1471,330,597.92,Flat,2025-07-17
261,274,473,220.21,Flat,2025-07-20
262,2381,149,278.56,Flat,2025-05-02
263,2134,398,305.14,Flat,2025-10-02
264,1447,29,245.64,Flat,2025-05-08
265,917,88,808.78,Percentage,2025-08-28
266,1493,24,598.8,Flat,2025-07-09
267,498,461,951.26,Seasonal,2025-05-21
268,716,49,561.3,Seasonal,2025-08-12
269,803,309,506.1,Seasonal,2025-09-28
270,1981,364,825.11,Percentage,2025-08-26
271,722,264,593.25,Flat,2025-06-29
272,260,87,753.17,Percentage,2025-05-29
273,1559,15,446.34,Percentage,2025-10-05
274,539,108,963.98,Percentage,2025-07-28
275,1887,421,962.35,Flat,2025-08-03
276,680,352,728.06,Flat,2025-09-05
277,1437,257,645.45,Percentage,2025-06-01
278,2436,237,571.97,Percentage,2025-06-30
279,1771,295,16.9,Seasonal,2025-06-01
280,2431,204,926.54,Seasonal,2025-04-19
281,271,473,471.27,Percentage,2025-05-25
282,2251,405,164.86,Seasonal,2025-06-02
283,2264,393,397.21,Percentage,2025-07-07
284,1190,409,545.47,Flat,2025-08-19
285,2116,391,56.01,Flat,2025-09-14
286,1605,326,531.33,Percentage,2025-09-21
287,2227,40,919.36,Percentage,2025-08-24
288,410,183,175.98,Percentage,2025-09-26
289,2256,133,999.93,Flat,2025-06-21
290,893,500,278.0,Flat,2025-07-22
291,619,336,295.21,Percentage,2025-05-06
292,1154,408,635.88,Seasonal,2025-07-21
293,541,145,892.14,Flat,2025-07-25
294,1206,444,916.63,Percentage,2025-04-26
295,1292,436,25.86,Seasonal,2025-05-07
296,2091,125,308.68,Flat,2025-07-21
297,370,124,607.55,Percentage,2025-09-01
298,601,361,925.47,Percentage,2025-10-01
299,2435,301,259.4,Seasonal,2025-05-24
300,1563,29,119.19,Flat,2025-10-04
301,175,356,921.56,Percentage,2025-07-04
302,2279,114,882.32,Seasonal,2025-09-13
303,1229,94,457.16,Flat,2025-10-06
304,726,418,242.44,Seasonal,2025-04-09
305,1304,31,370.15,Percentage,2025-04-24
306,191,280,407.13,Percentage,2025-05-08
307,951,244,59.32,Flat,2025-05-03
308,2007,341,325.34,Seasonal,2025-05-16
309,1126,264,625.64,Seasonal,2025-06-21
310,2410,198,143.7,Flat,2025-09-20
311,355,74,251.09,Seasonal,2025-07-13
312,46,107,423.42,Percentage,2025-07-01
313,1281,232,154.5,Flat,2025-10-06
314,828,488,568.37,Seasonal,2025-05-08
315,2019,143,850.7,Seasonal,2025-06-25
316,550,129,965.8,Percentage,2025-08-07
317,476,447,342.44,Flat,2025-06-09
318,310,495,83.42,Seasonal,2025-08-16
319,1008,486,801.89,Seasonal,2025-07-31
320,2128,439,295.09,Percentage,2025-07-13
321,2084,43,511.4,Percentage,2025-07-07
322,1568,175,656.12,Percentage,2025-09-18
323,1274,426,936.4,Percentage,2025-10-04
324,869,404,208.49,Seasonal,2025-04-10
325,2360,119,16.97,Seasonal,2025-08-30
326,273,276,627.78,Seasonal,2025-04-13
327,954,247,297.72,Flat,2025-10-02
328,2380,401,168.78,Seasonal,2025-08-21
329,873,356,505.27,Seasonal,2025-07-19
330,1042,137,549.26,Seasonal,2025-07-30
331,34,266,335.11,Seasonal,2025-07-01
332,1710,411,428.87,Seasonal,2025-07-26
333,1263,108,319.57,Seasonal,2025-06-22
334,1009,34,718.68,Flat,2025-04-25
335,1569,320,233.92,Percentage,2025-10-01
336,605,241,779.0,Seasonal,2025-06-26
337,1244,367,68.35,Seasonal,2025-05-01
338,50,239,731.56,Flat,2025-06-16
339,1408,36,147.34,Percentage,2025-08-20
340,2192,314,549.64,Percentage,2025-05-22
341,1095,496,307.19,Flat,2025-09-23
342,1117,308,313.23,Seasonal,2025-07-31
343,2326,191,334.9,Seasonal,2025-04-09
344,2391,411,842.99,Flat,2025-04-19
345,1803,62,181.67,Seasonal,2025-04-16
346,1300,333,720.82,Percentage,2025-06-24
347,1213,338,125.27,Flat,2025-09-09
348,2339,24,996.46,Percentage,2025-06-01
349,460,282,543.92,Percentage,2025-09-28
350,114,36,728.67,Percentage,2025-09-27
351,888,15,120.61,Flat,2025-05-13
352,62,200,764.23,Flat,2025-06-16
353,1494,15,503.35,Seasonal,2025-05-30
354,1183,367,336.03,Flat,2025-04-30
355,2099,191,349.09,Percentage,2025-05-22
356,301,277,203.8,Seasonal,2025-04-18
357,20,40,481.76,Seasonal,2025-08-03
358,316,336,937.17,Percentage,2025-07-17
359,1486,119,648.03,Flat,2025-06-30
360,961,349,70.07,Seasonal,2025-08-19
361,2407,218,733.36,Percentage,2025-07-28
362,112,114,261.04,Flat,2025-06-21
363,1132,450,391.77,Flat,2025-05-31
364,518,18,487.03,Percentage,2025-06-13
365,1995,229,844.83,Seasonal,2025-08-20
366,1443,185,548.43,Seasonal,2025-04-23
367,282,112,597.8,Percentage,2025-06-27
368,1728,291,140.67,Percentage,2025-07-29
369,1718,118,451.51,Percentage,2025-08-30
370,59,99,729.08,Seasonal,2025-05-23
371,1920,485,255.65,Flat,2025-09-29
372,1681,280,541.45,Percentage,2025-06-28
373,2355,323,644.17,Flat,2025-06-14
374,1821,138,690.32,Seasonal,2025-09-14
375,2242,164,251.71,Percentage,2025-04-24
376,569,462,509.26,Percentage,2025-08-20
377,907,8,906.37,Flat,2025-04-11
378,1369,164,985.51,Percentage,2025-04-24
379,1765,11,876.2,Percentage,2025-08-09
380,390,168,976.46,Seasonal,2025-05-11
381,1411,302,246.83,Percentage,2025-06-01
382,1906,409,343.59,Percentage,2025-09-28
383,1049,180,445.21,Seasonal,2025-05-05
384,2185,403,20.32,Seasonal,2025-08-28
385,242,103,988.44,Percentage,2025-09-05
386,2025,210,271.52,Percentage,2025-06-17
387,1780,263,843.38,Percentage,2025-06-28
388,1644,164,731.18,Flat,2025-06-23
389,177,197,456.66,Percentage,2025-04-11
390,1123,119,908.8,Percentage,2025-07-19
391,94,205,928.98,Flat,2025-08-26
392,290,229,91.28,Percentage,2025-09-22
393,527,347,827.22,Percentage,2025-08-03
394,735,148,556.13,Percentage,2025-10-04
395,58,420,812.15,Percentage,2025-05-07
396,2127,132,604.26,Flat,2025-09-30
397,383,426,975.99,Flat,2025-08-16
398,2271,155,347.19,Flat,2025-05-06
399,406,255,282.43,Percentage,2025-06-06
400,2249,134,619.33,Percentage,2025-07-21
401,368,277,51.02,Percentage,2025-10-04
402,709,329,802.5,Seasonal,2025-10-02
403,2014,441,578.51,Seasonal,2025-07-02
404,1702,346,581.96,Seasonal,2025-07-03
405,1622,239,554.97,Percentage,2025-06-08
406,2088,39,271.95,Flat,2025-04-25
407,1515,1,490.26,Seasonal,2025-05-19
408,492,187,778.78,Percentage,2025-08-27
409,689,445,521.09,Percentage,2025-09-14
410,1404,390,11.55,Percentage,2025-10-01
411,2049,169,183.03,Seasonal,2025-05-14
412,1854,152,300.22,Percentage,2025-07-23
413,78,228,612.66,Percentage,2025-09-09
414,1825,424,962.72,Percentage,2025-08-17
415,131,431,496.24,Seasonal,2025-08-16
416,551,458,476.32,Percentage,2025-08-19
417,75,198,18.4,Seasonal,2025-09-20
418,2470,114,69.34,Flat,2025-09-22
419,2158,55,967.58,Percentage,2025-08-02
420,1713,361,857.28,Percentage,2025-07-19
421,1607,146,35.25,Seasonal,2025-07-30
422,1021,131,152.26,Seasonal,2025-07-29
423,1692,177,375.92,Flat,2025-05-23
424,2300,318,403.21,Seasonal,2025-08-11
425,445,41,285.51,Seasonal,2025-04-17
426,1215,498,657.18,Flat,2025-09-14
427,542,140,866.58,Seasonal,2025-08-02
428,2178,478,506.69,Seasonal,2025-05-21
429,1161,113,874.01,Seasonal,2025-05-12
430,1081,425,504.65,Flat,2025-05-14
431,1412,329,444.6,Seasonal,2025-05-26
432,1210,340,518.63,Flat,2025-06-23
433,1398,147,428.18,Seasonal,2025-07-06
434,1901,43,715.55,Seasonal,2025-04-25
435,2332,284,674.08,Percentage,2025-06-29
436,1323,115,711.53,Seasonal,2025-06-16
437,1810,102,155.45,Flat,2025-07-29
438,636,91,309.61,Percentage,2025-07-21
439,510,187,20.95,Percentage,2025-06-02
440,2114,158,82.97,Percentage,2025-07-18
441,593,71,701.85,Percentage,2025-10-06
442,1909,147,49.18,Seasonal,2025-04-18
443,1046,416,379.03,Flat,2025-05-12
444,1288,109,126.42,Percentage,2025-05-07
445,2090,3,243.74,Percentage,2025-09-26
446,1543,120,271.1,Flat,2025-04-12
447,1612,231,873.39,Seasonal,2025-07-04
448,1217,293,605.91,Flat,2025-09-19
449,1537,125,304.34,Percentage,2025-09-23
450,1186,458,825.62,Seasonal,2025-05-18
451,1921,75,940.71,Flat,2025-05-12
452,1045,183,311.0,Percentage,2025-08-03
453,737,85,486.86,Flat,2025-09-13
454,558,38,821.23,Seasonal,2025-05-25
455,1742,303,800.47,Percentage,2025-08-22
456,89,314,959.22,Flat,2025-07-22
457,1184,132,32.38,Flat,2025-08-12
458,897,11,630.49,Percentage,2025-06-14
459,1886,107,819.25,Seasonal,2025-05-14
460,1250,328,39.43,Percentage,2025-08-26
461,105,476,142.56,Flat,2025-10-01
462,2075,111,471.92,Flat,2025-06-07
463,785,261,569.25,Flat,2025-06-21
464,725,22,571.73,Flat,2025-09-17
465,1400,107,579.21,Seasonal,2025-08-10
466,1028,443,241.5,Seasonal,2025-07-04
467,24,82,848.29,Percentage,2025-06-20
468,1874,299,779.38,Percentage,2025-07-11
469,2404,33,230.36,Seasonal,2025-06-23
470,2297,155,320.69,Seasonal,2025-08-02
471,497,146,283.73,Percentage,2025-06-25
472,261,276,911.02,Seasonal,2025-07-21
473,183,111,504.57,Percentage,2025-06-06
474,1776,335,758.81,Seasonal,2025-10-02
475,1593,366,743.91,Percentage,2025-07-01
476,520,367,684.34,Percentage,2025-07-28
477,1394,463,665.0,Percentage,2025-07-23
478,943,131,369.9,Seasonal,2025-06-29
479,1866,170,468.13,Percentage,2025-05-31
480,2202,471,588.28,Percentage,2025-07-19
481,1375,327,542.86,Percentage,2025-07-14
482,890,189,712.38,Flat,2025-07-07
483,1150,284,639.23,Percentage,2025-07-12
484,1354,429,338.49,Seasonal,2025-06-17
485,656,403,133.84,Percentage,2025-10-08
486,2057,165,673.61,Seasonal,2025-08-05
487,1414,369,173.48,Percentage,2025-09-19
488,376,262,719.59,Seasonal,2025-07-09
489,2161,179,876.23,Flat,2025-07-17
490,2428,339,991.87,Flat,2025-09-14
491,935,169,383.74,Flat,2025-05-10
492,322,257,624.33,Flat,2025-09-03
493,932,17,700.65,Flat,2025-09-29
494,1712,143,104.22,Flat,2025-07-18
495,1415,50,328.4,Flat,2025-05-19
496,1147,39,808.41,Percentage,2025-09-01
497,1085,480,316.43,Flat,2025-05-10
498,734,417,337.65,Percentage,2025-04-17
499,255,199,210.57,Percentage,2025-05-09
500,1527,166,238.42,Seasonal,2025-09-21
501,227,424,421.86,Seasonal,2025-05-22
502,358,114,679.58,Percentage,2025-09-12
503,948,417,967.97,Flat,2025-06-05
504,2095,79,740.42,Percentage,2025-09-05
505,1610,197,362.32,Percentage,2025-05-10
506,2305,215,153.98,Flat,2025-08-04
507,2011,362,909.6,Percentage,2025-05-25
508,807,282,507.3,Percentage,2025-05-06
509,2060,254,315.38,Seasonal,2025-10-02
510,762,220,31.0,Flat,2025-08-08
511,1638,126,108.14,Percentage,2025-08-13
512,1839,468,474.98,Flat,2025-08-19
513,756,288,50.09,Seasonal,2025-07-22
514,1012,461,132.37,Percentage,2025-07-27
515,1401,269,104.04,Flat,2025-06-27
516,208,72,531.43,Flat,2025-06-09
517,2111,61,341.3,Seasonal,2025-09-13
518,349,120,218.86,Seasonal,2025-05-17
519,470,26,460.26,Percentage,2025-09-04
520,1373,207,434.67,Seasonal,2025-09-14
521,1038,35,876.91,Seasonal,2025-04-28
522,76,498,910.88,Seasonal,2025-04-09
523,2296,113,557.18,Flat,2025-04-11
524,742,103,708.3,Seasonal,2025-08-05
525,87,469,897.59,Seasonal,2025-07-01
526,65,369,612.02,Flat,2025-06-25
527,146,410,913.16,Flat,2025-04-30
528,1594,329,914.19,Flat,2025-09-19
529,696,64,250.0,Percentage,2025-08-10
530,2050,86,123.11,Flat,2025-05-10
531,2303,348,676.53,Percentage,2025-07-06
532,2370,125,304.16,Flat,2025-08-29
533,1243,49,472.49,Flat,2025-05-30
534,1550,315,935.76,Percentage,2025-06-26
535,912,435,893.31,Flat,2025-10-06
536,231,125,690.63,Seasonal,2025-04-17
537,6,444,263.53,Seasonal,2025-06-20
538,1842,426,37.3,Seasonal,2025-08-29
539,906,172,991.73,Seasonal,2025-08-13
540,2209,393,61.14,Percentage,2025-07-24
541,1538,485,327.2,Flat,2025-06-12
542,1,441,696.11,Flat,2025-09-27
543,1522,154,454.1,Seasonal,2025-05-12
544,1746,168,843.56,Seasonal,2025-05-05
545,946,460,484.09,Percentage,2025-08-25
546,1867,150,857.56,Seasonal,2025-07-24
547,2174,386,656.4,Flat,2025-07-15
548,1037,154,753.26,Seasonal,2025-08-11
549,388,361,848.89,Seasonal,2025-09-19
550,2266,417,326.55,Seasonal,2025-07-29
551,829,280,599.37,Seasonal,2025-07-02
552,500,136,217.59,Seasonal,2025-05-27
553,1109,196,205.18,Flat,2025-06-07
554,2471,476,127.97,Percentage,2025-04-29
555,461,108,129.88,Percentage,2025-05-18
556,983,312,823.48,Percentage,2025-10-02
557,1988,2,149.5,Seasonal,2025-06-01
558,931,108,947.89,Seasonal,2025-08-22
559,1058,235,654.9,Percentage,2025-06-24
560,776,220,154.62,Flat,2025-08-07
561,1940,315,686.5,Flat,2025-07-20
562,402,74,320.13,Flat,2025-09-16
563,1545,183,189.95,Flat,2025-05-23
564,2153,498,609.34,Seasonal,2025-06-06
565,1683,29,765.44,Flat,2025-07-29
566,583,156,386.0,Seasonal,2025-04-29
567,773,52,246.19,Seasonal,2025-09-24
568,462,359,640.21,Seasonal,2025-10-06
569,1094,2,15.29,Seasonal,2025-04-10
570,160,323,780.52,Seasonal,2025-05-25
571,79,438,437.07,Percentage,2025-05-11
572,877,477,909.51,Percentage,2025-05-27
573,724,382,556.09,Seasonal,2025-09-13
574,323,221,634.91,Flat,2025-08-30
575,1072,122,523.82,Seasonal,2025-08-17
576,1910,292,387.03,Seasonal,2025-07-03
577,2093,312,849.68,Flat,2025-09-14
578,317,429,959.7,Percentage,2025-10-03
579,642,47,343.63,Seasonal,2025-07-05
580,494,149,488.49,Seasonal,2025-04-23
581,611,161,875.48,Flat,2025-07-04
582,535,393,855.61,Flat,2025-04-20
583,1954,239,620.62,Percentage,2025-04-12
584,1721,100,769.8,Flat,2025-08-05
585,281,412,683.85,Percentage,2025-08-09
586,1699,409,473.4,Percentage,2025-08-05
587,1475,39,690.89,Seasonal,2025-07-20
588,1734,52,831.74,Percentage,2025-09-24
589,1877,54,934.75,Percentage,2025-09-19
590,417,406,216.74,Seasonal,2025-07-24
591,1604,109,355.34,Flat,2025-07-23
592,486,34,271.44,Seasonal,2025-09-24
593,1489,452,554.13,Flat,2025-07-28
594,2333,344,892.29,Flat,2025-09-03
595,1647,337,391.78,Flat,2025-09-20
596,1599,326,27.74,Percentage,2025-05-13
597,1667,314,106.01,Flat,2025-05-22
598,678,339,91.99,Seasonal,2025-08-06
599,1202,194,473.18,Seasonal,2025-05-16
600,166,346,113.74,Percentage,2025-05-30
601,1564,82,309.67,Percentage,2025-04-23
602,2103,5,86.51,Percentage,2025-09-24
603,1912,376,800.23,Flat,2025-07-17
604,644,318,185.97,Flat,2025-06-09
605,1407,270,437.38,Seasonal,2025-08-05
606,621,83,669.8,Flat,2025-09-06
607,1536,353,850.58,Percentage,2025-06-20
608,185,410,902.3,Seasonal,2025-04-23
609,153,286,198.62,Percentage,2025-07-07
610,1337,167,391.82,Percentage,2025-04-24
611,876,199,886.0,Seasonal,2025-09-22
612,2430,202,764.33,Flat,2025-04-26
613,1555,342,425.09,Seasonal,2025-08-03
614,1470,362,26.01,Seasonal,2025-05-04
615,939,271,799.94,Seasonal,2025-09-11
616,1025,438,633.29,Flat,2025-06-14
617,609,479,217.3,Seasonal,2025-05-16
618,1020,55,897.01,Seasonal,2025-10-05
619,993,94,143.26,Percentage,2025-05-04
620,2216,356,539.55,Percentage,2025-09-23
621,300,47,705.61,Flat,2025-07-18
622,1454,76,993.09,Percentage,2025-08-13
623,298,328,516.51,Seasonal,2025-05-04
624,1754,206,54.26,Percentage,2025-06-24
625,882,276,174.02,Percentage,2025-08-16
626,2150,241,473.94,Flat,2025-06-05
627,1524,45,162.15,Percentage,2025-07-04
628,2319,482,231.11,Flat,2025-09-02
629,1224,229,322.67,Flat,2025-09-01
630,565,408,707.19,Percentage,2025-05-22
631,1714,358,163.4,Flat,2025-04-22
632,1694,316,646.46,Flat,2025-08-26
633,1972,295,392.91,Percentage,2025-04-27
634,1950,224,412.0,Flat,2025-05-17
635,999,474,632.92,Seasonal,2025-09-08
636,1975,384,547.43,Percentage,2025-06-09
637,2374,102,541.96,Seasonal,2025-09-11
638,2375,135,400.83,Flat,2025-05-04
639,2331,204,604.63,Percentage,2025-09-25
640,1904,296,656.53,Flat,2025-04-25
641,1645,485,962.99,Flat,2025-07-18
642,2257,112,44.7,Percentage,2025-06-23
643,1646,314,905.96,Seasonal,2025-05-07
644,537,301,308.21,Flat,2025-06-21
645,199,247,996.55,Seasonal,2025-05-22
646,618,243,88.02,Seasonal,2025-04-16
647,1062,463,52.55,Seasonal,2025-04-24
648,1342,266,457.86,Percentage,2025-06-17
649,1832,331,461.14,Percentage,2025-08-16
650,51,420,306.8,Flat,2025-08-06
651,45,318,423.89,Percentage,2025-06-12
652,1976,90,59.25,Flat,2025-09-28
653,1928,296,598.48,Seasonal,2025-06-27
654,1695,141,932.4,Percentage,2025-09-10
655,2359,401,885.29,Flat,2025-07-28
656,878,309,315.27,Seasonal,2025-05-06
657,1357,196,154.87,Flat,2025-06-25
658,562,147,860.71,Seasonal,2025-07-16
659,434,84,824.49,Percentage,2025-08-11
660,1990,283,278.46,Seasonal,2025-06-30
661,1851,43,937.28,Flat,2025-08-25
662,908,132,495.13,Seasonal,2025-05-11
663,1838,407,398.93,Flat,2025-09-02
664,507,103,337.64,Seasonal,2025-04-13
665,2191,462,103.57,Percentage,2025-05-29
666,1592,75,877.38,Flat,2025-04-13
667,334,197,273.35,Seasonal,2025-04-18
668,702,207,797.66,Percentage,2025-08-13
669,375,382,545.38,Seasonal,2025-08-03
670,2047,117,346.17,Flat,2025-06-04
671,335,319,994.11,Seasonal,2025-05-31
672,1626,256,907.77,Percentage,2025-05-03
673,130,23,733.47,Seasonal,2025-07-26
674,1890,192,432.28,Percentage,2025-05-22
675,44,245,164.45,Flat,2025-06-02
676,1165,267,330.9,Percentage,2025-06-20
677,1547,396,57.85,Percentage,2025-05-27
678,1416,457,424.34,Flat,2025-07-04
679,1473,468,654.04,Seasonal,2025-07-28
680,2170,490,237.43,Percentage,2025-07-24
681,455,38,946.6,Flat,2025-09-17
682,1071,64,20.73,Seasonal,2025-05-20
683,2080,225,298.6,Seasonal,2025-07-26
684,463,372,819.07,Flat,2025-06-06
685,1269,335,720.19,Percentage,2025-07-24
686,1366,370,435.33,Percentage,2025-04-16
687,1876,322,204.39,Seasonal,2025-05-12
688,2388,477,758.06,Flat,2025-06-17
689,1326,151,896.05,Seasonal,2025-06-23
690,2269,292,607.14,Seasonal,2025-05-16
691,2246,332,265.22,Seasonal,2025-09-29
692,1231,152,567.91,Flat,2025-05-29
693,145,401,349.08,Seasonal,2025-08-22
694,2456,234,463.0,Flat,2025-04-23
695,567,378,931.35,Seasonal,2025-07-12
696,1064,171,848.03,Seasonal,2025-04-22
697,305,16,474.92,Seasonal,2025-08-03
698,2041,275,882.51,Percentage,2025-06-26
699,362,87,296.3,Percentage,2025-08-11
700,1325,91,494.57,Flat,2025-09-16
701,311,295,48.09,Seasonal,2025-05-20
702,1576,472,969.2,Percentage,2025-07-31
703,397,133,605.93,Percentage,2025-09-12
704,1178,490,335.33,Percentage,2025-10-05
705,1553,325,601.19,Seasonal,2025-09-09
706,919,318,569.83,Seasonal,2025-09-14
707,440,14,537.08,Percentage,2025-08-17
708,582,203,667.15,Percentage,2025-05-27
709,1228,134,228.06,Percentage,2025-08-17
710,479,172,573.78,Flat,2025-07-10
711,1925,67,949.48,Flat,2025-05-11
712,287,494,666.63,Percentage,2025-07-06
713,275,23,936.92,Percentage,2025-09-08
714,1822,198,957.18,Percentage,2025-09-19
715,1016,196,690.0,Percentage,2025-08-10
716,1766,114,45.06,Percentage,2025-05-05
717,1627,165,135.1,Flat,2025-09-17
718,1668,309,300.55,Seasonal,2025-04-29
719,1591,342,486.0,Seasonal,2025-07-31
720,767,357,664.16,Percentage,2025-07-19
721,1241,358,485.55,Percentage,2025-09-24
722,2206,172,333.07,Seasonal,2025-05-16
723,502,41,893.82,Flat,2025-09-26
724,1129,85,141.47,Flat,2025-05-22
725,1891,198,90.84,Percentage,2025-07-10
726,369,368,559.0,Percentage,2025-05-02
727,1014,197,315.38,Seasonal,2025-05-20
728,714,108,386.66,Seasonal,2025-05-03
729,2334,194,427.02,Seasonal,2025-04-22
730,1495,186,437.64,Percentage,2025-05-09
731,2146,434,564.74,Seasonal,2025-07-22
732,638,46,146.02,Flat,2025-07-24
733,1542,117,784.79,Percentage,2025-07-20
734,220,481,840.34,Seasonal,2025-08-11
735,1291,197,284.04,Seasonal,2025-07-16
736,1804,439,93.64,Flat,2025-10-08
737,664,161,441.5,Flat,2025-05-14
738,2318,327,274.64,Seasonal,2025-09-07
739,2477,228,604.81,Seasonal,2025-04-20
740,880,392,785.1,Flat,2025-09-23
741,188,293,795.04,Percentage,2025-05-14
742,2004,35,72.24,Flat,2025-06-20
743,1796,402,909.89,Percentage,2025-05-05
744,2038,298,702.68,Flat,2025-10-05
745,998,298,662.19,Percentage,2025-05-21
746,1614,112,838.47,Flat,2025-07-20
747,2291,225,741.3,Flat,2025-08-30
748,194,476,861.62,Seasonal,2025-04-09
749,2175,366,795.24,Flat,2025-05-01
750,2002,466,139.18,Percentage,2025-05-18
751,1750,34,955.19,Flat,2025-04-30
752,385,471,408.22,Flat,2025-07-15
753,889,404,550.08,Seasonal,2025-06-21
754,1116,388,899.14,Seasonal,2025-08-17
755,1587,113,42.93,Seasonal,2025-06-16
756,836,232,165.72,Seasonal,2025-06-20
757,2022,448,741.34,Flat,2025-05-26
758,751,6,746.72,Seasonal,2025-05-26
759,958,81,960.77,Percentage,2025-10-05
760,42,47,188.58,Seasonal,2025-07-06
761,1883,412,265.17,Percentage,2025-07-19
762,780,52,22.72,Seasonal,2025-09-15
763,2364,133,946.64,Seasonal,2025-10-06
764,2046,283,480.16,Flat,2025-05-20
765,521,261,540.01,Percentage,2025-06-28
766,92,387,538.56,Percentage,2025-08-09
767,1756,436,844.32,Flat,2025-07-04
768,1078,312,51.6,Percentage,2025-06-10
769,2275,238,664.02,Flat,2025-08-20
770,892,490,99.38,Seasonal,2025-06-05
771,965,346,817.31,Percentage,2025-09-05
772,1316,319,668.25,Flat,2025-04-27
773,2294,352,385.83,Flat,2025-04-24
774,1815,152,943.6,Percentage,2025-07-30
775,1764,305,101.64,Flat,2025-05-12
776,103,156,250.02,Percentage,2025-07-01
777,1060,369,485.84,Flat,2025-08-02
778,963,164,693.03,Seasonal,2025-09-18
779,1717,109,428.17,Seasonal,2025-09-18
780,25,379,38.58,Seasonal,2025-09-09
781,990,229,988.33,Flat,2025-05-18
782,1905,410,970.6,Seasonal,2025-05-28
783,2223,345,796.05,Percentage,2025-07-10
784,2053,43,846.95,Seasonal,2025-04-10
785,1655,155,985.83,Seasonal,2025-10-01
786,2323,482,249.93,Percentage,2025-06-18
787,213,120,541.56,Seasonal,2025-04-26
788,1055,177,853.65,Flat,2025-04-12
789,2315,230,473.12,Flat,2025-09-12
790,628,185,576.59,Percentage,2025-09-20
791,1903,367,524.11,Flat,2025-05-16
792,481,2,234.45,Percentage,2025-09-25
793,1809,483,179.47,Flat,2025-08-22
794,1341,327,138.21,Percentage,2025-05-19
795,1833,241,289.52,Percentage,2025-07-30
796,392,331,700.35,Flat,2025-07-06
797,1262,96,236.03,Flat,2025-07-31
798,1500,356,281.03,Flat,2025-06-19
799,415,280,173.57,Percentage,2025-07-17
800,2363,469,229.41,Seasonal,2025-05-30
801,1378,101,462.35,Seasonal,2025-09-08
802,2034,316,226.05,Flat,2025-07-31
803,2172,23,341.07,Flat,2025-05-27
804,1230,450,790.93,Flat,2025-05-11
805,987,500,344.03,Flat,2025-04-28
806,1722,442,19.62,Percentage,2025-09-06
807,1459,286,400.58,Percentage,2025-09-28
808,2195,359,118.85,Flat,2025-07-08
809,833,268,182.8,Percentage,2025-06-15
810,1875,142,522.0,Percentage,2025-07-06
811,2069,273,929.13,Flat,2025-09-17
812,1438,131,988.66,Flat,2025-07-15
813,432,156,636.75,Flat,2025-07-04
814,54,74,460.23,Flat,2025-09-17
815,1160,81,154.22,Percentage,2025-05-13
816,729,447,799.67,Seasonal,2025-05-03
817,1428,495,584.15,Flat,2025-09-22
818,2451,22,354.98,Flat,2025-05-01
819,2184,140,935.81,Percentage,2025-09-06
820,2460,42,362.36,Flat,2025-08-27
821,805,243,378.85,Percentage,2025-08-16
822,2320,165,829.06,Flat,2025-08-29
823,1305,237,790.12,Flat,2025-05-22
824,1295,166,50.66,Percentage,2025-06-04
825,284,421,516.08,Flat,2025-07-22
826,1285,456,648.43,Seasonal,2025-07-27
827,2018,276,554.04,Percentage,2025-05-29
828,2343,341,919.61,Flat,2025-06-03
829,477,443,417.1,Seasonal,2025-07-20
830,325,90,351.76,Flat,2025-07-22
831,1496,207,472.19,Flat,2025-08-12
832,1457,143,584.03,Percentage,2025-05-24
833,591,486,181.8,Percentage,2025-10-07
834,373,195,779.88,Seasonal,2025-09-03
835,997,111,397.61,Seasonal,2025-06-18
836,1353,108,657.86,Flat,2025-05-02
837,1144,233,940.69,Flat,2025-09-20
838,2420,446,269.36,Flat,2025-06-12
839,1194,131,44.63,Seasonal,2025-09-21
840,1724,363,753.17,Percentage,2025-09-26
841,759,293,750.68,Seasonal,2025-08-23
842,1185,174,38.12,Flat,2025-04-22
843,425,465,176.44,Flat,2025-04-29
844,1225,162,807.67,Percentage,2025-04-21
845,2,124,602.59,Flat,2025-05-13
846,929,434,248.81,Percentage,2025-05-11
847,1967,153,448.94,Flat,2025-05-06
848,1153,129,275.07,Flat,2025-09-27
849,1789,198,275.3,Percentage,2025-07-21
850,1170,353,249.37,Percentage,2025-07-26
851,2392,48,270.06,Percentage,2025-04-26
852,2196,158,17.65,Flat,2025-08-25
853,1488,134,408.25,Seasonal,2025-06-08
854,1657,49,661.04,Seasonal,2025-06-04
855,1949,111,514.75,Percentage,2025-06-20
856,205,483,537.68,Percentage,2025-09-18
857,915,376,324.95,Seasonal,2025-08-21
858,610,73,85.55,Seasonal,2025-06-20
859,484,478,544.98,Flat,2025-04-18
860,2224,437,13.8,Flat,2025-07-11
861,2426,380,340.07,Flat,2025-05-13
862,1417,26,256.0,Percentage,2025-08-01
863,2373,487,147.04,Seasonal,2025-08-17
864,1450,22,349.71,Flat,2025-09-13
865,1913,317,394.49,Percentage,2025-07-30
866,899,100,25.25,Seasonal,2025-05-30
867,2152,218,967.07,Flat,2025-05-09
868,944,64,530.03,Flat,2025-06-02
869,209,276,188.45,Percentage,2025-08-03
870,1786,49,242.6,Flat,2025-08-24
871,2302,206,749.05,Percentage,2025-08-05
872,895,6,37.71,Percentage,2025-07-06
873,430,487,468.31,Percentage,2025-09-28
874,2035,214,654.67,Percentage,2025-06-24
875,1565,342,228.45,Percentage,2025-04-12
876,984,200,593.79,Percentage,2025-06-22
877,2295,326,999.1,Seasonal,2025-05-04
878,2406,141,781.71,Seasonal,2025-07-24
879,2236,67,355.43,Seasonal,2025-10-05
880,2231,73,533.69,Percentage,2025-06-10
881,1632,379,944.41,Percentage,2025-08-18
882,1338,74,313.57,Seasonal,2025-05-12
883,380,334,994.17,Seasonal,2025-07-28
884,315,342,607.35,Percentage,2025-04-14
885,53,122,926.41,Seasonal,2025-07-20
886,2016,392,31.06,Percentage,2025-06-27
887,846,31,293.98,Percentage,2025-06-19
888,1998,477,496.45,Percentage,2025-07-05
889,1365,479,142.59,Flat,2025-05-05
890,2379,102,841.6,Flat,2025-07-13
891,1674,498,582.82,Percentage,2025-09-30
892,294,370,360.76,Percentage,2025-09-26
893,1773,315,979.19,Percentage,2025-09-13
894,1908,393,333.37,Flat,2025-08-31
895,1197,436,924.17,Seasonal,2025-05-14
896,886,49,275.19,Seasonal,2025-08-08
897,1767,236,442.71,Seasonal,2025-05-10
898,2306,117,131.95,Seasonal,2025-05-22
899,2189,234,857.19,Percentage,2025-09-24
900,116,6,422.43,Seasonal,2025-04-11
901,891,42,232.16,Seasonal,2025-05-06
902,1560,341,761.56,Flat,2025-09-13
903,1931,221,334.53,Flat,2025-10-07
904,2201,466,259.34,Percentage,2025-06-07
905,1658,204,259.11,Flat,2025-07-14
906,372,147,653.85,Seasonal,2025-05-14
907,35,329,502.27,Percentage,2025-07-24
908,164,99,509.75,Percentage,2025-10-06
909,265,378,742.33,Seasonal,2025-10-05
910,2207,324,92.67,Percentage,2025-05-03
911,826,243,447.49,Flat,2025-05-26
912,825,99,412.72,Seasonal,2025-06-11
913,1491,229,799.75,Flat,2025-05-04
914,1630,482,13.08,Percentage,2025-08-10
915,1664,182,379.26,Flat,2025-05-25
916,1363,403,543.5,Seasonal,2025-05-17
917,283,112,102.4,Flat,2025-09-15
918,952,423,912.59,Flat,2025-04-19
919,2085,343,963.49,Seasonal,2025-04-19
920,1113,274,101.06,Flat,2025-08-24
921,1969,359,604.79,Flat,2025-07-05
922,1673,432,235.69,Seasonal,2025-07-13
923,669,205,380.15,Flat,2025-07-12
924,811,195,946.12,Seasonal,2025-05-30
925,1808,38,384.72,Percentage,2025-04-27
926,599,220,930.78,Seasonal,2025-08-31
927,613,331,824.66,Flat,2025-05-04
928,2066,213,888.83,Flat,2025-08-14
929,223,249,995.61,Seasonal,2025-08-18
930,2397,201,556.54,Flat,2025-05-26
931,1650,359,305.12,Seasonal,2025-07-29
932,11,285,696.14,Percentage,2025-08-08
933,1091,243,193.83,Flat,2025-09-05
934,959,201,913.93,Seasonal,2025-05-28
935,606,213,893.2,Percentage,2025-06-12
936,132,341,783.06,Seasonal,2025-06-02
937,1135,79,393.02,Percentage,2025-07-01
938,620,44,521.96,Seasonal,2025-07-04
939,2068,3,558.57,Seasonal,2025-05-10
940,299,346,44.47,Seasonal,2025-05-12
941,2255,404,454.3,Flat,2025-06-10
942,1350,417,558.49,Seasonal,2025-05-02
943,162,115,786.31,Flat,2025-05-23
944,1725,382,450.72,Seasonal,2025-08-12
945,1212,473,691.74,Percentage,2025-06-10
946,1802,117,14.63,Percentage,2025-05-24
947,1453,338,176.68,Flat,2025-07-31
948,1205,77,189.28,Seasonal,2025-06-25
949,1001,281,473.63,Flat,2025-09-24
950,1850,364,965.24,Seasonal,2025-06-07
951,2043,136,427.56,Seasonal,2025-09-29
952,2400,379,117.22,Flat,2025-06-05
953,2366,136,913.3,Percentage,2025-09-14
954,1761,235,905.32,Percentage,2025-05-06
955,38,467,490.17,Flat,2025-06-23
956,1152,5,129.85,Flat,2025-06-28
957,1994,123,885.77,Percentage,2025-06-14
958,2132,337,680.55,Seasonal,2025-08-02
959,107,94,23.57,Flat,2025-07-24
960,2484,404,819.24,Flat,2025-07-31
961,627,114,887.59,Flat,2025-05-20
962,1868,124,791.59,Seasonal,2025-05-18
963,898,193,135.78,Percentage,2025-06-27
964,2324,482,813.81,Seasonal,2025-05-14
965,1289,199,719.28,Flat,2025-07-21
966,1270,472,809.72,Percentage,2025-06-27
967,426,352,599.88,Flat,2025-06-05
968,129,133,686.92,Percentage,2025-04-17
969,2125,83,436.17,Percentage,2025-06-03
970,687,369,268.24,Percentage,2025-05-17
971,2239,122,471.24,Flat,2025-08-29
972,414,149,367.9,Flat,2025-06-22
973,1307,436,677.89,Flat,2025-06-17
974,1844,23,212.58,Flat,2025-06-18
975,1923,230,764.13,Percentage,2025-07-26
976,152,395,432.84,Percentage,2025-08-01
977,778,387,824.73,Flat,2025-07-14
978,257,73,793.97,Percentage,2025-09-26
979,1579,307,354.93,Flat,2025-09-17
980,1067,13,78.25,Flat,2025-06-28
981,2268,250,880.02,Percentage,2025-07-02
982,2465,136,232.62,Flat,2025-06-20
983,2361,182,74.29,Percentage,2025-06-06
984,49,268,24.34,Flat,2025-08-27
985,523,207,186.48,Percentage,2025-10-01
986,176,163,819.41,Seasonal,2025-07-11
987,1608,275,708.16,Flat,2025-07-02
988,2163,401,613.43,Percentage,2025-04-15
989,653,126,77.28,Flat,2025-08-02
990,1047,172,349.27,Flat,2025-09-29
991,936,205,582.67,Seasonal,2025-05-20
992,266,129,154.66,Seasonal,2025-09-24
993,1364,288,538.73,Seasonal,2025-06-05
994,1114,374,611.27,Percentage,2025-05-20
995,1686,223,128.51,Seasonal,2025-09-20
996,1748,483,859.97,Seasonal,2025-04-17
997,1314,234,995.94,Seasonal,2025-09-20
998,2122,141,61.25,Seasonal,2025-06-08
999,2219,2,30.9,Percentage,2025-06-28
1000,1730,290,93.57,Seasonal,2025-05-23
1001,855,421,454.61,Percentage,2025-08-31
1002,140,397,714.57,Seasonal,2025-05-24
1003,286,107,769.24,Percentage,2025-04-18
1004,1598,54,544.41,Percentage,2025-05-22
1005,864,491,221.56,Flat,2025-09-12
1006,2402,276,999.31,Seasonal,2025-06-27
1007,442,450,928.42,Seasonal,2025-07-21
1008,879,420,458.85,Seasonal,2025-05-21
1009,1277,414,214.41,Seasonal,2025-08-30
1010,495,387,887.33,Flat,2025-08-10
1011,1805,48,928.33,Seasonal,2025-07-20
1012,1423,108,630.02,Percentage,2025-05-20
1013,1770,347,948.29,Percentage,2025-09-20
1014,1393,289,901.33,Seasonal,2025-06-23
1015,1571,277,979.37,Seasonal,2025-06-28
1016,2205,17,914.81,Percentage,2025-08-03
1017,1620,79,190.08,Seasonal,2025-09-26
1018,1965,373,799.95,Percentage,2025-09-13
1019,1508,403,327.04,Seasonal,2025-05-16
1020,1075,17,688.3,Seasonal,2025-10-04
1021,821,254,134.81,Flat,2025-05-31
1022,1140,423,820.63,Seasonal,2025-07-10
1023,2058,436,931.79,Percentage,2025-06-20
1024,1894,271,325.36,Flat,2025-06-19
1025,1603,398,528.68,Seasonal,2025-08-10
1026,2403,338,652.39,Seasonal,2025-05-12
1027,1999,72,950.78,Seasonal,2025-09-11
1028,1852,210,763.43,Flat,2025-10-07
1029,1088,414,13.82,Percentage,2025-08-15
1030,2217,71,561.82,Percentage,2025-09-25
1031,1065,370,136.61,Seasonal,2025-09-20
1032,1080,70,159.54,Seasonal,2025-07-16
1033,1941,53,182.13,Seasonal,2025-04-12
1034,443,5,820.38,Percentage,2025-04-25
1035,2225,164,558.3,Flat,2025-08-24
1036,133,425,238.78,Flat,2025-07-23
1037,2464,133,866.14,Percentage,2025-10-08
1038,505,399,879.65,Seasonal,2025-08-08
1039,2260,281,560.28,Flat,2025-08-17
1040,831,486,965.44,Flat,2025-09-27
1041,2454,281,126.93,Seasonal,2025-10-03
1042,851,205,671.91,Percentage,2025-06-07
1043,1169,274,109.38,Percentage,2025-05-20
1044,234,221,27.18,Seasonal,2025-05-09
1045,2123,37,164.57,Seasonal,2025-06-07
1046,412,43,356.2,Percentage,2025-08-11
1047,319,62,824.95,Flat,2025-08-10
1048,2229,247,789.36,Percentage,2025-07-03
1049,1297,192,425.38,Seasonal,2025-06-12
1050,691,290,942.99,Percentage,2025-05-28
1051,1000,309,306.97,Seasonal,2025-09-09
1052,423,145,764.43,Seasonal,2025-10-06
1053,395,423,645.69,Seasonal,2025-08-27
1054,1583,257,251.46,Flat,2025-05-19
1055,1795,495,523.09,Seasonal,2025-10-05
1056,2327,206,996.97,Flat,2025-07-31
1057,2316,137,541.88,Seasonal,2025-05-27
1058,480,141,744.92,Seasonal,2025-05-01
1059,887,39,750.12,Seasonal,2025-09-09
1060,612,287,656.47,Seasonal,2025-05-06
1061,381,266,693.4,Percentage,2025-07-03
1062,928,281,303.54,Percentage,2025-06-15
1063,1735,250,584.01,Flat,2025-06-30
1064,1736,348,957.77,Flat,2025-07-06
1065,782,94,156.9,Percentage,2025-08-23
1066,2144,7,747.64,Percentage,2025-08-22
1067,1926,369,797.71,Seasonal,2025-07-23
1068,1358,231,157.95,Flat,2025-05-09
1069,2252,70,319.93,Seasonal,2025-04-29
1070,180,87,849.84,Flat,2025-04-27
1071,1772,115,584.68,Flat,2025-06-29
1072,1043,77,253.92,Flat,2025-05-25
1073,783,90,987.11,Seasonal,2025-05-29
1074,2183,357,450.13,Seasonal,2025-06-29
1075,683,156,699.55,Flat,2025-05-14
1076,884,471,838.77,Seasonal,2025-07-11
1077,2131,405,186.54,Flat,2025-04-17
1078,126,212,213.96,Percentage,2025-07-15
1079,1216,492,183.02,Percentage,2025-08-15
1080,1779,361,807.35,Percentage,2025-07-14
1081,253,410,746.87,Seasonal,2025-04-17
1082,718,401,321.99,Percentage,2025-08-06
1083,1841,99,523.08,Flat,2025-08-10
1084,2462,274,520.03,Percentage,2025-04-22
1085,2488,340,250.27,Seasonal,2025-08-20
1086,1687,63,236.56,Flat,2025-04-24
1087,1395,424,794.6,Percentage,2025-08-10
1088,2187,342,326.92,Percentage,2025-05-03
1089,1840,325,31.73,Flat,2025-05-23
1090,1993,319,399.65,Seasonal,2025-07-09
1091,2280,325,98.74,Seasonal,2025-04-17
1092,1665,470,158.87,Flat,2025-09-30
1093,244,373,273.3,Percentage,2025-04-22
1094,992,137,302.02,Flat,2025-08-22
1095,1426,89,309.55,Flat,2025-05-25
1096,248,350,161.52,Percentage,2025-06-09
1097,2098,195,502.78,Percentage,2025-07-12
1098,979,33,611.54,Seasonal,2025-08-19
1099,360,214,608.15,Percentage,2025-04-17
1100,204,463,825.0,Percentage,2025-05-13
1101,1942,265,31.54,Flat,2025-10-06
1102,2356,271,476.98,Flat,2025-10-06
1103,33,172,985.02,Seasonal,2025-06-22
1104,272,392,382.07,Flat,2025-06-24
1105,478,208,800.51,Flat,2025-07-05
1106,658,443,529.1,Seasonal,2025-06-21
1107,2270,374,454.89,Seasonal,2025-10-03
1108,1693,358,234.88,Flat,2025-05-05
1109,1209,71,703.57,Percentage,2025-04-20
1110,1662,451,571.99,Flat,2025-07-08
1111,531,300,538.55,Flat,2025-05-13
1112,2033,375,752.41,Flat,2025-08-13
1113,2425,301,143.65,Flat,2025-05-01
1114,1173,289,700.44,Flat,2025-07-06
1115,1812,264,25.84,Percentage,2025-06-06
1116,100,253,407.8,Percentage,2025-09-29
1117,285,384,857.84,Percentage,2025-09-12
1118,554,354,871.01,Percentage,2025-06-12
1119,1336,71,691.3,Flat,2025-07-11
1120,1806,206,375.82,Flat,2025-04-27
1121,2109,445,230.62,Flat,2025-06-11
1122,1845,222,180.03,Seasonal,2025-04-30
1123,269,324,739.72,Percentage,2025-08-01
1124,597,330,774.81,Percentage,2025-08-17
1125,1232,71,698.41,Seasonal,2025-07-16
1126,1133,167,414.13,Flat,2025-09-21
1127,267,495,77.33,Percentage,2025-08-03
1128,1635,184,518.12,Percentage,2025-09-14
1129,1992,182,980.94,Percentage,2025-06-22
1130,1521,126,455.09,Percentage,2025-04-20
1131,321,144,73.7,Percentage,2025-05-06
1132,1970,13,287.07,Percentage,2025-05-27
1133,1258,43,312.62,Seasonal,2025-05-23
1134,232,312,541.28,Seasonal,2025-04-09
1135,2037,1,521.06,Percentage,2025-09-19
1136,840,478,661.97,Seasonal,2025-05-11
1137,2107,149,594.12,Percentage,2025-05-31
1138,1196,94,799.65,Flat,2025-07-06
1139,2029,445,749.7,Percentage,2025-06-19
1140,1606,121,792.54,Flat,2025-07-20
1141,1510,99,850.25,Percentage,2025-09-02
1142,493,265,506.21,Flat,2025-04-09
1143,1474,499,930.93,Flat,2025-07-30
1144,1355,14,538.53,Percentage,2025-04-23
1145,1356,25,719.35,Flat,2025-07-04
1146,1034,244,204.95,Seasonal,2025-09-07
1147,1483,74,81.86,Flat,2025-06-19
1148,2220,253,502.43,Percentage,2025-08-22
1149,1092,346,685.29,Seasonal,2025-05-28
1150,2062,25,501.71,Seasonal,2025-07-07
1151,1676,370,155.51,Percentage,2025-08-15
1152,1991,268,577.99,Flat,2025-06-15
1153,17,130,141.03,Percentage,2025-06-06
1154,1669,104,79.47,Percentage,2025-08-03
1155,608,194,93.87,Seasonal,2025-05-17
1156,663,288,300.11,Flat,2025-06-23
1157,1319,288,216.38,Flat,2025-08-06
1158,1440,443,251.39,Flat,2025-08-05
1159,108,349,656.29,Seasonal,2025-08-04
1160,1421,461,731.77,Percentage,2025-08-13
1161,1567,46,238.41,Percentage,2025-06-02
1162,1684,311,493.42,Flat,2025-09-13
1163,1930,289,436.32,Flat,2025-09-04
1164,441,311,221.34,Seasonal,2025-05-21
1165,2437,88,726.04,Seasonal,2025-05-14
1166,1413,28,64.16,Seasonal,2025-04-19
1167,1299,182,541.35,Seasonal,2025-08-21
1168,1922,129,316.49,Seasonal,2025-04-21
1169,540,26,142.53,Flat,2025-06-23
1170,1503,450,451.67,Percentage,2025-06-18
1171,968,438,963.21,Flat,2025-08-13
1172,870,262,731.67,Seasonal,2025-08-09
1173,1723,220,321.11,Percentage,2025-10-05
1174,549,271,536.19,Percentage,2025-09-30
1175,769,372,334.66,Percentage,2025-06-29
1176,270,127,31.06,Percentage,2025-10-06
1177,345,130,938.72,Seasonal,2025-05-31
1178,2450,188,816.03,Percentage,2025-04-10
1179,1265,498,153.71,Percentage,2025-10-04
1180,2089,67,69.46,Seasonal,2025-09-13
1181,707,242,368.74,Percentage,2025-08-03
1182,2190,498,144.5,Flat,2025-10-03
1183,2048,395,855.62,Flat,2025-06-11
1184,781,417,890.75,Seasonal,2025-09-02
1185,1966,324,877.65,Percentage,2025-06-10
1186,1390,387,848.29,Flat,2025-06-22
1187,245,389,912.39,Percentage,2025-09-02
1188,1188,429,83.07,Percentage,2025-09-10
1189,218,1,151.97,Seasonal,2025-09-01
1190,795,318,803.33,Seasonal,2025-05-16
1191,308,266,113.18,Seasonal,2025-08-07
1192,755,159,630.2,Seasonal,2025-08-14
1193,1204,490,323.51,Seasonal,2025-05-30
1194,295,310,627.11,Percentage,2025-07-19
1195,721,367,56.26,Seasonal,2025-08-19
1196,1846,394,917.11,Seasonal,2025-07-20
1197,1584,154,400.49,Percentage,2025-10-04
1198,2026,70,850.95,Percentage,2025-07-16
1199,419,81,88.91,Percentage,2025-08-01
1200,1283,286,197.12,Percentage,2025-05-12
