revenue_id,order_id,recognized_amount,recognition_date,revenue_type
1,1,736.34,2025-07-17,Deferred
2,2,3972.23,2025-08-08,Pending
3,3,1003.74,2025-10-07,Deferred
4,4,4900.45,2025-10-04,Pending
5,5,4324.48,2025-07-04,Pending
6,6,4764.3,2025-05-20,Deferred
7,7,2534.53,2025-04-10,Recognized
8,8,4784.36,2025-09-29,Recognized
9,9,411.87,2025-06-19,Pending
10,10,3096.55,2025-04-09,Recognized
11,11,479.72,2025-08-15,Deferred
12,12,427.03,2025-09-02,Recognized
13,13,4273.95,2025-04-21,Pending
14,14,1978.69,2025-04-28,Deferred
15,15,3956.5,2025-06-28,Pending
16,16,2215.86,2025-04-19,Deferred
17,17,537.95,2025-09-21,Deferred
18,18,2229.6,2025-08-16,Pending
19,19,4725.71,2025-09-29,Pending
20,20,4876.73,2025-08-24,Recognized
21,21,1086.25,2025-06-22,Deferred
22,22,3588.44,2025-07-26,Deferred
23,23,837.37,2025-07-26,Pending
24,24,354.81,2025-07-07,Deferred
25,25,592.17,2025-08-12,Recognized
26,26,2414.97,2025-05-19,Deferred
27,27,2927.61,2025-06-10,Recognized
28,28,4913.34,2025-05-23,Pending
29,29,1556.37,2025-07-05,Deferred
30,30,4529.36,2025-05-02,Pending
31,31,110.41,2025-09-24,Recognized
32,32,523.29,2025-06-08,Deferred
33,33,3964.64,2025-04-18,Recognized
34,34,4087.02,2025-05-28,Recognized
35,35,405.09,2025-05-13,Deferred
36,36,4071.66,2025-09-05,Pending
37,37,1396.76,2025-09-27,Pending
38,38,3872.28,2025-06-23,Recognized
39,39,4639.75,2025-07-08,Recognized
40,40,3911.51,2025-06-24,Pending
41,41,813.22,2025-09-16,Deferred
42,42,2625.91,2025-09-01,Deferred
43,43,104.29,2025-06-11,Deferred
44,44,1802.55,2025-06-14,Pending
45,45,2374.13,2025-10-02,Pending
46,46,1964.76,2025-10-01,Deferred
47,47,2490.71,2025-09-28,Deferred
48,48,4006.59,2025-08-12,Deferred
49,49,3590.43,2025-06-10,Recognized
50,50,2229.27,2025-04-18,Deferred
51,51,4473.92,2025-07-28,Deferred
52,52,4061.5,2025-04-11,Recognized
53,53,4723.97,2025-04-23,Recognized
54,54,489.33,2025-09-04,Pending
55,55,1871.86,2025-08-13,Deferred
56,56,4069.58,2025-04-30,Recognized
57,57,1236.77,2025-07-15,Deferred
58,58,164.05,2025-07-07,Deferred
59,59,3345.38,2025-07-29,Deferred
60,60,2698.05,2025-08-21,Pending
61,61,4708.78,2025-05-14,Deferred
62,62,3540.72,2025-09-03,Recognized
63,63,3939.84,2025-05-24,Recognized
64,64,3333.05,2025-04-29,Deferred
65,65,2735.05,2025-08-11,Deferred
66,66,4767.27,2025-04-10,Pending
67,67,4876.1,2025-09-02,Deferred
68,68,2790.24,2025-10-06,Pending
69,69,4523.86,2025-04-14,Pending
70,70,4036.33,2025-08-28,Pending
71,71,1513.22,2025-05-18,Pending
72,72,4699.23,2025-09-01,Pending
73,73,1875.91,2025-07-12,Recognized
74,74,3819.32,2025-04-26,Pending
75,75,763.97,2025-07-28,Recognized
76,76,4253.6,2025-07-06,Pending
77,77,2155.09,2025-05-05,Deferred
78,78,206.4,2025-09-11,Recognized
79,79,2144.23,2025-06-08,Pending
80,80,4873.67,2025-07-04,Recognized
81,81,4201.89,2025-07-01,Deferred
82,82,4219.23,2025-06-14,Recognized
83,83,2221.71,2025-05-03,Pending
84,84,1720.71,2025-04-26,Deferred
85,85,1724.3,2025-08-22,Deferred
86,86,3336.48,2025-08-20,Deferred
87,87,125.24,2025-06-26,Recognized
88,88,1205.63,2025-07-06,Recognized
89,89,117.37,2025-09-23,Recognized
90,90,1059.96,2025-04-20,Deferred
91,91,1369.38,2025-07-31,Recognized
92,92,4430.54,2025-06-20,Recognized
93,93,4121.2,2025-06-30,Pending
94,94,3449.71,2025-08-07,Deferred
95,95,3246.07,2025-08-12,Pending
96,96,2796.74,2025-04-18,Pending
97,97,2101.2,2025-06-13,Pending
98,98,1131.52,2025-04-24,Deferred
99,99,3971.71,2025-08-20,Deferred
100,100,780.78,2025-09-30,Deferred
101,101,1968.68,2025-08-28,Pending
102,102,2554.08,2025-10-05,Recognized
103,103,1991.92,2025-06-25,Pending
104,104,2427.06,2025-05-07,Recognized
105,105,1068.12,2025-06-08,Deferred
106,106,1426.9,2025-05-11,Pending
107,107,1199.26,2025-09-07,Recognized
108,108,118.44,2025-07-12,Recognized
109,109,3439.2,2025-07-26,Pending
110,110,966.65,2025-05-15,Recognized
111,111,4763.78,2025-06-14,Recognized
112,112,2218.97,2025-07-14,Recognized
113,113,3016.97,2025-07-27,Deferred
114,114,2691.53,2025-08-31,Pending
115,115,4409.9,2025-06-13,Deferred
116,116,1878.95,2025-06-01,Deferred
117,117,322.86,2025-08-21,Deferred
118,118,1705.64,2025-04-23,Pending
119,119,2750.16,2025-06-09,Recognized
120,120,1124.54,2025-07-04,Recognized
121,121,4027.31,2025-09-12,Recognized
122,122,3558.22,2025-04-26,Recognized
123,123,1409.96,2025-05-09,Recognized
124,124,2033.4,2025-10-04,Deferred
125,125,390.73,2025-06-05,Deferred
126,126,443.45,2025-08-31,Deferred
127,127,2153.53,2025-09-09,Pending
128,128,4787.38,2025-08-01,Deferred
129,129,4161.93,2025-04-30,Pending
130,130,3726.71,2025-09-27,Deferred
131,131,4187.98,2025-07-10,Recognized
132,132,4449.53,2025-07-31,Pending
133,133,3118.89,2025-09-28,Pending
134,134,4180.23,2025-08-24,Recognized
135,135,2187.14,2025-08-07,Pending
136,136,331.46,2025-06-28,Pending
137,137,971.03,2025-08-27,Recognized
138,138,4807.06,2025-04-23,Recognized
139,139,2467.29,2025-05-14,Pending
140,140,4284.94,2025-06-09,Deferred
141,141,4025.77,2025-10-02,Pending
142,142,331.2,2025-07-26,Deferred
143,143,1215.06,2025-08-17,Recognized
144,144,485.7,2025-08-24,Pending
145,145,120.04,2025-09-26,Recognized
146,146,851.77,2025-09-17,Deferred
147,147,404.3,2025-09-06,Pending
148,148,4699.69,2025-08-08,Deferred
149,149,3226.99,2025-05-10,Deferred
150,150,835.84,2025-06-12,Deferred
151,151,1317.09,2025-08-24,Pending
152,152,2510.36,2025-07-08,Recognized
153,153,4625.98,2025-06-11,Deferred
154,154,4565.88,2025-05-25,Deferred
155,155,3249.52,2025-09-06,Pending
156,156,3249.77,2025-05-25,Recognized
157,157,599.34,2025-04-13,Recognized
158,158,726.92,2025-10-06,Pending
159,159,1537.68,2025-05-16,Deferred
160,160,2185.85,2025-04-13,Recognized
161,161,2965.73,2025-08-11,Pending
162,162,4241.88,2025-05-30,Deferred
163,163,4871.58,2025-04-21,Deferred
164,164,2303.92,2025-08-07,Deferred
165,165,4198.95,2025-05-01,Deferred
166,166,1031.99,2025-06-19,Pending
167,167,4469.28,2025-07-12,Deferred
168,168,3865.57,2025-05-13,Recognized
169,169,3328.8,2025-05-24,Deferred
170,170,1679.41,2025-08-20,Recognized
171,171,1954.34,2025-06-17,Deferred
172,172,1529.22,2025-09-30,Pending
173,173,1030.55,2025-05-15,Deferred
174,174,623.06,2025-08-11,Pending
175,175,4327.37,2025-09-28,Recognized
176,176,1316.57,2025-09-06,Pending
177,177,4753.79,2025-08-15,Recognized
178,178,4802.24,2025-05-08,Deferred
179,179,4854.74,2025-08-19,Deferred
180,180,1864.36,2025-04-21,Recognized
181,181,4432.71,2025-05-30,Deferred
182,182,4264.42,2025-05-21,Recognized
183,183,2629.66,2025-05-14,Recognized
184,184,4358.87,2025-07-11,Deferred
185,185,2429.26,2025-06-30,Recognized
186,186,3109.1,2025-07-06,Recognized
187,187,4620.67,2025-09-11,Recognized
188,188,462.96,2025-05-14,Pending
189,189,396.32,2025-06-25,Recognized
190,190,2029.4,2025-10-04,Deferred
191,191,4041.66,2025-08-03,Recognized
192,192,1791.43,2025-06-08,Pending
193,193,751.42,2025-09-22,Pending
194,194,4635.55,2025-05-25,Recognized
195,195,3476.13,2025-05-31,Recognized
196,196,4782.44,2025-04-30,Pending
197,197,2686.35,2025-09-14,Deferred
198,198,1502.26,2025-06-06,Pending
199,199,4628.46,2025-06-01,Recognized
200,200,3511.64,2025-08-20,Pending
201,201,2472.15,2025-08-15,Recognized
202,202,1541.08,2025-08-11,Recognized
203,203,1272.89,2025-07-14,Recognized
204,204,3133.45,2025-06-28,Recognized
205,205,2167.92,2025-06-05,Pending
206,206,4920.93,2025-07-19,Pending
207,207,4508.85,2025-07-20,Deferred
208,208,2344.82,2025-06-11,Recognized
209,209,399.96,2025-10-08,Deferred
210,210,3253.5,2025-05-12,Pending
211,211,3665.79,2025-06-26,Deferred
212,212,870.31,2025-07-31,Deferred
213,213,3272.29,2025-06-01,Deferred
214,214,2594.53,2025-05-17,Deferred
215,215,1133.37,2025-07-09,Recognized
216,216,2460.3,2025-09-11,Pending
217,217,4065.75,2025-05-30,Deferred
218,218,1457.02,2025-04-09,Pending
219,219,1136.29,2025-04-12,Deferred
220,220,904.02,2025-07-15,Recognized
221,221,315.22,2025-08-06,Deferred
222,222,504.49,2025-04-27,Recognized
223,223,2771.69,2025-05-19,Deferred
224,224,4624.65,2025-08-29,Recognized
225,225,4220.29,2025-04-19,Pending
226,226,137.31,2025-09-08,Deferred
227,227,891.17,2025-06-22,Deferred
228,228,231.37,2025-06-27,Recognized
229,229,454.89,2025-04-09,Pending
230,230,698.06,2025-04-25,Recognized
231,231,2010.49,2025-08-17,Recognized
232,232,120.87,2025-06-06,Recognized
233,233,3834.98,2025-08-29,Deferred
234,234,1119.65,2025-05-18,Pending
235,235,4493.76,2025-08-27,Deferred
236,236,3758.9,2025-06-18,Recognized
237,237,3932.77,2025-10-01,Deferred
238,238,3737.25,2025-08-01,Pending
239,239,1196.02,2025-05-24,Deferred
240,240,3243.62,2025-07-14,Recognized
241,241,3723.25,2025-08-09,Recognized
242,242,389.31,2025-04-24,Deferred
243,243,4894.65,2025-06-25,Recognized
244,244,1267.59,2025-07-12,Pending
245,245,2955.75,2025-08-21,Pending
246,246,281.62,2025-05-15,Recognized
247,247,2707.37,2025-08-28,Recognized
248,248,2320.6,2025-07-08,Recognized
249,249,2200.97,2025-09-20,Recognized
250,250,2108.86,2025-07-27,Pending
251,251,3949.75,2025-08-04,Recognized
252,252,2344.83,2025-05-22,Deferred
253,253,154.78,2025-07-08,Pending
254,254,4890.77,2025-05-18,Deferred
255,255,2436.42,2025-04-24,Deferred
256,256,3410.17,2025-09-25,Recognized
257,257,4319.46,2025-04-29,Pending
258,258,785.2,2025-09-14,Pending
259,259,2389.24,2025-05-21,Recognized
260,260,2620.97,2025-09-27,Pending
261,261,1187.49,2025-07-21,Pending
262,262,1402.24,2025-08-20,Deferred
263,263,165.3,2025-04-29,Recognized
264,264,1479.37,2025-09-20,Deferred
265,265,2470.46,2025-04-22,Recognized
266,266,4631.38,2025-04-21,Deferred
267,267,2200.34,2025-06-30,Recognized
268,268,3432.59,2025-07-05,Deferred
269,269,3079.5,2025-08-03,Pending
270,270,689.4,2025-09-27,Deferred
271,271,3683.48,2025-06-18,Deferred
272,272,2813.75,2025-07-06,Recognized
273,273,2175.95,2025-08-17,Recognized
274,274,1280.1,2025-09-06,Deferred
275,275,1442.76,2025-10-02,Recognized
276,276,2581.29,2025-04-10,Deferred
277,277,2950.98,2025-07-26,Recognized
278,278,2974.47,2025-10-03,Deferred
279,279,2953.3,2025-08-16,Recognized
280,280,1206.28,2025-07-13,Pending
281,281,3547.78,2025-09-08,Pending
282,282,4282.36,2025-04-18,Deferred
283,283,1048.04,2025-07-11,Pending
284,284,1286.44,2025-06-13,Pending
285,285,4381.99,2025-09-17,Pending
286,286,3068.88,2025-05-23,Pending
287,287,4421.65,2025-05-17,Pending
288,288,760.48,2025-09-07,Pending
289,289,737.45,2025-09-28,Recognized
290,290,4693.33,2025-05-22,Pending
291,291,3968.49,2025-06-17,Recognized
292,292,4431.4,2025-06-21,Recognized
293,293,1914.76,2025-06-10,Pending
294,294,4571.84,2025-08-18,Deferred
295,295,4386.66,2025-08-12,Recognized
296,296,4870.45,2025-04-30,Pending
297,297,1080.02,2025-07-20,Deferred
298,298,4346.49,2025-05-22,Recognized
299,299,3374.25,2025-08-25,Pending
300,300,1160.41,2025-05-04,Recognized
301,301,3984.74,2025-06-05,Deferred
302,302,1784.67,2025-08-02,Deferred
303,303,2728.98,2025-07-12,Pending
304,304,3630.26,2025-06-10,Pending
305,305,2322.51,2025-09-20,Recognized
306,306,837.86,2025-09-18,Deferred
307,307,4285.61,2025-05-19,Pending
308,308,4681.89,2025-06-19,Deferred
309,309,755.42,2025-06-25,Recognized
310,310,4651.55,2025-06-21,Deferred
311,311,414.67,2025-04-29,Recognized
312,312,3573.64,2025-08-06,Deferred
313,313,963.21,2025-05-28,Pending
314,314,4030.99,2025-07-09,Deferred
315,315,1308.2,2025-06-04,Deferred
316,316,3030.99,2025-08-09,Pending
317,317,2702.48,2025-05-23,Deferred
318,318,308.93,2025-04-30,Pending
319,319,713.39,2025-06-29,Recognized
320,320,2776.52,2025-08-19,Recognized
321,321,4316.2,2025-09-02,Pending
322,322,1934.78,2025-05-15,Recognized
323,323,4177.66,2025-05-17,Deferred
324,324,2365.33,2025-07-18,Deferred
325,325,2374.48,2025-04-27,Deferred
326,326,427.46,2025-06-27,Deferred
327,327,2551.89,2025-06-21,Pending
328,328,3569.69,2025-08-29,Recognized
329,329,1921.98,2025-06-28,Recognized
330,330,1310.07,2025-06-10,Recognized
331,331,3726.13,2025-06-29,Recognized
332,332,1856.48,2025-08-01,Deferred
333,333,903.96,2025-08-23,Recognized
334,334,1202.13,2025-10-06,Pending
335,335,1695.73,2025-04-22,Pending
336,336,2874.21,2025-05-24,Pending
337,337,524.24,2025-05-11,Recognized
338,338,4355.11,2025-05-19,Recognized
339,339,2296.89,2025-08-22,Pending
340,340,3653.27,2025-06-28,Recognized
341,341,3203.57,2025-07-25,Pending
342,342,347.02,2025-07-26,Pending
343,343,1767.07,2025-06-09,Recognized
344,344,3201.5,2025-04-20,Deferred
345,345,4286.98,2025-07-14,Recognized
346,346,1415.43,2025-09-03,Recognized
347,347,3547.22,2025-09-07,Deferred
348,348,3452.14,2025-07-15,Pending
349,349,1070.78,2025-04-16,Pending
350,350,663.72,2025-08-24,Deferred
351,351,2660.7,2025-08-15,Pending
352,352,2338.19,2025-07-26,Pending
353,353,4153.33,2025-08-13,Deferred
354,354,232.37,2025-07-21,Recognized
355,355,1511.51,2025-06-22,Recognized
356,356,3225.85,2025-09-11,Recognized
357,357,2866.83,2025-05-31,Recognized
358,358,1839.41,2025-10-05,Recognized
359,359,2512.36,2025-04-10,Pending
360,360,4235.51,2025-10-04,Recognized
361,361,4531.44,2025-09-10,Pending
362,362,4848.88,2025-04-11,Pending
363,363,145.26,2025-08-26,Pending
364,364,3554.56,2025-08-10,Pending
365,365,4208.42,2025-07-18,Recognized
366,366,3294.9,2025-09-30,Recognized
367,367,2831.87,2025-09-10,Deferred
368,368,1819.95,2025-05-17,Recognized
369,369,283.06,2025-05-01,Deferred
370,370,4004.73,2025-07-25,Deferred
371,371,2115.99,2025-05-09,Recognized
372,372,3687.63,2025-06-19,Pending
373,373,4299.06,2025-09-08,Pending
374,374,4400.97,2025-05-30,Pending
375,375,836.46,2025-06-22,Pending
376,376,1421.36,2025-07-31,Pending
377,377,4627.29,2025-06-07,Pending
378,378,4972.61,2025-09-02,Deferred
379,379,1135.0,2025-05-26,Deferred
380,380,3667.04,2025-07-01,Pending
381,381,4113.59,2025-06-14,Pending
382,382,751.31,2025-08-07,Pending
383,383,4756.11,2025-05-08,Pending
384,384,614.69,2025-10-03,Deferred
385,385,2636.79,2025-04-14,Deferred
386,386,2993.75,2025-07-22,Pending
387,387,176.29,2025-10-08,Recognized
388,388,2860.43,2025-08-13,Deferred
389,389,1734.79,2025-04-09,Deferred
390,390,2552.67,2025-05-28,Recognized
391,391,1760.54,2025-05-10,Recognized
392,392,729.55,2025-05-13,Pending
393,393,2228.4,2025-05-01,Pending
394,394,211.04,2025-08-10,Pending
395,395,1290.24,2025-10-06,Recognized
396,396,555.16,2025-08-21,Pending
397,397,1337.5,2025-10-07,Deferred
398,398,3865.68,2025-07-02,Pending
399,399,2810.38,2025-08-03,Deferred
400,400,1489.15,2025-10-06,Recognized
401,401,1481.78,2025-05-22,Deferred
402,402,964.3,2025-08-19,Pending
403,403,4818.48,2025-04-09,Pending
404,404,303.87,2025-06-16,Recognized
405,405,2457.7,2025-09-14,Recognized
406,406,2443.26,2025-06-25,Recognized
407,407,504.98,2025-07-16,Recognized
408,408,220.58,2025-05-09,Pending
409,409,1019.58,2025-08-27,Recognized
410,410,883.7,2025-10-04,Pending
411,411,3301.95,2025-07-10,Deferred
412,412,3973.78,2025-04-18,Deferred
413,413,2595.18,2025-07-13,Pending
414,414,1729.47,2025-06-03,Recognized
415,415,721.22,2025-08-02,Pending
416,416,4767.63,2025-08-28,Pending
417,417,1559.77,2025-04-25,Deferred
418,418,184.19,2025-07-29,Pending
419,419,1851.6,2025-05-21,Recognized
420,420,3482.4,2025-07-12,Pending
421,421,209.6,2025-04-20,Pending
422,422,2208.49,2025-10-07,Recognized
423,423,4605.14,2025-08-24,Deferred
424,424,456.97,2025-06-14,Recognized
425,425,4145.77,2025-09-09,Pending
426,426,1849.06,2025-07-31,Deferred
427,427,4601.54,2025-09-16,Pending
428,428,2683.94,2025-04-24,Deferred
429,429,752.39,2025-05-09,Pending
430,430,4532.7,2025-08-25,Pending
431,431,3080.42,2025-06-02,Pending
432,432,928.73,2025-05-03,Recognized
433,433,2474.81,2025-07-30,Pending
434,434,3852.32,2025-07-03,Recognized
435,435,3893.93,2025-09-09,Recognized
436,436,1325.49,2025-08-21,Pending
437,437,3357.47,2025-06-16,Deferred
438,438,1098.81,2025-04-30,Pending
439,439,4659.27,2025-05-23,Pending
440,440,1873.81,2025-09-29,Pending
441,441,3630.74,2025-06-06,Pending
442,442,2687.2,2025-08-29,Recognized
443,443,426.25,2025-08-08,Pending
444,444,4426.51,2025-07-29,Recognized
445,445,1400.4,2025-05-28,Recognized
446,446,3352.08,2025-08-27,Deferred
447,447,1316.0,2025-05-03,Deferred
448,448,2045.26,2025-08-15,Recognized
449,449,2873.15,2025-07-24,Pending
450,450,2150.01,2025-07-22,Deferred
451,451,3584.88,2025-05-05,Deferred
452,452,3086.59,2025-08-28,Pending
453,453,3636.33,2025-05-30,Recognized
454,454,2861.03,2025-09-10,Pending
455,455,119.43,2025-04-12,Pending
456,456,169.92,2025-05-01,Recognized
457,457,3189.09,2025-10-02,Pending
458,458,4470.66,2025-06-11,Pending
459,459,3267.99,2025-05-26,Deferred
460,460,599.97,2025-05-09,Pending
461,461,4879.46,2025-08-18,Pending
462,462,939.67,2025-05-05,Pending
463,463,2744.79,2025-07-07,Pending
464,464,844.56,2025-08-12,Recognized
465,465,3126.22,2025-04-23,Deferred
466,466,1912.14,2025-05-24,Recognized
467,467,3778.26,2025-04-23,Recognized
468,468,1144.57,2025-08-09,Recognized
469,469,3962.2,2025-06-23,Recognized
470,470,705.92,2025-05-29,Pending
471,471,2676.93,2025-08-02,Pending
472,472,4393.96,2025-09-26,Recognized
473,473,2029.05,2025-08-05,Pending
474,474,4485.65,2025-06-19,Deferred
475,475,2455.75,2025-08-30,Deferred
476,476,1331.26,2025-08-14,Pending
477,477,2298.93,2025-04-24,Deferred
478,478,3714.42,2025-07-15,Recognized
479,479,2492.7,2025-08-03,Pending
480,480,2947.49,2025-05-08,Recognized
481,481,4492.62,2025-09-25,Deferred
482,482,2824.59,2025-08-01,Pending
483,483,3729.35,2025-10-07,Recognized
484,484,2273.48,2025-04-21,Deferred
485,485,1344.72,2025-06-28,Pending
486,486,3919.55,2025-09-02,Pending
487,487,336.3,2025-04-19,Pending
488,488,3798.15,2025-05-21,Recognized
489,489,421.15,2025-06-08,Deferred
490,490,634.93,2025-06-25,Pending
491,491,2889.31,2025-08-10,Recognized
492,492,198.47,2025-04-19,Deferred
493,493,468.73,2025-04-21,Recognized
494,494,4280.66,2025-07-04,Pending
495,495,1135.22,2025-06-03,Deferred
496,496,4678.15,2025-09-11,Pending
497,497,4107.68,2025-09-01,Deferred
498,498,2711.82,2025-06-27,Deferred
499,499,3697.61,2025-07-05,Deferred
500,500,3000.26,2025-06-20,Pending
501,501,4984.02,2025-10-08,Pending
502,502,4357.48,2025-05-14,Recognized
503,503,973.24,2025-07-07,Deferred
504,504,4529.06,2025-05-24,Pending
505,505,3817.89,2025-04-27,Recognized
506,506,1949.84,2025-08-31,Recognized
507,507,1840.12,2025-06-29,Recognized
508,508,1370.24,2025-06-26,Pending
509,509,3678.42,2025-04-13,Deferred
510,510,3729.44,2025-06-05,Deferred
511,511,3352.98,2025-08-27,Deferred
512,512,531.53,2025-05-27,Pending
513,513,4203.8,2025-09-17,Deferred
514,514,3398.83,2025-08-22,Pending
515,515,1321.08,2025-06-05,Recognized
516,516,2095.25,2025-06-08,Pending
517,517,259.59,2025-09-09,Pending
518,518,2096.77,2025-06-11,Deferred
519,519,3949.27,2025-09-08,Pending
520,520,1919.28,2025-07-26,Deferred
521,521,121.83,2025-08-11,Deferred
522,522,186.95,2025-05-31,Deferred
523,523,1622.14,2025-04-29,Pending
524,524,3228.97,2025-04-30,Deferred
525,525,4777.22,2025-07-18,Deferred
526,526,1371.04,2025-08-04,Pending
527,527,1867.05,2025-06-29,Deferred
528,528,1531.05,2025-06-25,Pending
529,529,4556.37,2025-07-09,Pending
530,530,2158.12,2025-08-09,Recognized
531,531,1302.73,2025-07-15,Recognized
532,532,4046.57,2025-07-28,Recognized
533,533,4727.06,2025-07-05,Deferred
534,534,1675.96,2025-07-16,Recognized
535,535,4531.12,2025-08-16,Deferred
536,536,4708.43,2025-08-14,Recognized
537,537,2694.09,2025-04-27,Recognized
538,538,4510.41,2025-07-30,Deferred
539,539,4802.33,2025-07-22,Recognized
540,540,1061.18,2025-08-17,Pending
541,541,558.81,2025-08-13,Deferred
542,542,4185.83,2025-04-28,Pending
543,543,3245.09,2025-06-07,Deferred
544,544,1916.9,2025-08-05,Recognized
545,545,2186.87,2025-06-04,Pending
546,546,4933.89,2025-08-14,Deferred
547,547,1210.95,2025-05-15,Recognized
548,548,3588.13,2025-04-09,Recognized
549,549,3454.18,2025-08-07,Recognized
550,550,1894.67,2025-06-04,Deferred
551,551,1572.82,2025-04-25,Pending
552,552,3833.84,2025-04-27,Deferred
553,553,2682.68,2025-04-17,Recognized
554,554,1085.99,2025-07-28,Pending
555,555,3100.74,2025-05-19,Pending
556,556,800.59,2025-08-14,Pending
557,557,2865.78,2025-05-10,Deferred
558,558,3395.16,2025-07-06,Pending
559,559,1574.08,2025-08-14,Recognized
560,560,1101.34,2025-07-21,Pending
561,561,1977.67,2025-06-29,Recognized
562,562,362.81,2025-05-22,Pending
563,563,1147.37,2025-09-16,Recognized
564,564,4916.05,2025-05-04,Pending
565,565,3165.77,2025-08-12,Pending
566,566,2138.94,2025-07-24,Pending
567,567,4146.01,2025-07-26,Pending
568,568,169.08,2025-04-20,Pending
569,569,1499.08,2025-05-07,Deferred
570,570,4245.87,2025-05-17,Pending
571,571,116.1,2025-05-28,Pending
572,572,2070.95,2025-04-09,Pending
573,573,2022.23,2025-05-14,Deferred
574,574,2705.38,2025-09-24,Deferred
575,575,1121.78,2025-05-31,Recognized
576,576,1530.21,2025-07-18,Pending
577,577,4946.21,2025-08-23,Recognized
578,578,4816.76,2025-08-21,Pending
579,579,2524.67,2025-07-20,Deferred
580,580,2550.76,2025-09-13,Recognized
581,581,768.41,2025-07-15,Recognized
582,582,252.21,2025-04-13,Deferred
583,583,2010.69,2025-06-19,Deferred
584,584,2700.64,2025-04-13,Recognized
585,585,4339.74,2025-09-02,Recognized
586,586,4019.81,2025-09-08,Deferred
587,587,2379.44,2025-08-15,Pending
588,588,3279.48,2025-09-07,Recognized
589,589,1769.84,2025-06-18,Deferred
590,590,1885.6,2025-09-18,Deferred
591,591,4376.15,2025-04-30,Recognized
592,592,1028.13,2025-09-26,Recognized
593,593,3979.9,2025-05-04,Pending
594,594,1224.23,2025-05-27,Deferred
595,595,3323.26,2025-08-14,Deferred
596,596,1743.94,2025-10-08,Pending
597,597,1699.22,2025-08-23,Deferred
598,598,4428.1,2025-05-05,Pending
599,599,423.18,2025-08-02,Deferred
600,600,4807.74,2025-04-17,Deferred
601,601,2877.48,2025-08-18,Recognized
602,602,2293.35,2025-05-15,Deferred
603,603,925.26,2025-06-13,Recognized
604,604,843.27,2025-05-12,Pending
605,605,630.37,2025-08-29,Pending
606,606,3460.0,2025-07-16,Deferred
607,607,2518.24,2025-09-07,Deferred
608,608,3513.13,2025-04-13,Pending
609,609,2821.15,2025-05-13,Deferred
610,610,1343.81,2025-09-07,Deferred
611,611,2235.71,2025-08-29,Pending
612,612,1604.34,2025-07-06,Recognized
613,613,730.55,2025-08-28,Recognized
614,614,4378.14,2025-07-25,Deferred
615,615,200.25,2025-06-24,Deferred
616,616,2913.58,2025-04-11,Deferred
617,617,3776.15,2025-07-26,Recognized
618,618,2275.57,2025-09-11,Recognized
619,619,4575.44,2025-05-30,Deferred
620,620,2583.64,2025-09-02,Pending
621,621,131.08,2025-06-02,Deferred
622,622,3844.08,2025-09-01,Recognized
623,623,1942.05,2025-07-07,Deferred
624,624,4981.06,2025-09-19,Recognized
625,625,2298.04,2025-07-18,Deferred
626,626,918.88,2025-09-06,Recognized
627,627,2312.34,2025-09-16,Recognized
628,628,3588.97,2025-07-19,Deferred
629,629,488.34,2025-07-25,Pending
630,630,4728.96,2025-05-24,Pending
631,631,3990.26,2025-08-12,Pending
632,632,769.69,2025-04-21,Pending
633,633,494.54,2025-05-26,Recognized
634,634,4663.87,2025-09-22,Deferred
635,635,2693.78,2025-09-16,Deferred
636,636,2518.26,2025-04-30,Pending
637,637,1974.77,2025-09-27,Pending
638,638,3498.43,2025-05-20,Recognized
639,639,3584.75,2025-06-03,Deferred
640,640,1732.98,2025-07-17,Pending
641,641,1875.89,2025-04-28,Recognized
642,642,4033.19,2025-05-03,Deferred
643,643,4121.97,2025-07-04,Recognized
644,644,3137.41,2025-09-11,Recognized
645,645,2512.58,2025-08-24,Recognized
646,646,2836.13,2025-04-28,Pending
647,647,3035.88,2025-05-25,Deferred
648,648,895.12,2025-09-21,Recognized
649,649,2759.49,2025-09-01,Recognized
650,650,375.11,2025-09-30,Deferred
651,651,1738.03,2025-08-05,Recognized
652,652,944.87,2025-08-23,Deferred
653,653,4108.34,2025-09-29,Pending
654,654,4508.65,2025-07-23,Deferred
655,655,4318.23,2025-08-15,Recognized
656,656,4880.89,2025-09-10,Recognized
657,657,4325.81,2025-09-02,Deferred
658,658,2477.1,2025-07-07,Pending
659,659,537.29,2025-06-30,Recognized
660,660,1448.07,2025-06-24,Deferred
661,661,1150.42,2025-08-29,Recognized
662,662,2672.79,2025-04-28,Deferred
663,663,717.35,2025-08-17,Deferred
664,664,1023.77,2025-09-11,Pending
665,665,992.17,2025-04-21,Pending
666,666,2244.47,2025-07-03,Recognized
667,667,831.36,2025-08-06,Pending
668,668,4952.39,2025-09-26,Pending
669,669,2785.45,2025-09-01,Pending
670,670,257.95,2025-07-02,Recognized
671,671,3541.51,2025-05-11,Recognized
672,672,1867.2,2025-07-27,Pending
673,673,750.97,2025-06-05,Deferred
674,674,3161.92,2025-08-10,Pending
675,675,3045.23,2025-09-26,Recognized
676,676,1280.64,2025-07-31,Recognized
677,677,3904.91,2025-07-26,Deferred
678,678,2987.76,2025-08-01,Recognized
679,679,3267.65,2025-09-13,Pending
680,680,998.77,2025-06-28,Recognized
681,681,3303.25,2025-09-03,Deferred
682,682,2030.08,2025-07-14,Deferred
683,683,4484.08,2025-05-30,Recognized
684,684,774.07,2025-07-05,Recognized
685,685,949.14,2025-09-22,Recognized
686,686,4481.37,2025-06-16,Pending
687,687,857.86,2025-09-04,Pending
688,688,4580.26,2025-04-17,Deferred
689,689,346.56,2025-08-20,Pending
690,690,4025.75,2025-08-28,Pending
691,691,1394.99,2025-07-27,Pending
692,692,4048.76,2025-04-09,Recognized
693,693,2975.63,2025-08-28,Recognized
694,694,2258.85,2025-07-06,Deferred
695,695,4561.19,2025-06-05,Pending
696,696,1391.02,2025-05-14,Deferred
697,697,3852.78,2025-04-15,Pending
698,698,2431.42,2025-07-23,Deferred
699,699,3504.35,2025-07-27,Deferred
700,700,4520.98,2025-09-12,Deferred
701,701,775.18,2025-06-26,Recognized
702,702,3257.36,2025-08-23,Recognized
703,703,4727.97,2025-08-17,Deferred
704,704,1732.88,2025-05-05,Pending
705,705,4018.69,2025-08-16,Deferred
706,706,2368.77,2025-05-11,Deferred
707,707,4362.68,2025-07-20,Recognized
708,708,3394.87,2025-06-20,Deferred
709,709,4067.52,2025-06-06,Pending
710,710,2135.1,2025-10-05,Pending
711,711,3069.81,2025-05-20,Pending
712,712,260.04,2025-10-03,Recognized
713,713,2146.37,2025-05-13,Pending
714,714,4556.92,2025-06-24,Recognized
715,715,4570.64,2025-09-13,Pending
716,716,1492.27,2025-09-04,Recognized
717,717,166.11,2025-08-06,Recognized
718,718,804.57,2025-07-05,Recognized
719,719,3410.91,2025-05-08,Recognized
720,720,1622.42,2025-08-16,Deferred
721,721,1606.46,2025-09-02,Deferred
722,722,3330.97,2025-07-16,Recognized
723,723,702.48,2025-06-04,Deferred
724,724,1553.16,2025-09-17,Deferred
725,725,4678.92,2025-04-23,Recognized
726,726,3874.76,2025-04-23,Pending
727,727,4231.93,2025-07-29,Pending
728,728,485.36,2025-09-18,Recognized
729,729,3940.81,2025-06-23,Pending
730,730,3658.43,2025-05-16,Deferred
731,731,4068.14,2025-05-23,Recognized
732,732,2081.24,2025-08-18,Deferred
733,733,451.19,2025-05-15,Deferred
734,734,4338.94,2025-04-13,Pending
735,735,4996.66,2025-07-22,Pending
736,736,1224.16,2025-10-05,Deferred
737,737,3203.53,2025-05-29,Recognized
738,738,4187.92,2025-05-31,Deferred
739,739,4327.65,2025-07-24,Deferred
740,740,291.24,2025-07-25,Recognized
741,741,2574.85,2025-06-03,Pending
742,742,4584.36,2025-04-17,Deferred
743,743,3115.63,2025-07-10,Recognized
744,744,4886.92,2025-05-18,Deferred
745,745,3891.75,2025-05-22,Pending
746,746,3136.15,2025-04-18,Deferred
747,747,4954.47,2025-06-03,Recognized
748,748,2171.84,2025-06-13,Pending
749,749,3555.4,2025-09-28,Deferred
750,750,680.8,2025-09-04,Recognized
751,751,1512.84,2025-08-03,Recognized
752,752,473.17,2025-05-07,Deferred
753,753,1726.62,2025-08-22,Deferred
754,754,358.22,2025-10-01,Pending
755,755,3398.94,2025-04-26,Pending
756,756,340.53,2025-05-14,Recognized
757,757,451.1,2025-06-14,Pending
758,758,2163.48,2025-09-15,Pending
759,759,4096.08,2025-09-30,Recognized
760,760,4768.89,2025-07-22,Recognized
761,761,3938.93,2025-05-03,Recognized
762,762,4090.29,2025-09-20,Deferred
763,763,1831.73,2025-05-03,Deferred
764,764,2893.18,2025-04-26,Deferred
765,765,2157.43,2025-07-28,Recognized
766,766,2134.14,2025-09-22,Pending
767,767,2568.72,2025-05-07,Deferred
768,768,3354.69,2025-08-13,Recognized
769,769,1508.55,2025-05-14,Recognized
770,770,1817.99,2025-08-22,Recognized
771,771,535.99,2025-08-22,Recognized
772,772,2717.12,2025-09-24,Recognized
773,773,2978.51,2025-08-21,Deferred
774,774,3495.47,2025-07-27,Recognized
775,775,3837.36,2025-09-26,Pending
776,776,1418.27,2025-07-25,Pending
777,777,2760.27,2025-10-04,Recognized
778,778,3737.75,2025-07-03,Pending
779,779,948.98,2025-08-02,Recognized
780,780,1633.78,2025-06-04,Pending
781,781,2749.24,2025-07-14,Pending
782,782,2695.55,2025-07-15,Recognized
783,783,2626.8,2025-10-05,Pending
784,784,4994.0,2025-08-22,Pending
785,785,3206.8,2025-08-25,Recognized
786,786,1312.98,2025-09-19,Deferred
787,787,3068.25,2025-04-29,Pending
788,788,2526.88,2025-06-01,Recognized
789,789,1080.16,2025-08-06,Deferred
790,790,1459.54,2025-06-13,Pending
791,791,2210.07,2025-10-08,Recognized
792,792,569.44,2025-04-25,Deferred
793,793,2456.92,2025-09-26,Pending
794,794,4788.6,2025-04-10,Deferred
795,795,2621.26,2025-04-26,Pending
796,796,662.35,2025-08-02,Recognized
797,797,1742.48,2025-06-08,Pending
798,798,1037.24,2025-09-01,Deferred
799,799,2108.66,2025-04-19,Pending
800,800,1388.66,2025-10-01,Deferred
801,801,334.78,2025-09-01,Recognized
802,802,3969.78,2025-06-15,Pending
803,803,4509.89,2025-08-23,Deferred
804,804,1666.17,2025-04-26,Recognized
805,805,936.45,2025-05-11,Pending
806,806,4880.6,2025-07-13,Deferred
807,807,1860.55,2025-08-04,Deferred
808,808,2208.8,2025-06-01,Deferred
809,809,2875.39,2025-08-19,Deferred
810,810,2752.39,2025-07-04,Recognized
811,811,4918.75,2025-05-22,Deferred
812,812,3881.97,2025-08-27,Recognized
813,813,1540.05,2025-05-04,Pending
814,814,3870.38,2025-07-03,Pending
815,815,4031.29,2025-09-06,Recognized
816,816,2229.0,2025-06-10,Pending
817,817,4075.61,2025-05-13,Recognized
818,818,3365.11,2025-09-24,Deferred
819,819,3944.28,2025-08-23,Deferred
820,820,1136.79,2025-07-24,Pending
821,821,1476.46,2025-06-27,Pending
822,822,768.41,2025-04-27,Recognized
823,823,663.14,2025-07-23,Recognized
824,824,4778.84,2025-07-21,Pending
825,825,3076.62,2025-07-19,Recognized
826,826,1470.6,2025-07-01,Recognized
827,827,3542.43,2025-08-06,Pending
828,828,2380.5,2025-05-05,Recognized
829,829,1957.02,2025-09-14,Recognized
830,830,3742.31,2025-09-04,Pending
831,831,4782.77,2025-09-09,Deferred
832,832,112.29,2025-04-25,Pending
833,833,3572.74,2025-06-18,Pending
834,834,1581.18,2025-05-08,Deferred
835,835,1829.05,2025-08-15,Recognized
836,836,4105.99,2025-07-02,Pending
837,837,2985.3,2025-06-20,Recognized
838,838,4226.83,2025-06-04,Pending
839,839,240.44,2025-08-29,Deferred
840,840,344.31,2025-04-19,Deferred
841,841,178.53,2025-06-19,Deferred
842,842,4521.88,2025-04-14,Deferred
843,843,461.69,2025-06-17,Deferred
844,844,3487.94,2025-10-07,Deferred
845,845,630.78,2025-08-18,Recognized
846,846,416.46,2025-08-30,Pending
847,847,701.26,2025-08-20,Pending
848,848,546.22,2025-06-20,Recognized
849,849,4971.51,2025-06-12,Recognized
850,850,4593.08,2025-09-08,Recognized
851,851,2151.27,2025-06-09,Pending
852,852,776.83,2025-07-20,Deferred
853,853,2939.27,2025-08-24,Deferred
854,854,2037.99,2025-04-30,Deferred
855,855,2627.0,2025-09-08,Deferred
856,856,2243.21,2025-08-24,Recognized
857,857,1133.69,2025-07-01,Pending
858,858,4340.27,2025-08-24,Pending
859,859,3273.69,2025-07-18,Recognized
860,860,3808.11,2025-06-28,Recognized
861,861,4195.28,2025-07-23,Deferred
862,862,2136.67,2025-07-06,Recognized
863,863,3655.9,2025-06-13,Deferred
864,864,2086.9,2025-10-02,Recognized
865,865,3727.05,2025-07-04,Deferred
866,866,3231.21,2025-05-18,Deferred
867,867,628.35,2025-08-04,Deferred
868,868,1759.29,2025-08-12,Pending
869,869,1585.07,2025-10-05,Recognized
870,870,191.13,2025-08-15,Pending
871,871,962.35,2025-08-19,Pending
872,872,1466.75,2025-05-30,Pending
873,873,3428.62,2025-06-03,Recognized
874,874,593.54,2025-06-01,Deferred
875,875,3268.3,2025-09-12,Deferred
876,876,3830.2,2025-07-23,Recognized
877,877,3314.76,2025-07-17,Deferred
878,878,4661.61,2025-08-01,Deferred
879,879,2262.93,2025-05-04,Deferred
880,880,3111.81,2025-09-16,Pending
881,881,2128.09,2025-04-09,Recognized
882,882,2427.6,2025-08-09,Recognized
883,883,4285.27,2025-04-19,Pending
884,884,4773.63,2025-05-23,Deferred
885,885,375.1,2025-07-19,Pending
886,886,1154.22,2025-10-03,Recognized
887,887,2325.54,2025-05-26,Recognized
888,888,4121.81,2025-09-29,Pending
889,889,189.89,2025-08-04,Recognized
890,890,4467.86,2025-07-10,Recognized
891,891,231.21,2025-04-24,Deferred
892,892,3265.79,2025-08-05,Deferred
893,893,4270.23,2025-04-18,Deferred
894,894,4701.76,2025-05-17,Recognized
895,895,3409.37,2025-05-23,Pending
896,896,4763.81,2025-07-07,Recognized
897,897,4240.86,2025-08-06,Recognized
898,898,3010.8,2025-09-30,Pending
899,899,2263.84,2025-09-03,Pending
900,900,343.76,2025-05-23,Deferred
901,901,2373.87,2025-09-04,Recognized
902,902,1018.99,2025-06-08,Recognized
903,903,4365.19,2025-05-10,Pending
904,904,4391.48,2025-05-25,Pending
905,905,4971.49,2025-09-10,Recognized
906,906,4860.35,2025-06-21,Recognized
907,907,3489.27,2025-06-17,Pending
908,908,3940.09,2025-08-24,Recognized
909,909,696.34,2025-05-08,Pending
910,910,3269.6,2025-04-14,Deferred
911,911,186.9,2025-07-23,Pending
912,912,4574.75,2025-10-02,Recognized
913,913,2623.08,2025-08-07,Pending
914,914,2338.49,2025-09-28,Deferred
915,915,3783.6,2025-08-14,Deferred
916,916,1787.81,2025-08-08,Pending
917,917,500.87,2025-09-29,Recognized
918,918,1927.22,2025-07-29,Deferred
919,919,1484.41,2025-09-09,Deferred
920,920,2978.97,2025-08-22,Recognized
921,921,3662.12,2025-08-15,Recognized
922,922,2348.01,2025-05-13,Deferred
923,923,1772.64,2025-08-14,Deferred
924,924,436.34,2025-08-10,Pending
925,925,1282.96,2025-05-15,Deferred
926,926,1714.98,2025-05-25,Recognized
927,927,2885.86,2025-08-25,Deferred
928,928,549.4,2025-09-17,Deferred
929,929,3939.19,2025-04-09,Recognized
930,930,1701.38,2025-07-04,Pending
931,931,1044.93,2025-09-05,Deferred
932,932,4615.82,2025-09-08,Pending
933,933,1673.73,2025-05-06,Recognized
934,934,2552.57,2025-05-05,Deferred
935,935,713.62,2025-06-15,Deferred
936,936,871.78,2025-07-12,Pending
937,937,3727.13,2025-09-29,Pending
938,938,386.77,2025-07-15,Recognized
939,939,713.69,2025-04-16,Recognized
940,940,279.83,2025-06-19,Pending
941,941,2863.61,2025-07-22,Pending
942,942,3791.43,2025-09-04,Recognized
943,943,2368.99,2025-06-06,Recognized
944,944,127.68,2025-06-04,Pending
945,945,4196.9,2025-04-30,Recognized
946,946,215.29,2025-08-23,Recognized
947,947,1688.91,2025-08-10,Recognized
948,948,2307.69,2025-07-17,Recognized
949,949,3922.38,2025-07-26,Deferred
950,950,765.6,2025-06-10,Recognized
951,951,2328.58,2025-09-29,Deferred
952,952,1264.14,2025-05-31,Pending
953,953,4709.01,2025-06-09,Recognized
954,954,3930.04,2025-07-06,Deferred
955,955,4401.9,2025-06-02,Recognized
956,956,2588.33,2025-09-30,Deferred
957,957,2062.85,2025-05-09,Deferred
958,958,295.54,2025-07-09,Recognized
959,959,4575.35,2025-09-18,Recognized
960,960,2922.21,2025-07-08,Pending
961,961,3087.93,2025-08-25,Recognized
962,962,4463.1,2025-06-23,Deferred
963,963,4356.45,2025-06-07,Deferred
964,964,106.65,2025-06-08,Recognized
965,965,2317.28,2025-05-14,Recognized
966,966,3076.16,2025-07-11,Pending
967,967,4730.91,2025-08-19,Recognized
968,968,881.63,2025-05-19,Pending
969,969,366.75,2025-07-23,Recognized
970,970,734.55,2025-07-12,Recognized
971,971,2303.46,2025-08-27,Deferred
972,972,4185.3,2025-06-26,Pending
973,973,3234.41,2025-08-15,Recognized
974,974,4686.36,2025-07-10,Recognized
975,975,4569.49,2025-07-11,Pending
976,976,1110.03,2025-10-01,Recognized
977,977,1938.09,2025-05-22,Deferred
978,978,300.11,2025-05-23,Pending
979,979,3268.21,2025-07-10,Recognized
980,980,3829.16,2025-09-24,Recognized
981,981,4390.62,2025-05-14,Pending
982,982,356.5,2025-09-14,Recognized
983,983,4179.59,2025-08-23,Deferred
984,984,2956.8,2025-06-12,Recognized
985,985,3752.75,2025-04-26,Deferred
986,986,4476.42,2025-05-27,Recognized
987,987,3098.44,2025-07-27,Deferred
988,988,1758.06,2025-05-18,Deferred
989,989,4428.21,2025-08-18,Deferred
990,990,4442.78,2025-04-19,Pending
991,991,4452.21,2025-09-29,Recognized
992,992,4795.21,2025-05-31,Deferred
993,993,940.33,2025-08-08,Pending
994,994,3080.25,2025-04-16,Recognized
995,995,530.67,2025-08-15,Pending
996,996,587.57,2025-07-08,Deferred
997,997,2589.19,2025-08-18,Recognized
998,998,1498.0,2025-09-20,Pending
999,999,2276.02,2025-08-21,Deferred
1000,1000,2382.45,2025-07-13,Recognized
1001,1001,1823.29,2025-06-16,Pending
1002,1002,3575.5,2025-06-30,Deferred
1003,1003,1473.64,2025-04-17,Pending
1004,1004,4811.4,2025-05-05,Deferred
1005,1005,145.92,2025-09-01,Deferred
1006,1006,3168.74,2025-10-05,Deferred
1007,1007,490.06,2025-08-18,Recognized
1008,1008,2127.21,2025-05-11,Pending
1009,1009,2469.59,2025-08-03,Deferred
1010,1010,2660.43,2025-08-24,Recognized
1011,1011,4400.86,2025-07-15,Recognized
1012,1012,1807.1,2025-05-05,Recognized
1013,1013,1314.48,2025-08-26,Deferred
1014,1014,2035.71,2025-08-23,Pending
1015,1015,1827.39,2025-05-11,Deferred
1016,1016,3337.11,2025-08-30,Recognized
1017,1017,2742.97,2025-06-11,Deferred
1018,1018,1478.56,2025-05-31,Deferred
1019,1019,634.62,2025-04-16,Deferred
1020,1020,4097.71,2025-09-24,Recognized
1021,1021,3783.91,2025-05-22,Deferred
1022,1022,477.04,2025-06-24,Pending
1023,1023,2638.14,2025-06-29,Deferred
1024,1024,3379.35,2025-07-28,Deferred
1025,1025,2914.51,2025-08-26,Pending
1026,1026,1477.87,2025-07-23,Recognized
1027,1027,2421.64,2025-08-16,Recognized
1028,1028,4763.59,2025-07-09,Pending
1029,1029,4566.85,2025-07-10,Pending
1030,1030,3466.16,2025-09-12,Pending
1031,1031,1543.85,2025-06-26,Deferred
1032,1032,313.33,2025-09-09,Recognized
1033,1033,3156.92,2025-05-03,Recognized
1034,1034,4962.61,2025-08-03,Deferred
1035,1035,949.84,2025-04-13,Recognized
1036,1036,4539.5,2025-08-04,Deferred
1037,1037,669.2,2025-04-17,Pending
1038,1038,4867.34,2025-05-23,Deferred
1039,1039,4201.47,2025-05-10,Pending
1040,1040,4343.84,2025-04-18,Recognized
1041,1041,3779.43,2025-09-16,Pending
1042,1042,4456.2,2025-05-15,Recognized
1043,1043,4219.81,2025-07-16,Recognized
1044,1044,1327.56,2025-05-08,Deferred
1045,1045,4537.62,2025-04-23,Recognized
1046,1046,1742.85,2025-04-11,Pending
1047,1047,2615.38,2025-07-20,Pending
1048,1048,4941.72,2025-08-28,Deferred
1049,1049,2532.3,2025-08-24,Pending
1050,1050,1633.8,2025-08-30,Deferred
1051,1051,4152.02,2025-07-09,Pending
1052,1052,119.61,2025-06-03,Deferred
1053,1053,1252.92,2025-07-06,Recognized
1054,1054,3699.61,2025-06-28,Pending
1055,1055,2828.27,2025-06-14,Deferred
1056,1056,3197.32,2025-05-13,Pending
1057,1057,3293.54,2025-06-15,Pending
1058,1058,1085.93,2025-06-18,Recognized
1059,1059,4565.82,2025-05-09,Pending
1060,1060,3884.74,2025-08-31,Pending
1061,1061,495.79,2025-06-26,Pending
1062,1062,2457.02,2025-04-27,Deferred
1063,1063,292.91,2025-05-04,Deferred
1064,1064,4093.79,2025-04-24,Deferred
1065,1065,3402.47,2025-08-09,Recognized
1066,1066,689.77,2025-05-15,Pending
1067,1067,3863.7,2025-09-18,Recognized
1068,1068,429.09,2025-05-22,Recognized
1069,1069,3149.18,2025-10-02,Pending
1070,1070,492.0,2025-07-01,Pending
1071,1071,3207.16,2025-07-06,Pending
1072,1072,3140.61,2025-05-30,Pending
1073,1073,2357.81,2025-09-12,Recognized
1074,1074,4469.13,2025-09-02,Deferred
1075,1075,4102.1,2025-04-26,Deferred
1076,1076,2979.45,2025-07-27,Deferred
1077,1077,239.57,2025-05-31,Pending
1078,1078,2867.27,2025-07-31,Deferred
1079,1079,154.5,2025-08-27,Deferred
1080,1080,780.09,2025-09-02,Pending
1081,1081,2597.34,2025-07-07,Pending
1082,1082,4385.26,2025-05-07,Pending
1083,1083,3785.38,2025-05-31,Deferred
1084,1084,1282.53,2025-10-08,Recognized
1085,1085,4254.92,2025-09-15,Deferred
1086,1086,2709.85,2025-07-23,Deferred
1087,1087,2711.97,2025-08-01,Pending
1088,1088,3718.01,2025-05-13,Pending
1089,1089,482.54,2025-08-09,Recognized
1090,1090,4594.44,2025-08-01,Pending
1091,1091,3627.13,2025-07-03,Pending
1092,1092,2541.97,2025-09-23,Deferred
1093,1093,4451.61,2025-05-20,Recognized
1094,1094,1655.92,2025-08-20,Recognized
1095,1095,304.94,2025-09-19,Recognized
1096,1096,2416.03,2025-07-14,Deferred
1097,1097,125.28,2025-04-28,Deferred
1098,1098,3651.96,2025-07-28,Deferred
1099,1099,4761.1,2025-08-31,Deferred
1100,1100,3049.93,2025-05-28,Deferred
1101,1101,1433.81,2025-07-18,Deferred
1102,1102,1914.76,2025-05-19,Pending
1103,1103,2798.23,2025-04-16,Pending
1104,1104,1003.63,2025-04-14,Deferred
1105,1105,4973.3,2025-06-07,Pending
1106,1106,3176.04,2025-09-14,Pending
1107,1107,4707.22,2025-06-02,Pending
1108,1108,1604.63,2025-05-11,Deferred
1109,1109,1269.76,2025-07-06,Deferred
1110,1110,2186.33,2025-07-26,Deferred
1111,1111,4937.15,2025-06-18,Pending
1112,1112,2065.41,2025-07-24,Pending
1113,1113,500.93,2025-04-21,Recognized
1114,1114,2365.81,2025-06-21,Pending
1115,1115,805.18,2025-08-29,Pending
1116,1116,1656.99,2025-08-17,Deferred
1117,1117,1839.72,2025-06-18,Deferred
1118,1118,1484.55,2025-07-14,Deferred
1119,1119,3286.24,2025-05-03,Deferred
1120,1120,2603.82,2025-06-25,Recognized
1121,1121,362.5,2025-09-28,Recognized
1122,1122,2033.47,2025-08-20,Recognized
1123,1123,2802.43,2025-07-16,Pending
1124,1124,2393.44,2025-05-06,Deferred
1125,1125,2487.54,2025-06-17,Recognized
1126,1126,3527.65,2025-07-04,Deferred
1127,1127,3606.71,2025-09-09,Pending
1128,1128,2188.19,2025-06-01,Recognized
1129,1129,4217.31,2025-08-03,Recognized
1130,1130,1686.44,2025-09-18,Pending
1131,1131,229.0,2025-05-28,Recognized
1132,1132,210.48,2025-07-10,Pending
1133,1133,983.84,2025-06-07,Pending
1134,1134,4086.36,2025-09-22,Deferred
1135,1135,2999.24,2025-06-08,Recognized
1136,1136,1558.21,2025-05-18,Deferred
1137,1137,105.31,2025-08-17,Pending
1138,1138,4480.56,2025-07-21,Pending
1139,1139,470.98,2025-04-13,Recognized
1140,1140,2347.95,2025-05-08,Recognized
1141,1141,322.16,2025-08-11,Deferred
1142,1142,285.22,2025-04-12,Recognized
1143,1143,2141.13,2025-05-24,Deferred
1144,1144,4467.96,2025-05-09,Recognized
1145,1145,744.66,2025-08-17,Recognized
1146,1146,4018.72,2025-06-01,Deferred
1147,1147,3727.4,2025-09-08,Recognized
1148,1148,2498.41,2025-08-16,Recognized
1149,1149,943.15,2025-05-14,Deferred
1150,1150,4516.73,2025-08-18,Deferred
1151,1151,3067.18,2025-08-07,Pending
1152,1152,4975.08,2025-05-08,Pending
1153,1153,3663.88,2025-04-14,Deferred
1154,1154,3786.22,2025-06-03,Deferred
1155,1155,1265.95,2025-07-25,Recognized
1156,1156,1191.49,2025-05-06,Deferred
1157,1157,3263.88,2025-09-03,Deferred
1158,1158,4306.14,2025-07-03,Deferred
1159,1159,1231.24,2025-04-28,Deferred
1160,1160,1521.88,2025-08-25,Recognized
1161,1161,2713.84,2025-07-07,Deferred
1162,1162,3264.6,2025-04-14,Pending
1163,1163,1538.95,2025-07-01,Recognized
1164,1164,1540.25,2025-09-13,Deferred
1165,1165,1167.19,2025-09-19,Pending
1166,1166,1745.24,2025-09-13,Deferred
1167,1167,4047.76,2025-07-14,Pending
1168,1168,1265.43,2025-07-29,Pending
1169,1169,295.76,2025-08-18,Recognized
1170,1170,1814.17,2025-09-29,Recognized
1171,1171,4089.47,2025-10-07,Recognized
1172,1172,4654.06,2025-09-04,Recognized
1173,1173,4669.73,2025-09-10,Recognized
1174,1174,4967.92,2025-09-17,Recognized
1175,1175,3947.5,2025-05-25,Deferred
1176,1176,4508.85,2025-08-11,Deferred
1177,1177,880.16,2025-06-22,Pending
1178,1178,2981.67,2025-06-25,Deferred
1179,1179,3279.43,2025-07-24,Recognized
1180,1180,3143.02,2025-06-07,Pending
1181,1181,759.56,2025-06-15,Pending
1182,1182,3644.83,2025-09-24,Pending
1183,1183,2144.05,2025-09-11,Recognized
1184,1184,4361.37,2025-07-17,Pending
1185,1185,3034.93,2025-05-02,Deferred
1186,1186,1012.53,2025-05-11,Pending
1187,1187,1309.75,2025-05-04,Pending
1188,1188,1227.35,2025-05-18,Pending
1189,1189,425.98,2025-07-24,Deferred
1190,1190,2215.93,2025-08-20,Recognized
1191,1191,3931.6,2025-06-08,Pending
1192,1192,2566.23,2025-08-22,Deferred
1193,1193,177.62,2025-07-29,Recognized
1194,1194,2433.89,2025-07-06,Recognized
1195,1195,2402.33,2025-08-13,Pending
1196,1196,4661.83,2025-06-16,Deferred
1197,1197,2099.54,2025-08-15,Pending
1198,1198,3400.59,2025-05-18,Deferred
1199,1199,1981.32,2025-06-29,Pending
1200,1200,1608.23,2025-08-30,Pending
1201,1201,4364.74,2025-09-12,Recognized
1202,1202,1062.76,2025-06-25,Deferred
1203,1203,2109.29,2025-06-10,Deferred
1204,1204,144.77,2025-04-17,Pending
1205,1205,893.57,2025-06-04,Recognized
1206,1206,3136.88,2025-09-28,Recognized
1207,1207,4007.31,2025-04-29,Recognized
1208,1208,4703.97,2025-08-19,Deferred
1209,1209,2114.57,2025-08-18,Recognized
1210,1210,1640.59,2025-09-13,Deferred
1211,1211,2765.7,2025-05-07,Recognized
1212,1212,815.81,2025-09-08,Pending
1213,1213,2925.83,2025-04-18,Recognized
1214,1214,3928.52,2025-09-29,Recognized
1215,1215,4290.17,2025-08-22,Deferred
1216,1216,2026.25,2025-06-28,Pending
1217,1217,1056.78,2025-09-05,Pending
1218,1218,938.1,2025-05-01,Pending
1219,1219,3447.2,2025-06-27,Pending
1220,1220,4302.35,2025-08-19,Recognized
1221,1221,3015.31,2025-10-02,Deferred
1222,1222,4732.35,2025-07-01,Pending
1223,1223,2414.23,2025-07-12,Deferred
1224,1224,554.96,2025-07-13,Recognized
1225,1225,4341.02,2025-05-27,Deferred
1226,1226,1991.81,2025-07-31,Recognized
1227,1227,1452.15,2025-05-02,Pending
1228,1228,2568.16,2025-09-11,Deferred
1229,1229,3149.91,2025-05-15,Deferred
1230,1230,2068.03,2025-08-11,Pending
1231,1231,1103.99,2025-04-28,Recognized
1232,1232,1358.87,2025-04-26,Pending
1233,1233,847.97,2025-06-07,Pending
1234,1234,2001.85,2025-09-04,Deferred
1235,1235,2760.56,2025-09-30,Deferred
1236,1236,502.13,2025-10-01,Pending
1237,1237,4500.96,2025-06-30,Deferred
1238,1238,3590.09,2025-09-08,Pending
1239,1239,1391.64,2025-08-11,Deferred
1240,1240,2617.73,2025-05-02,Recognized
1241,1241,4396.89,2025-09-18,Recognized
1242,1242,337.9,2025-09-08,Recognized
1243,1243,1908.63,2025-08-21,Pending
1244,1244,2280.67,2025-06-12,Recognized
1245,1245,383.07,2025-07-26,Deferred
1246,1246,4397.21,2025-05-08,Deferred
1247,1247,4380.12,2025-04-15,Deferred
1248,1248,4652.83,2025-09-22,Pending
1249,1249,4836.03,2025-07-14,Recognized
1250,1250,4020.86,2025-05-22,Pending
1251,1251,3964.09,2025-05-27,Pending
1252,1252,4884.13,2025-06-18,Deferred
1253,1253,1520.32,2025-09-25,Recognized
1254,1254,4487.18,2025-05-26,Pending
1255,1255,4810.22,2025-05-30,Recognized
1256,1256,2632.35,2025-08-02,Recognized
1257,1257,3863.39,2025-05-13,Recognized
1258,1258,3489.76,2025-05-23,Deferred
1259,1259,336.05,2025-08-11,Pending
1260,1260,3409.71,2025-06-24,Deferred
1261,1261,2807.9,2025-10-08,Deferred
1262,1262,2443.65,2025-07-08,Recognized
1263,1263,3143.68,2025-07-26,Recognized
1264,1264,2330.82,2025-09-20,Recognized
1265,1265,2518.0,2025-10-08,Recognized
1266,1266,2776.44,2025-07-26,Pending
1267,1267,2819.6,2025-04-27,Deferred
1268,1268,3483.42,2025-05-02,Recognized
1269,1269,1932.96,2025-04-23,Pending
1270,1270,1526.31,2025-10-01,Recognized
1271,1271,1394.07,2025-08-29,Pending
1272,1272,1676.69,2025-08-03,Recognized
1273,1273,199.47,2025-07-15,Recognized
1274,1274,1788.35,2025-04-19,Recognized
1275,1275,3988.38,2025-10-05,Deferred
1276,1276,3451.85,2025-09-08,Deferred
1277,1277,4470.29,2025-08-08,Recognized
1278,1278,4226.08,2025-07-27,Pending
1279,1279,2742.35,2025-07-10,Recognized
1280,1280,1103.67,2025-06-01,Deferred
1281,1281,4072.99,2025-09-09,Recognized
1282,1282,1249.32,2025-05-08,Deferred
1283,1283,3515.88,2025-05-22,Deferred
1284,1284,2399.02,2025-08-03,Recognized
1285,1285,2921.26,2025-09-12,Deferred
1286,1286,1012.76,2025-06-04,Deferred
1287,1287,3000.5,2025-08-25,Pending
1288,1288,2980.36,2025-09-30,Recognized
1289,1289,931.46,2025-07-28,Pending
1290,1290,377.6,2025-09-18,Deferred
1291,1291,4805.86,2025-05-02,Pending
1292,1292,3120.29,2025-05-18,Deferred
1293,1293,1688.17,2025-06-26,Pending
1294,1294,3472.7,2025-09-05,Pending
1295,1295,3578.0,2025-04-28,Recognized
1296,1296,3373.01,2025-06-28,Pending
1297,1297,569.23,2025-05-22,Deferred
1298,1298,3874.57,2025-09-27,Deferred
1299,1299,2758.71,2025-05-26,Pending
1300,1300,1742.77,2025-09-06,Recognized
1301,1301,2432.32,2025-05-07,Deferred
1302,1302,4257.97,2025-04-26,Pending
1303,1303,1930.73,2025-05-10,Deferred
1304,1304,2978.18,2025-05-22,Deferred
1305,1305,3389.41,2025-09-12,Deferred
1306,1306,3138.25,2025-05-12,Recognized
1307,1307,2649.83,2025-09-14,Recognized
1308,1308,507.16,2025-05-06,Deferred
1309,1309,2864.59,2025-05-14,Pending
1310,1310,574.72,2025-08-29,Pending
1311,1311,2057.6,2025-09-10,Recognized
1312,1312,3729.11,2025-06-24,Deferred
1313,1313,4360.61,2025-08-13,Pending
1314,1314,1607.24,2025-05-11,Pending
1315,1315,4866.26,2025-08-01,Pending
1316,1316,4629.58,2025-07-30,Deferred
1317,1317,2306.61,2025-06-08,Recognized
1318,1318,1927.71,2025-06-11,Recognized
1319,1319,3849.64,2025-06-29,Pending
1320,1320,1635.26,2025-09-17,Recognized
1321,1321,3751.76,2025-04-12,Recognized
1322,1322,1060.82,2025-07-23,Deferred
1323,1323,1999.93,2025-05-26,Deferred
1324,1324,4502.4,2025-06-22,Deferred
1325,1325,3511.25,2025-07-24,Pending
1326,1326,2089.99,2025-08-31,Recognized
1327,1327,1561.31,2025-09-23,Deferred
1328,1328,1160.74,2025-09-30,Pending
1329,1329,474.32,2025-06-04,Recognized
1330,1330,250.83,2025-09-26,Deferred
1331,1331,4689.16,2025-05-08,Recognized
1332,1332,4703.36,2025-09-28,Recognized
1333,1333,1058.04,2025-05-17,Pending
1334,1334,1068.76,2025-06-02,Pending
1335,1335,2274.94,2025-08-20,Pending
1336,1336,3470.67,2025-09-02,Pending
1337,1337,1487.39,2025-04-09,Pending
1338,1338,3756.77,2025-10-01,Recognized
1339,1339,2935.66,2025-09-01,Recognized
1340,1340,2252.61,2025-05-10,Pending
1341,1341,1802.24,2025-05-31,Pending
1342,1342,3742.81,2025-07-07,Recognized
1343,1343,4719.64,2025-04-16,Pending
1344,1344,216.86,2025-09-09,Deferred
1345,1345,4381.23,2025-06-20,Deferred
1346,1346,1764.73,2025-05-01,Deferred
1347,1347,517.29,2025-07-09,Recognized
1348,1348,1555.68,2025-06-29,Deferred
1349,1349,2807.83,2025-06-25,Recognized
1350,1350,2947.96,2025-05-31,Deferred
1351,1351,694.37,2025-05-02,Pending
1352,1352,4007.02,2025-06-07,Deferred
1353,1353,1708.57,2025-05-18,Recognized
1354,1354,1820.32,2025-09-19,Deferred
1355,1355,2792.26,2025-04-27,Recognized
1356,1356,3701.12,2025-09-08,Deferred
1357,1357,481.61,2025-05-16,Recognized
1358,1358,3023.67,2025-05-26,Deferred
1359,1359,2051.37,2025-04-09,Recognized
1360,1360,1840.86,2025-05-12,Recognized
1361,1361,4325.05,2025-06-07,Pending
1362,1362,3771.14,2025-07-09,Recognized
1363,1363,465.85,2025-08-31,Recognized
1364,1364,4529.84,2025-10-01,Recognized
1365,1365,134.12,2025-07-02,Deferred
1366,1366,1915.81,2025-05-31,Pending
1367,1367,483.06,2025-09-09,Deferred
1368,1368,2572.15,2025-07-10,Pending
1369,1369,1275.35,2025-08-02,Pending
1370,1370,2178.21,2025-09-30,Recognized
1371,1371,533.79,2025-05-27,Pending
1372,1372,1287.31,2025-04-28,Deferred
1373,1373,1103.35,2025-09-08,Pending
1374,1374,410.58,2025-06-13,Deferred
1375,1375,1733.23,2025-07-04,Deferred
1376,1376,878.52,2025-08-17,Pending
1377,1377,2084.49,2025-09-26,Deferred
1378,1378,3545.98,2025-08-28,Deferred
1379,1379,3787.94,2025-07-21,Deferred
1380,1380,2571.8,2025-08-06,Pending
1381,1381,584.72,2025-06-19,Pending
1382,1382,1463.1,2025-06-30,Deferred
1383,1383,4217.78,2025-08-18,Recognized
1384,1384,4071.46,2025-07-21,Pending
1385,1385,3140.65,2025-05-13,Deferred
1386,1386,887.12,2025-06-25,Pending
1387,1387,4249.14,2025-09-30,Recognized
1388,1388,2285.05,2025-08-07,Pending
1389,1389,4734.61,2025-06-26,Recognized
1390,1390,2329.83,2025-08-14,Recognized
1391,1391,3656.34,2025-04-21,Pending
1392,1392,3743.65,2025-06-17,Recognized
1393,1393,3693.9,2025-04-27,Deferred
1394,1394,541.8,2025-05-17,Recognized
1395,1395,930.64,2025-06-05,Recognized
1396,1396,2760.1,2025-06-24,Pending
1397,1397,4194.15,2025-06-16,Deferred
1398,1398,1568.72,2025-05-19,Pending
1399,1399,4087.58,2025-08-07,Recognized
1400,1400,2003.01,2025-06-24,Recognized
1401,1401,3658.95,2025-06-23,Pending
1402,1402,2890.11,2025-08-01,Recognized
1403,1403,1828.48,2025-06-01,Recognized
1404,1404,2176.93,2025-07-10,Pending
1405,1405,731.7,2025-07-28,Recognized
1406,1406,1601.07,2025-07-05,Pending
1407,1407,3235.63,2025-10-01,Recognized
1408,1408,4399.76,2025-04-27,Recognized
1409,1409,4319.11,2025-08-27,Recognized
1410,1410,3782.08,2025-05-11,Recognized
1411,1411,1969.04,2025-04-27,Recognized
1412,1412,4491.85,2025-09-29,Deferred
1413,1413,2327.04,2025-07-13,Recognized
1414,1414,4913.96,2025-06-26,Pending
1415,1415,2609.21,2025-09-16,Pending
1416,1416,4612.77,2025-07-10,Pending
1417,1417,1923.02,2025-07-18,Pending
1418,1418,3243.41,2025-05-24,Pending
1419,1419,2601.46,2025-09-25,Pending
1420,1420,718.18,2025-08-25,Pending
1421,1421,2825.09,2025-04-20,Pending
1422,1422,3177.59,2025-04-19,Deferred
1423,1423,4970.2,2025-04-28,Pending
1424,1424,271.19,2025-10-06,Pending
1425,1425,4329.82,2025-09-15,Pending
1426,1426,2237.69,2025-04-09,Recognized
1427,1427,142.51,2025-08-14,Recognized
1428,1428,2952.12,2025-07-05,Recognized
1429,1429,3527.84,2025-07-27,Recognized
1430,1430,1708.26,2025-07-23,Recognized
1431,1431,2231.43,2025-06-05,Recognized
1432,1432,4912.79,2025-04-15,Deferred
1433,1433,512.78,2025-09-04,Recognized
1434,1434,3688.52,2025-08-03,Deferred
1435,1435,2485.32,2025-05-08,Recognized
1436,1436,1794.64,2025-08-24,Pending
1437,1437,507.96,2025-04-11,Pending
1438,1438,2329.6,2025-07-08,Deferred
1439,1439,3375.92,2025-04-19,Pending
1440,1440,1119.33,2025-04-12,Recognized
1441,1441,1756.83,2025-04-29,Pending
1442,1442,2782.63,2025-07-27,Deferred
1443,1443,2500.11,2025-05-08,Pending
1444,1444,3504.35,2025-07-09,Pending
1445,1445,4529.75,2025-07-08,Deferred
1446,1446,2632.04,2025-08-23,Deferred
1447,1447,1926.96,2025-08-17,Pending
1448,1448,2806.92,2025-07-16,Recognized
1449,1449,4605.11,2025-05-27,Deferred
1450,1450,4442.95,2025-07-22,Recognized
1451,1451,4472.78,2025-07-03,Pending
1452,1452,1346.37,2025-05-24,Deferred
1453,1453,3068.98,2025-05-06,Recognized
1454,1454,3079.33,2025-08-24,Pending
1455,1455,4160.16,2025-06-23,Deferred
1456,1456,4943.41,2025-09-19,Pending
1457,1457,197.25,2025-08-29,Deferred
1458,1458,125.6,2025-04-26,Deferred
1459,1459,1117.7,2025-05-19,Deferred
1460,1460,4707.25,2025-05-05,Recognized
1461,1461,2557.05,2025-05-30,Recognized
1462,1462,695.78,2025-09-26,Recognized
1463,1463,1670.16,2025-06-20,Recognized
1464,1464,2851.26,2025-09-07,Recognized
1465,1465,2246.62,2025-06-14,Deferred
1466,1466,2300.21,2025-06-27,Deferred
1467,1467,3359.35,2025-08-14,Pending
1468,1468,3339.57,2025-05-15,Pending
1469,1469,469.98,2025-08-15,Deferred
1470,1470,4819.14,2025-04-24,Recognized
1471,1471,1048.06,2025-05-24,Deferred
1472,1472,4997.1,2025-08-23,Deferred
1473,1473,4955.42,2025-06-07,Recognized
1474,1474,4883.0,2025-06-03,Deferred
1475,1475,3369.34,2025-06-18,Pending
1476,1476,2857.4,2025-06-04,Recognized
1477,1477,2319.97,2025-08-22,Recognized
1478,1478,610.27,2025-05-12,Pending
1479,1479,1333.88,2025-08-23,Deferred
1480,1480,2381.34,2025-08-14,Pending
1481,1481,431.42,2025-06-27,Deferred
1482,1482,1824.83,2025-05-27,Deferred
1483,1483,3873.14,2025-07-20,Pending
1484,1484,3619.07,2025-08-06,Deferred
1485,1485,1719.89,2025-07-01,Recognized
1486,1486,3363.65,2025-06-22,Deferred
1487,1487,4604.33,2025-06-13,Recognized
1488,1488,4226.28,2025-07-25,Pending
1489,1489,1128.58,2025-07-08,Recognized
1490,1490,586.85,2025-05-07,Pending
1491,1491,1709.01,2025-09-26,Pending
1492,1492,260.08,2025-07-17,Pending
1493,1493,3331.81,2025-08-05,Deferred
1494,1494,2991.65,2025-05-12,Deferred
1495,1495,3755.49,2025-06-14,Deferred
1496,1496,4368.23,2025-08-02,Recognized
1497,1497,456.14,2025-09-05,Recognized
1498,1498,193.94,2025-05-05,Recognized
1499,1499,2915.27,2025-05-31,Deferred
1500,1500,3550.46,2025-08-31,Pending
1501,1501,2651.91,2025-07-26,Recognized
1502,1502,3939.09,2025-09-19,Pending
1503,1503,4708.94,2025-09-10,Recognized
1504,1504,4604.72,2025-06-05,Deferred
1505,1505,1539.79,2025-08-04,Deferred
1506,1506,2818.88,2025-09-20,Pending
1507,1507,1172.57,2025-06-25,Pending
1508,1508,1677.82,2025-07-07,Pending
1509,1509,1413.58,2025-05-23,Pending
1510,1510,461.39,2025-04-10,Recognized
1511,1511,960.49,2025-06-03,Deferred
1512,1512,1967.15,2025-07-10,Recognized
1513,1513,968.28,2025-06-30,Deferred
1514,1514,329.62,2025-07-07,Recognized
1515,1515,3372.93,2025-04-17,Deferred
1516,1516,112.87,2025-09-09,Deferred
1517,1517,2719.64,2025-04-10,Deferred
1518,1518,2506.07,2025-07-21,Recognized
1519,1519,1363.64,2025-07-20,Recognized
1520,1520,3238.04,2025-07-16,Recognized
1521,1521,3221.82,2025-06-23,Deferred
1522,1522,4982.81,2025-04-12,Pending
1523,1523,3486.57,2025-08-30,Deferred
1524,1524,4122.31,2025-05-21,Deferred
1525,1525,3636.23,2025-05-01,Pending
1526,1526,1449.3,2025-04-28,Recognized
1527,1527,1786.37,2025-05-08,Deferred
1528,1528,4226.21,2025-07-15,Pending
1529,1529,3602.72,2025-04-14,Deferred
1530,1530,4056.67,2025-08-29,Recognized
1531,1531,4528.0,2025-08-15,Pending
1532,1532,2050.36,2025-07-21,Pending
1533,1533,4649.2,2025-09-06,Deferred
1534,1534,152.23,2025-05-05,Recognized
1535,1535,2568.28,2025-06-19,Recognized
1536,1536,4937.21,2025-09-11,Deferred
1537,1537,2405.29,2025-07-15,Recognized
1538,1538,3191.94,2025-04-11,Deferred
1539,1539,3396.57,2025-08-22,Recognized
1540,1540,1541.54,2025-07-07,Deferred
1541,1541,1473.49,2025-07-05,Deferred
1542,1542,3330.1,2025-08-04,Recognized
1543,1543,778.88,2025-05-20,Deferred
1544,1544,2941.82,2025-09-24,Pending
1545,1545,4379.04,2025-07-16,Recognized
1546,1546,2268.73,2025-04-23,Recognized
1547,1547,3247.77,2025-09-20,Deferred
1548,1548,1152.93,2025-10-01,Recognized
1549,1549,4074.16,2025-05-05,Deferred
1550,1550,3835.38,2025-06-12,Pending
1551,1551,2506.12,2025-07-28,Pending
1552,1552,769.31,2025-05-15,Recognized
1553,1553,4529.97,2025-05-29,Pending
1554,1554,2309.56,2025-09-04,Recognized
1555,1555,2419.47,2025-06-04,Recognized
1556,1556,2441.99,2025-06-25,Deferred
1557,1557,4047.45,2025-08-04,Deferred
1558,1558,3365.22,2025-09-10,Pending
1559,1559,1999.22,2025-04-29,Recognized
1560,1560,4989.2,2025-05-10,Recognized
1561,1561,1002.59,2025-08-27,Recognized
1562,1562,3473.03,2025-06-22,Pending
1563,1563,1068.62,2025-05-17,Deferred
1564,1564,372.52,2025-09-18,Recognized
1565,1565,3901.72,2025-07-18,Recognized
1566,1566,4943.64,2025-07-02,Deferred
1567,1567,4200.68,2025-09-26,Pending
1568,1568,4653.72,2025-06-20,Recognized
1569,1569,4704.32,2025-04-17,Pending
1570,1570,4601.02,2025-05-29,Pending
1571,1571,3852.18,2025-08-11,Pending
1572,1572,3416.81,2025-05-27,Recognized
1573,1573,2698.72,2025-08-11,Recognized
1574,1574,3371.6,2025-08-18,Pending
1575,1575,2498.77,2025-09-26,Recognized
1576,1576,629.36,2025-05-21,Pending
1577,1577,482.97,2025-09-07,Recognized
1578,1578,2755.74,2025-09-20,Pending
1579,1579,931.95,2025-07-10,Pending
1580,1580,199.59,2025-06-07,Pending
1581,1581,2188.9,2025-07-31,Pending
1582,1582,1597.01,2025-09-22,Pending
1583,1583,612.96,2025-08-15,Pending
1584,1584,2359.43,2025-08-22,Deferred
1585,1585,930.38,2025-08-14,Pending
1586,1586,2872.94,2025-09-28,Recognized
1587,1587,2518.86,2025-08-13,Recognized
1588,1588,621.79,2025-04-23,Deferred
1589,1589,1638.14,2025-05-12,Deferred
1590,1590,3092.24,2025-05-30,Recognized
1591,1591,2220.72,2025-07-10,Deferred
1592,1592,1571.01,2025-04-18,Deferred
1593,1593,2854.03,2025-08-19,Deferred
1594,1594,1841.94,2025-04-14,Pending
1595,1595,4612.33,2025-09-12,Deferred
1596,1596,1269.13,2025-08-22,Deferred
1597,1597,3860.16,2025-07-08,Recognized
1598,1598,1804.13,2025-08-28,Deferred
1599,1599,2009.3,2025-08-22,Deferred
1600,1600,415.55,2025-09-29,Deferred
1601,1601,3756.61,2025-08-05,Deferred
1602,1602,2544.62,2025-09-10,Recognized
1603,1603,202.44,2025-06-07,Recognized
1604,1604,3622.38,2025-08-01,Recognized
1605,1605,3264.14,2025-05-01,Deferred
1606,1606,4009.09,2025-08-15,Recognized
1607,1607,2574.13,2025-08-22,Recognized
1608,1608,2461.57,2025-08-13,Pending
1609,1609,2244.19,2025-05-02,Deferred
1610,1610,4944.45,2025-07-19,Deferred
1611,1611,447.2,2025-07-02,Pending
1612,1612,3950.83,2025-06-09,Recognized
1613,1613,2259.33,2025-09-30,Pending
1614,1614,4178.08,2025-07-10,Pending
1615,1615,2348.34,2025-06-09,Pending
1616,1616,3992.93,2025-09-22,Deferred
1617,1617,4572.25,2025-09-18,Recognized
1618,1618,4752.92,2025-05-21,Deferred
1619,1619,4529.13,2025-08-04,Recognized
1620,1620,973.78,2025-09-26,Recognized
1621,1621,2115.49,2025-06-19,Recognized
1622,1622,2677.82,2025-07-22,Deferred
1623,1623,1588.26,2025-09-13,Recognized
1624,1624,1501.11,2025-09-03,Deferred
1625,1625,843.49,2025-09-12,Pending
1626,1626,1444.49,2025-04-15,Deferred
1627,1627,4330.12,2025-08-12,Pending
1628,1628,652.91,2025-09-14,Pending
1629,1629,308.22,2025-05-30,Recognized
1630,1630,1005.56,2025-05-13,Deferred
1631,1631,3047.11,2025-09-01,Pending
1632,1632,855.21,2025-07-11,Pending
1633,1633,1295.07,2025-10-07,Pending
1634,1634,2060.39,2025-06-11,Pending
1635,1635,908.13,2025-08-11,Recognized
1636,1636,2437.54,2025-09-12,Recognized
1637,1637,1334.85,2025-08-10,Deferred
1638,1638,383.88,2025-07-31,Pending
1639,1639,3824.01,2025-07-15,Pending
1640,1640,4362.08,2025-05-02,Recognized
1641,1641,2182.33,2025-06-23,Recognized
1642,1642,339.64,2025-07-06,Recognized
1643,1643,1339.01,2025-07-19,Recognized
1644,1644,2940.11,2025-07-13,Deferred
1645,1645,190.21,2025-05-13,Deferred
1646,1646,2982.66,2025-06-08,Deferred
1647,1647,1261.18,2025-06-25,Deferred
1648,1648,621.06,2025-10-08,Pending
1649,1649,2850.86,2025-05-31,Pending
1650,1650,2023.56,2025-08-12,Recognized
1651,1651,4463.37,2025-09-16,Recognized
1652,1652,496.02,2025-08-13,Recognized
1653,1653,4794.25,2025-07-21,Pending
1654,1654,2222.54,2025-07-20,Recognized
1655,1655,2272.78,2025-07-10,Deferred
1656,1656,2860.67,2025-08-12,Recognized
1657,1657,4327.76,2025-09-27,Pending
1658,1658,4841.05,2025-10-05,Deferred
1659,1659,4598.36,2025-09-06,Pending
1660,1660,4812.76,2025-06-24,Recognized
1661,1661,4038.74,2025-07-07,Pending
1662,1662,1181.23,2025-09-22,Recognized
1663,1663,3561.63,2025-07-07,Recognized
1664,1664,2424.31,2025-07-03,Pending
1665,1665,4365.14,2025-07-12,Deferred
1666,1666,3435.48,2025-06-08,Deferred
1667,1667,1929.16,2025-09-07,Deferred
1668,1668,282.54,2025-08-03,Recognized
1669,1669,4214.81,2025-08-10,Recognized
1670,1670,410.19,2025-06-02,Deferred
1671,1671,620.42,2025-08-12,Recognized
1672,1672,3310.2,2025-08-17,Pending
1673,1673,347.94,2025-08-25,Recognized
1674,1674,4881.99,2025-05-29,Deferred
1675,1675,1367.81,2025-08-24,Deferred
1676,1676,2723.21,2025-07-12,Pending
1677,1677,3105.55,2025-05-03,Pending
1678,1678,3713.24,2025-04-26,Recognized
1679,1679,3313.35,2025-06-12,Recognized
1680,1680,4878.01,2025-05-08,Deferred
1681,1681,1360.98,2025-07-24,Recognized
1682,1682,1539.82,2025-04-25,Recognized
1683,1683,347.03,2025-05-13,Pending
1684,1684,1900.29,2025-09-26,Recognized
1685,1685,2461.1,2025-09-13,Pending
1686,1686,3890.56,2025-04-30,Recognized
1687,1687,3457.23,2025-08-05,Pending
1688,1688,2953.0,2025-08-10,Recognized
1689,1689,1781.71,2025-09-22,Deferred
1690,1690,1158.02,2025-10-03,Pending
1691,1691,3851.69,2025-05-15,Deferred
1692,1692,1840.92,2025-09-11,Deferred
1693,1693,4938.47,2025-08-25,Deferred
1694,1694,3854.88,2025-10-05,Recognized
1695,1695,2922.79,2025-09-24,Deferred
1696,1696,4573.17,2025-09-23,Pending
1697,1697,2776.02,2025-05-06,Deferred
1698,1698,3630.53,2025-09-08,Deferred
1699,1699,2805.23,2025-08-31,Pending
1700,1700,3106.24,2025-08-23,Recognized
1701,1701,3557.23,2025-04-23,Pending
1702,1702,4567.27,2025-09-12,Recognized
1703,1703,458.69,2025-05-27,Recognized
1704,1704,2371.86,2025-04-21,Deferred
1705,1705,506.63,2025-07-13,Recognized
1706,1706,1398.66,2025-07-22,Pending
1707,1707,647.21,2025-04-21,Deferred
1708,1708,2680.46,2025-10-05,Pending
1709,1709,2302.33,2025-09-19,Pending
1710,1710,2759.47,2025-06-28,Pending
1711,1711,4445.58,2025-08-24,Pending
1712,1712,3463.5,2025-04-23,Pending
1713,1713,4131.93,2025-05-02,Pending
1714,1714,4511.9,2025-07-01,Pending
1715,1715,1917.37,2025-05-06,Recognized
1716,1716,2349.09,2025-05-10,Deferred
1717,1717,3819.63,2025-05-27,Pending
1718,1718,236.6,2025-06-09,Pending
1719,1719,4741.5,2025-07-31,Pending
1720,1720,891.45,2025-08-16,Recognized
1721,1721,3319.43,2025-05-14,Deferred
1722,1722,2150.82,2025-10-05,Recognized
1723,1723,1038.06,2025-10-06,Recognized
1724,1724,2265.14,2025-04-14,Pending
1725,1725,3849.19,2025-07-25,Deferred
1726,1726,3641.15,2025-05-28,Deferred
1727,1727,888.1,2025-06-12,Recognized
1728,1728,808.96,2025-08-27,Deferred
1729,1729,2693.05,2025-09-27,Pending
1730,1730,1286.84,2025-05-13,Pending
1731,1731,2658.13,2025-09-06,Pending
1732,1732,3760.71,2025-09-10,Recognized
1733,1733,131.6,2025-05-05,Deferred
1734,1734,3587.08,2025-08-11,Pending
1735,1735,3293.71,2025-08-21,Recognized
1736,1736,589.91,2025-09-09,Deferred
1737,1737,1876.24,2025-06-19,Recognized
1738,1738,924.11,2025-09-30,Pending
1739,1739,2496.81,2025-07-19,Deferred
1740,1740,184.38,2025-04-18,Deferred
1741,1741,4018.0,2025-08-21,Deferred
1742,1742,3045.29,2025-04-13,Pending
1743,1743,2513.63,2025-10-02,Pending
1744,1744,3066.03,2025-07-21,Deferred
1745,1745,4152.14,2025-07-14,Deferred
1746,1746,1975.88,2025-05-04,Pending
1747,1747,3332.36,2025-09-13,Deferred
1748,1748,3659.5,2025-06-28,Recognized
1749,1749,2954.1,2025-08-09,Recognized
1750,1750,615.43,2025-05-03,Recognized
1751,1751,2210.81,2025-09-12,Deferred
1752,1752,4238.08,2025-05-22,Deferred
1753,1753,826.74,2025-06-21,Pending
1754,1754,1580.39,2025-09-20,Recognized
1755,1755,3722.7,2025-08-17,Deferred
1756,1756,4507.66,2025-06-13,Pending
1757,1757,264.03,2025-09-16,Recognized
1758,1758,4815.57,2025-09-04,Deferred
1759,1759,3977.76,2025-08-05,Recognized
1760,1760,1224.6,2025-07-16,Recognized
1761,1761,2322.98,2025-06-15,Recognized
1762,1762,3508.76,2025-04-27,Recognized
1763,1763,990.62,2025-06-12,Recognized
1764,1764,2637.31,2025-08-31,Pending
1765,1765,4387.19,2025-04-21,Recognized
1766,1766,3223.78,2025-05-25,Pending
1767,1767,895.38,2025-10-04,Deferred
1768,1768,410.47,2025-10-04,Pending
1769,1769,388.07,2025-08-25,Pending
1770,1770,3693.37,2025-08-07,Deferred
1771,1771,2638.72,2025-08-29,Pending
1772,1772,112.03,2025-07-29,Deferred
1773,1773,1654.09,2025-10-02,Deferred
1774,1774,3428.32,2025-06-16,Recognized
1775,1775,4748.73,2025-08-25,Recognized
1776,1776,4500.85,2025-09-23,Deferred
1777,1777,2318.12,2025-08-09,Deferred
1778,1778,190.66,2025-05-13,Deferred
1779,1779,3280.8,2025-06-25,Pending
1780,1780,711.44,2025-05-18,Pending
1781,1781,4902.17,2025-06-07,Recognized
1782,1782,3146.97,2025-05-22,Pending
1783,1783,2354.49,2025-07-25,Recognized
1784,1784,297.8,2025-04-14,Recognized
1785,1785,2671.77,2025-07-07,Recognized
1786,1786,843.16,2025-07-30,Recognized
1787,1787,479.47,2025-05-07,Recognized
1788,1788,2401.42,2025-09-13,Recognized
1789,1789,1320.54,2025-09-25,Pending
1790,1790,3568.8,2025-07-09,Deferred
1791,1791,4564.85,2025-08-09,Pending
1792,1792,1586.65,2025-07-06,Recognized
1793,1793,2863.26,2025-08-25,Pending
1794,1794,2006.09,2025-06-26,Recognized
1795,1795,3811.26,2025-04-25,Recognized
1796,1796,1483.87,2025-06-13,Deferred
1797,1797,4631.17,2025-05-22,Recognized
1798,1798,4071.31,2025-05-12,Recognized
1799,1799,3232.4,2025-06-13,Pending
1800,1800,870.6,2025-07-20,Deferred
1801,1801,1890.14,2025-08-12,Recognized
1802,1802,703.17,2025-10-03,Recognized
1803,1803,3523.78,2025-09-01,Recognized
1804,1804,2377.27,2025-08-05,Pending
1805,1805,2242.47,2025-07-19,Pending
1806,1806,4582.35,2025-07-08,Recognized
1807,1807,4344.81,2025-05-01,Recognized
1808,1808,1741.28,2025-08-03,Pending
1809,1809,378.1,2025-09-18,Pending
1810,1810,2711.99,2025-04-27,Pending
1811,1811,1255.81,2025-06-12,Pending
1812,1812,1683.32,2025-09-19,Recognized
1813,1813,1471.89,2025-05-23,Recognized
1814,1814,4968.36,2025-06-10,Deferred
1815,1815,2620.73,2025-07-08,Deferred
1816,1816,1609.93,2025-05-08,Deferred
1817,1817,957.22,2025-07-28,Recognized
1818,1818,4671.48,2025-09-20,Deferred
1819,1819,3247.68,2025-05-12,Deferred
1820,1820,2705.4,2025-07-16,Pending
1821,1821,4206.77,2025-07-14,Recognized
1822,1822,1215.74,2025-06-08,Deferred
1823,1823,4688.81,2025-06-20,Deferred
1824,1824,1928.89,2025-07-09,Deferred
1825,1825,3638.59,2025-05-19,Recognized
1826,1826,1521.82,2025-09-16,Deferred
1827,1827,2508.05,2025-05-09,Pending
1828,1828,3985.28,2025-05-03,Pending
1829,1829,4189.02,2025-05-09,Pending
1830,1830,3485.47,2025-08-18,Pending
1831,1831,401.11,2025-04-29,Deferred
1832,1832,4995.93,2025-10-02,Recognized
1833,1833,4794.3,2025-06-06,Recognized
1834,1834,4018.24,2025-07-25,Pending
1835,1835,4424.08,2025-04-24,Deferred
1836,1836,3097.48,2025-08-15,Deferred
1837,1837,4742.72,2025-06-23,Pending
1838,1838,2728.57,2025-08-28,Deferred
1839,1839,584.9,2025-06-19,Deferred
1840,1840,1404.55,2025-08-15,Recognized
1841,1841,4241.97,2025-09-18,Deferred
1842,1842,424.18,2025-04-28,Recognized
1843,1843,1292.16,2025-10-02,Recognized
1844,1844,781.45,2025-06-12,Deferred
1845,1845,4052.29,2025-05-28,Pending
1846,1846,2826.23,2025-07-12,Recognized
1847,1847,2066.33,2025-04-23,Deferred
1848,1848,3922.4,2025-08-04,Deferred
1849,1849,2177.26,2025-09-21,Recognized
1850,1850,693.47,2025-05-22,Recognized
1851,1851,360.41,2025-10-02,Pending
1852,1852,1509.7,2025-05-04,Deferred
1853,1853,2094.91,2025-08-22,Deferred
1854,1854,523.64,2025-05-19,Pending
1855,1855,1961.2,2025-09-26,Recognized
1856,1856,433.71,2025-09-30,Recognized
1857,1857,2734.21,2025-09-16,Deferred
1858,1858,4421.06,2025-08-25,Pending
1859,1859,3445.98,2025-08-23,Recognized
1860,1860,4215.95,2025-05-16,Recognized
1861,1861,4849.59,2025-09-03,Pending
1862,1862,1573.33,2025-06-17,Deferred
1863,1863,293.28,2025-04-19,Deferred
1864,1864,4451.07,2025-08-27,Deferred
1865,1865,2537.77,2025-08-04,Recognized
1866,1866,4676.36,2025-06-01,Recognized
1867,1867,2332.81,2025-05-04,Deferred
1868,1868,2493.75,2025-07-04,Pending
1869,1869,3299.61,2025-06-07,Pending
1870,1870,2887.03,2025-08-26,Pending
1871,1871,4779.22,2025-06-04,Recognized
1872,1872,2684.82,2025-08-11,Deferred
1873,1873,4567.01,2025-08-26,Recognized
1874,1874,3314.98,2025-04-14,Recognized
1875,1875,3808.06,2025-05-03,Deferred
1876,1876,2079.81,2025-07-29,Pending
1877,1877,2207.11,2025-08-10,Pending
1878,1878,262.45,2025-08-04,Recognized
1879,1879,4256.87,2025-06-21,Deferred
1880,1880,4390.05,2025-05-16,Pending
1881,1881,2993.06,2025-08-15,Pending
1882,1882,4780.14,2025-09-22,Recognized
1883,1883,2684.06,2025-04-17,Recognized
1884,1884,3271.96,2025-08-14,Recognized
1885,1885,1817.09,2025-05-19,Pending
1886,1886,4251.44,2025-06-15,Deferred
1887,1887,4404.38,2025-05-23,Pending
1888,1888,3736.6,2025-09-01,Deferred
1889,1889,1219.37,2025-04-30,Pending
1890,1890,1996.66,2025-10-01,Pending
1891,1891,3116.74,2025-08-17,Deferred
1892,1892,720.23,2025-07-09,Pending
1893,1893,1526.92,2025-06-19,Deferred
1894,1894,656.62,2025-06-22,Pending
1895,1895,4130.68,2025-08-22,Deferred
1896,1896,3063.01,2025-09-05,Deferred
1897,1897,4622.89,2025-06-25,Recognized
1898,1898,927.48,2025-04-17,Pending
1899,1899,2412.55,2025-09-06,Pending
1900,1900,3805.66,2025-04-26,Recognized
1901,1901,3258.45,2025-09-09,Pending
1902,1902,1791.94,2025-09-14,Deferred
1903,1903,3168.19,2025-04-17,Deferred
1904,1904,995.85,2025-08-28,Recognized
1905,1905,4447.83,2025-04-10,Deferred
1906,1906,1774.46,2025-07-31,Recognized
1907,1907,2492.25,2025-08-09,Pending
1908,1908,844.1,2025-08-10,Pending
1909,1909,424.81,2025-04-26,Recognized
1910,1910,4244.82,2025-06-12,Pending
1911,1911,4328.7,2025-06-29,Deferred
1912,1912,902.23,2025-08-04,Deferred
1913,1913,302.85,2025-09-10,Deferred
1914,1914,4954.53,2025-05-12,Deferred
1915,1915,2407.88,2025-06-30,Deferred
1916,1916,347.12,2025-09-10,Pending
1917,1917,1443.57,2025-08-17,Recognized
1918,1918,3984.16,2025-07-03,Recognized
1919,1919,3387.43,2025-06-07,Deferred
1920,1920,204.81,2025-10-07,Pending
1921,1921,3777.65,2025-06-22,Pending
1922,1922,779.22,2025-06-10,Pending
1923,1923,362.84,2025-08-14,Deferred
1924,1924,1291.04,2025-05-30,Recognized
1925,1925,3714.3,2025-06-04,Pending
1926,1926,307.42,2025-07-13,Deferred
1927,1927,4237.95,2025-08-03,Pending
1928,1928,4984.63,2025-08-05,Pending
1929,1929,4041.21,2025-05-23,Recognized
1930,1930,1298.7,2025-08-12,Deferred
1931,1931,4529.97,2025-06-19,Recognized
1932,1932,2150.65,2025-09-24,Pending
1933,1933,1195.84,2025-09-16,Pending
1934,1934,3920.05,2025-06-13,Recognized
1935,1935,3384.01,2025-08-24,Pending
1936,1936,1563.75,2025-04-14,Deferred
1937,1937,1857.7,2025-09-07,Recognized
1938,1938,1191.85,2025-06-20,Pending
1939,1939,1723.83,2025-08-12,Deferred
1940,1940,2336.92,2025-04-21,Recognized
1941,1941,2830.96,2025-07-13,Deferred
1942,1942,1487.3,2025-08-16,Deferred
1943,1943,196.55,2025-04-29,Deferred
1944,1944,4688.11,2025-06-19,Deferred
1945,1945,857.39,2025-08-02,Deferred
1946,1946,4297.95,2025-09-29,Recognized
1947,1947,2381.73,2025-08-15,Deferred
1948,1948,4111.94,2025-07-11,Pending
1949,1949,1349.91,2025-04-14,Recognized
1950,1950,2988.39,2025-06-13,Pending
1951,1951,4084.61,2025-08-23,Pending
1952,1952,2615.1,2025-06-19,Pending
1953,1953,4692.2,2025-06-08,Pending
1954,1954,3885.68,2025-06-05,Deferred
1955,1955,3713.21,2025-06-08,Pending
1956,1956,4303.35,2025-10-04,Recognized
1957,1957,3436.56,2025-09-19,Deferred
1958,1958,3335.14,2025-05-10,Pending
1959,1959,341.59,2025-06-19,Pending
1960,1960,4306.1,2025-05-06,Recognized
1961,1961,125.93,2025-07-15,Recognized
1962,1962,1816.35,2025-07-25,Recognized
1963,1963,250.41,2025-05-26,Recognized
1964,1964,1906.51,2025-05-05,Recognized
1965,1965,2102.48,2025-07-08,Deferred
1966,1966,3501.64,2025-07-19,Deferred
1967,1967,4899.14,2025-07-21,Deferred
1968,1968,4257.71,2025-06-21,Recognized
1969,1969,3998.69,2025-05-09,Deferred
1970,1970,3187.05,2025-04-19,Recognized
1971,1971,4609.92,2025-07-20,Deferred
1972,1972,1114.05,2025-09-03,Pending
1973,1973,2498.9,2025-04-24,Pending
1974,1974,4213.9,2025-08-07,Deferred
1975,1975,338.31,2025-08-24,Deferred
1976,1976,2968.04,2025-05-29,Deferred
1977,1977,957.24,2025-08-01,Deferred
1978,1978,3996.26,2025-09-29,Deferred
1979,1979,3349.62,2025-05-10,Pending
1980,1980,3145.77,2025-07-18,Pending
1981,1981,833.05,2025-05-31,Pending
1982,1982,1523.05,2025-04-25,Recognized
1983,1983,2914.49,2025-09-06,Deferred
1984,1984,4804.96,2025-04-19,Pending
1985,1985,2762.76,2025-04-24,Pending
1986,1986,3625.84,2025-07-06,Recognized
1987,1987,1406.75,2025-09-10,Pending
1988,1988,2985.46,2025-06-09,Deferred
1989,1989,4065.5,2025-04-21,Recognized
1990,1990,3257.29,2025-05-30,Pending
1991,1991,529.19,2025-09-05,Deferred
1992,1992,4270.95,2025-09-27,Deferred
1993,1993,2863.92,2025-04-18,Recognized
1994,1994,3941.26,2025-06-29,Recognized
1995,1995,3705.12,2025-05-28,Deferred
1996,1996,4266.93,2025-06-18,Pending
1997,1997,3029.96,2025-06-25,Pending
1998,1998,348.7,2025-06-11,Deferred
1999,1999,2799.0,2025-07-15,Recognized
2000,2000,782.3,2025-08-05,Deferred
2001,2001,3958.6,2025-05-22,Recognized
2002,2002,3544.94,2025-08-28,Recognized
2003,2003,1751.26,2025-08-08,Pending
2004,2004,941.22,2025-10-06,Pending
2005,2005,651.12,2025-06-24,Pending
2006,2006,2544.28,2025-05-02,Pending
2007,2007,731.95,2025-07-24,Deferred
2008,2008,3490.26,2025-09-24,Pending
2009,2009,590.8,2025-05-11,Recognized
2010,2010,3448.88,2025-06-23,Pending
2011,2011,2915.13,2025-07-28,Recognized
2012,2012,2731.42,2025-09-19,Pending
2013,2013,2881.32,2025-05-16,Pending
2014,2014,4994.46,2025-07-20,Deferred
2015,2015,1236.62,2025-06-24,Deferred
2016,2016,1024.41,2025-08-28,Deferred
2017,2017,1669.38,2025-04-21,Recognized
2018,2018,3803.85,2025-08-06,Recognized
2019,2019,1089.62,2025-04-14,Pending
2020,2020,641.62,2025-04-14,Deferred
2021,2021,1823.66,2025-06-08,Deferred
2022,2022,2294.78,2025-05-10,Pending
2023,2023,4433.33,2025-07-22,Pending
2024,2024,4473.18,2025-06-17,Recognized
2025,2025,4838.07,2025-09-14,Deferred
2026,2026,3114.15,2025-09-04,Pending
2027,2027,1724.76,2025-05-31,Recognized
2028,2028,2938.33,2025-09-13,Pending
2029,2029,737.77,2025-08-10,Deferred
2030,2030,3000.21,2025-05-04,Deferred
2031,2031,2113.87,2025-09-14,Recognized
2032,2032,2257.69,2025-08-09,Recognized
2033,2033,3843.39,2025-07-13,Pending
2034,2034,1329.9,2025-08-23,Recognized
2035,2035,2636.78,2025-08-09,Pending
2036,2036,3326.47,2025-09-05,Recognized
2037,2037,2589.52,2025-08-03,Pending
2038,2038,3126.74,2025-05-01,Pending
2039,2039,3339.45,2025-09-12,Recognized
2040,2040,347.67,2025-07-23,Deferred
2041,2041,1155.1,2025-04-29,Pending
2042,2042,3616.3,2025-06-02,Deferred
2043,2043,4804.58,2025-05-17,Recognized
2044,2044,2807.16,2025-04-30,Pending
2045,2045,1669.36,2025-09-30,Recognized
2046,2046,2875.59,2025-06-26,Pending
2047,2047,2116.26,2025-05-20,Pending
2048,2048,4708.32,2025-06-11,Pending
2049,2049,1621.27,2025-06-12,Pending
2050,2050,1727.16,2025-07-07,Pending
2051,2051,2056.24,2025-05-28,Recognized
2052,2052,4769.82,2025-04-20,Deferred
2053,2053,2816.45,2025-05-05,Recognized
2054,2054,1618.76,2025-07-19,Deferred
2055,2055,4866.74,2025-07-03,Recognized
2056,2056,4495.32,2025-06-17,Recognized
2057,2057,1148.32,2025-05-14,Recognized
2058,2058,4328.22,2025-06-08,Deferred
2059,2059,3872.43,2025-06-20,Deferred
2060,2060,3181.83,2025-09-02,Deferred
2061,2061,1262.95,2025-09-27,Pending
2062,2062,4572.92,2025-05-12,Recognized
2063,2063,2199.09,2025-06-03,Pending
2064,2064,1874.58,2025-08-11,Recognized
2065,2065,3018.31,2025-04-18,Pending
2066,2066,2700.1,2025-06-17,Recognized
2067,2067,4904.92,2025-06-28,Pending
2068,2068,2004.81,2025-07-27,Recognized
2069,2069,2669.96,2025-08-29,Recognized
2070,2070,2990.1,2025-08-08,Deferred
2071,2071,494.4,2025-07-20,Deferred
2072,2072,4490.22,2025-05-02,Recognized
2073,2073,2323.8,2025-09-28,Recognized
2074,2074,2947.76,2025-05-26,Pending
2075,2075,3877.16,2025-09-18,Pending
2076,2076,2951.78,2025-09-01,Pending
2077,2077,4005.34,2025-06-16,Deferred
2078,2078,3625.57,2025-07-22,Recognized
2079,2079,1618.11,2025-04-17,Pending
2080,2080,3381.59,2025-04-15,Deferred
2081,2081,3679.2,2025-05-30,Recognized
2082,2082,4262.16,2025-09-12,Recognized
2083,2083,3081.53,2025-07-07,Pending
2084,2084,1688.82,2025-06-20,Deferred
2085,2085,3704.77,2025-05-31,Pending
2086,2086,1175.39,2025-04-28,Pending
2087,2087,2717.48,2025-09-14,Recognized
2088,2088,3718.78,2025-10-08,Recognized
2089,2089,4441.64,2025-05-15,Pending
2090,2090,1396.25,2025-06-03,Pending
2091,2091,4806.95,2025-07-14,Pending
2092,2092,2175.76,2025-06-01,Deferred
2093,2093,4615.45,2025-08-18,Deferred
2094,2094,2317.91,2025-04-09,Pending
2095,2095,1009.13,2025-07-20,Recognized
2096,2096,3100.44,2025-07-06,Deferred
2097,2097,2243.26,2025-08-30,Recognized
2098,2098,1491.32,2025-06-11,Pending
2099,2099,4799.68,2025-06-04,Recognized
2100,2100,1281.41,2025-09-25,Recognized
2101,2101,2511.74,2025-09-18,Pending
2102,2102,2008.64,2025-05-03,Deferred
2103,2103,3846.7,2025-09-19,Recognized
2104,2104,2704.5,2025-08-26,Deferred
2105,2105,1532.95,2025-06-21,Recognized
2106,2106,4498.94,2025-04-29,Deferred
2107,2107,605.67,2025-07-27,Pending
2108,2108,4141.42,2025-05-01,Deferred
2109,2109,3125.3,2025-06-24,Pending
2110,2110,3817.46,2025-09-04,Recognized
2111,2111,4979.35,2025-06-27,Deferred
2112,2112,4936.13,2025-09-15,Deferred
2113,2113,797.45,2025-07-10,Deferred
2114,2114,4153.88,2025-06-08,Pending
2115,2115,3733.74,2025-04-13,Pending
2116,2116,1179.18,2025-08-10,Deferred
2117,2117,4998.72,2025-07-17,Deferred
2118,2118,841.16,2025-05-03,Deferred
2119,2119,184.79,2025-05-23,Recognized
2120,2120,491.86,2025-07-31,Deferred
2121,2121,702.62,2025-09-23,Pending
2122,2122,3798.75,2025-06-03,Pending
2123,2123,3948.87,2025-06-28,Recognized
2124,2124,222.01,2025-09-08,Pending
2125,2125,1739.79,2025-10-07,Recognized
2126,2126,4021.95,2025-04-28,Pending
2127,2127,4958.74,2025-07-07,Deferred
2128,2128,1993.48,2025-08-13,Recognized
2129,2129,2514.85,2025-04-27,Pending
2130,2130,2860.89,2025-05-05,Pending
2131,2131,973.71,2025-06-12,Deferred
2132,2132,4966.02,2025-09-19,Deferred
2133,2133,3168.75,2025-04-28,Pending
2134,2134,3725.92,2025-09-03,Pending
2135,2135,218.84,2025-06-25,Recognized
2136,2136,641.98,2025-08-31,Pending
2137,2137,195.46,2025-07-17,Recognized
2138,2138,2275.48,2025-07-15,Recognized
2139,2139,1892.5,2025-07-28,Deferred
2140,2140,2798.68,2025-09-12,Recognized
2141,2141,2305.35,2025-09-01,Deferred
2142,2142,4103.19,2025-07-26,Recognized
2143,2143,1176.58,2025-07-08,Recognized
2144,2144,2940.73,2025-09-26,Deferred
2145,2145,1979.0,2025-05-15,Deferred
2146,2146,2038.96,2025-08-15,Recognized
2147,2147,2447.92,2025-06-20,Deferred
2148,2148,2785.43,2025-10-01,Deferred
2149,2149,609.77,2025-05-26,Recognized
2150,2150,3355.38,2025-08-19,Recognized
2151,2151,1648.05,2025-08-24,Deferred
2152,2152,652.73,2025-07-01,Deferred
2153,2153,1778.14,2025-08-17,Pending
2154,2154,3776.04,2025-05-17,Recognized
2155,2155,3111.05,2025-07-24,Recognized
2156,2156,374.08,2025-08-25,Pending
2157,2157,859.91,2025-09-30,Pending
2158,2158,301.53,2025-06-08,Recognized
2159,2159,1689.84,2025-07-04,Deferred
2160,2160,1468.56,2025-09-01,Deferred
2161,2161,1829.09,2025-10-05,Pending
2162,2162,1180.14,2025-06-27,Pending
2163,2163,1934.52,2025-05-11,Deferred
2164,2164,2843.54,2025-06-24,Deferred
2165,2165,126.92,2025-09-30,Deferred
2166,2166,1993.05,2025-05-18,Recognized
2167,2167,3611.73,2025-05-31,Pending
2168,2168,684.45,2025-08-18,Pending
2169,2169,1275.91,2025-09-02,Deferred
2170,2170,2710.78,2025-08-08,Deferred
2171,2171,1880.44,2025-08-04,Recognized
2172,2172,3231.48,2025-10-04,Recognized
2173,2173,2026.22,2025-06-07,Pending
2174,2174,1552.09,2025-08-07,Recognized
2175,2175,2479.9,2025-07-12,Pending
2176,2176,4551.3,2025-07-03,Pending
2177,2177,284.93,2025-05-31,Pending
2178,2178,1767.56,2025-09-28,Recognized
2179,2179,3899.39,2025-06-09,Recognized
2180,2180,1306.29,2025-06-19,Recognized
2181,2181,2136.23,2025-04-12,Recognized
2182,2182,1026.57,2025-05-06,Pending
2183,2183,1191.56,2025-06-02,Recognized
2184,2184,3976.59,2025-08-30,Deferred
2185,2185,3596.28,2025-08-18,Deferred
2186,2186,1425.16,2025-09-08,Deferred
2187,2187,4982.38,2025-07-07,Recognized
2188,2188,120.99,2025-10-03,Pending
2189,2189,2729.3,2025-08-03,Pending
2190,2190,4119.0,2025-08-20,Pending
2191,2191,2550.29,2025-04-15,Pending
2192,2192,1960.89,2025-08-28,Pending
2193,2193,2612.85,2025-06-19,Recognized
2194,2194,1401.63,2025-09-21,Recognized
2195,2195,2032.13,2025-09-28,Deferred
2196,2196,1166.83,2025-04-12,Recognized
2197,2197,4776.43,2025-08-18,Pending
2198,2198,3718.1,2025-08-23,Recognized
2199,2199,4396.97,2025-07-30,Recognized
2200,2200,1341.78,2025-09-10,Deferred
2201,2201,1778.3,2025-04-18,Recognized
2202,2202,4113.58,2025-05-17,Pending
2203,2203,4337.36,2025-08-13,Deferred
2204,2204,2249.14,2025-06-04,Deferred
2205,2205,4254.68,2025-04-15,Recognized
2206,2206,1065.77,2025-06-14,Deferred
2207,2207,889.22,2025-08-06,Recognized
2208,2208,738.56,2025-06-30,Deferred
2209,2209,371.7,2025-07-29,Pending
2210,2210,3554.49,2025-06-07,Deferred
2211,2211,1630.33,2025-06-01,Deferred
2212,2212,3256.06,2025-08-14,Pending
2213,2213,2038.58,2025-04-29,Recognized
2214,2214,1120.94,2025-09-26,Pending
2215,2215,2552.79,2025-06-03,Pending
2216,2216,4235.41,2025-07-03,Deferred
2217,2217,595.78,2025-08-09,Recognized
2218,2218,3223.91,2025-08-24,Pending
2219,2219,4935.11,2025-05-30,Recognized
2220,2220,1430.87,2025-05-25,Pending
2221,2221,325.47,2025-08-12,Recognized
2222,2222,2184.73,2025-06-27,Pending
2223,2223,1656.01,2025-04-09,Deferred
2224,2224,1446.51,2025-05-21,Recognized
2225,2225,3571.25,2025-07-08,Recognized
2226,2226,3544.14,2025-07-12,Deferred
2227,2227,1242.26,2025-07-12,Deferred
2228,2228,1099.08,2025-05-12,Pending
2229,2229,477.55,2025-08-02,Pending
2230,2230,4334.75,2025-05-31,Pending
2231,2231,4687.32,2025-04-09,Pending
2232,2232,786.81,2025-07-13,Deferred
2233,2233,1632.49,2025-08-19,Deferred
2234,2234,2551.15,2025-09-26,Pending
2235,2235,2973.06,2025-04-22,Recognized
2236,2236,3548.67,2025-08-28,Deferred
2237,2237,818.67,2025-06-14,Deferred
2238,2238,1698.78,2025-05-24,Recognized
2239,2239,2579.65,2025-09-09,Pending
2240,2240,3837.0,2025-10-04,Deferred
2241,2241,1145.46,2025-09-27,Pending
2242,2242,2183.33,2025-08-30,Pending
2243,2243,1507.08,2025-05-18,Deferred
2244,2244,2242.72,2025-09-22,Deferred
2245,2245,507.74,2025-04-30,Deferred
2246,2246,2864.97,2025-08-09,Pending
2247,2247,2234.77,2025-04-16,Deferred
2248,2248,3203.9,2025-06-13,Recognized
2249,2249,1413.69,2025-06-02,Recognized
2250,2250,1717.73,2025-07-28,Deferred
2251,2251,767.08,2025-04-28,Recognized
2252,2252,4761.63,2025-08-22,Deferred
2253,2253,1701.93,2025-07-13,Pending
2254,2254,1751.76,2025-06-10,Recognized
2255,2255,4726.61,2025-06-01,Recognized
2256,2256,768.26,2025-08-14,Deferred
2257,2257,2030.0,2025-09-26,Recognized
2258,2258,2753.99,2025-05-27,Deferred
2259,2259,1925.34,2025-09-02,Recognized
2260,2260,3006.31,2025-09-08,Pending
2261,2261,1169.97,2025-09-13,Recognized
2262,2262,1385.73,2025-09-05,Pending
2263,2263,1954.66,2025-05-03,Pending
2264,2264,4874.65,2025-09-25,Pending
2265,2265,687.15,2025-04-30,Recognized
2266,2266,3182.35,2025-06-11,Recognized
2267,2267,4407.82,2025-06-20,Deferred
2268,2268,4943.44,2025-09-14,Recognized
2269,2269,311.29,2025-07-11,Deferred
2270,2270,1391.35,2025-05-16,Recognized
2271,2271,2044.67,2025-05-07,Recognized
2272,2272,4670.02,2025-08-23,Recognized
2273,2273,3064.78,2025-09-30,Deferred
2274,2274,399.43,2025-09-03,Pending
2275,2275,4905.74,2025-05-14,Recognized
2276,2276,897.57,2025-09-29,Pending
2277,2277,1839.94,2025-08-15,Deferred
2278,2278,2084.54,2025-05-26,Deferred
2279,2279,3853.47,2025-04-24,Deferred
2280,2280,1009.86,2025-10-02,Deferred
2281,2281,418.12,2025-07-19,Pending
2282,2282,673.78,2025-08-11,Pending
2283,2283,2815.98,2025-04-17,Deferred
2284,2284,2401.11,2025-09-25,Pending
2285,2285,3104.28,2025-09-21,Recognized
2286,2286,244.69,2025-05-07,Pending
2287,2287,2030.29,2025-06-08,Recognized
2288,2288,3126.7,2025-08-09,Recognized
2289,2289,839.68,2025-05-24,Recognized
2290,2290,342.78,2025-04-15,Deferred
2291,2291,3743.89,2025-09-23,Pending
2292,2292,4970.21,2025-07-01,Deferred
2293,2293,3498.67,2025-08-20,Pending
2294,2294,2281.56,2025-08-20,Recognized
2295,2295,2618.49,2025-06-22,Deferred
2296,2296,2221.27,2025-06-30,Recognized
2297,2297,568.51,2025-07-19,Deferred
2298,2298,3072.59,2025-08-31,Recognized
2299,2299,4219.71,2025-05-14,Pending
2300,2300,524.48,2025-04-29,Pending
2301,2301,3653.41,2025-05-18,Recognized
2302,2302,2549.57,2025-04-18,Recognized
2303,2303,3698.37,2025-10-06,Deferred
2304,2304,3534.88,2025-10-07,Deferred
2305,2305,3635.16,2025-09-18,Recognized
2306,2306,2308.5,2025-06-19,Pending
2307,2307,1727.01,2025-09-26,Deferred
2308,2308,1333.65,2025-07-03,Deferred
2309,2309,1207.23,2025-07-01,Deferred
2310,2310,3051.82,2025-08-01,Deferred
2311,2311,4647.13,2025-09-28,Pending
2312,2312,2909.97,2025-04-25,Pending
2313,2313,246.58,2025-06-19,Recognized
2314,2314,944.18,2025-09-05,Pending
2315,2315,2938.09,2025-05-29,Recognized
2316,2316,3446.21,2025-07-16,Recognized
2317,2317,959.81,2025-06-15,Pending
2318,2318,2874.16,2025-08-28,Deferred
2319,2319,4988.76,2025-06-13,Recognized
2320,2320,1166.57,2025-08-22,Recognized
2321,2321,3166.06,2025-04-16,Deferred
2322,2322,754.0,2025-09-04,Recognized
2323,2323,3810.86,2025-08-02,Pending
2324,2324,1597.78,2025-04-25,Deferred
2325,2325,612.19,2025-07-12,Pending
2326,2326,4587.97,2025-09-01,Pending
2327,2327,3728.02,2025-05-19,Deferred
2328,2328,2558.39,2025-08-12,Recognized
2329,2329,3300.9,2025-08-03,Deferred
2330,2330,3300.64,2025-09-22,Recognized
2331,2331,706.68,2025-08-22,Deferred
2332,2332,3807.57,2025-08-09,Pending
2333,2333,885.46,2025-07-10,Pending
2334,2334,1731.83,2025-06-29,Deferred
2335,2335,4959.57,2025-10-08,Deferred
2336,2336,3110.32,2025-06-26,Pending
2337,2337,476.69,2025-05-07,Deferred
2338,2338,3870.34,2025-08-28,Deferred
2339,2339,461.9,2025-04-20,Pending
2340,2340,3216.67,2025-08-03,Recognized
2341,2341,2240.96,2025-07-09,Deferred
2342,2342,3686.65,2025-08-01,Recognized
2343,2343,1568.65,2025-07-24,Pending
2344,2344,2767.49,2025-09-22,Pending
2345,2345,4440.24,2025-09-10,Pending
2346,2346,1649.84,2025-05-06,Recognized
2347,2347,3782.66,2025-04-14,Deferred
2348,2348,1327.77,2025-09-10,Deferred
2349,2349,3316.94,2025-07-04,Recognized
2350,2350,2770.76,2025-06-22,Pending
2351,2351,141.46,2025-08-30,Pending
2352,2352,697.19,2025-09-16,Deferred
2353,2353,4086.97,2025-05-27,Pending
2354,2354,563.65,2025-05-31,Recognized
2355,2355,2543.29,2025-06-09,Deferred
2356,2356,2060.93,2025-06-25,Deferred
2357,2357,2741.09,2025-05-16,Pending
2358,2358,3643.21,2025-05-01,Pending
2359,2359,3362.34,2025-05-31,Pending
2360,2360,1348.89,2025-06-23,Pending
2361,2361,1249.97,2025-08-09,Pending
2362,2362,2693.77,2025-07-02,Deferred
2363,2363,1404.59,2025-08-28,Pending
2364,2364,3514.16,2025-05-10,Deferred
2365,2365,4395.64,2025-09-13,Recognized
2366,2366,4132.28,2025-08-26,Deferred
2367,2367,286.59,2025-05-17,Pending
2368,2368,3072.43,2025-09-09,Deferred
2369,2369,247.27,2025-09-18,Recognized
2370,2370,1128.63,2025-08-22,Pending
2371,2371,4178.82,2025-06-18,Pending
2372,2372,3097.34,2025-09-17,Deferred
2373,2373,1779.78,2025-06-14,Pending
2374,2374,4685.49,2025-07-04,Recognized
2375,2375,4280.07,2025-04-11,Recognized
2376,2376,1361.35,2025-10-01,Deferred
2377,2377,2638.67,2025-05-05,Recognized
2378,2378,385.2,2025-04-14,Recognized
2379,2379,1187.85,2025-08-24,Pending
2380,2380,3321.73,2025-06-10,Pending
2381,2381,4501.94,2025-05-12,Recognized
2382,2382,1164.52,2025-09-04,Deferred
2383,2383,1706.71,2025-09-20,Pending
2384,2384,1744.05,2025-09-25,Recognized
2385,2385,3334.28,2025-05-04,Pending
2386,2386,3421.18,2025-07-31,Pending
2387,2387,4018.87,2025-05-02,Deferred
2388,2388,442.3,2025-08-12,Recognized
2389,2389,946.93,2025-04-13,Pending
2390,2390,2630.18,2025-07-12,Deferred
2391,2391,3854.69,2025-08-29,Pending
2392,2392,1912.4,2025-04-12,Pending
2393,2393,2826.27,2025-05-23,Deferred
2394,2394,3043.54,2025-05-13,Pending
2395,2395,3508.66,2025-07-02,Deferred
2396,2396,3943.61,2025-08-28,Pending
2397,2397,2833.97,2025-06-16,Deferred
2398,2398,545.34,2025-05-26,Pending
2399,2399,2361.54,2025-09-12,Deferred
2400,2400,4948.53,2025-08-05,Deferred
2401,2401,980.04,2025-06-30,Pending
2402,2402,541.91,2025-07-29,Recognized
2403,2403,663.34,2025-08-28,Recognized
2404,2404,1174.11,2025-07-24,Deferred
2405,2405,1308.37,2025-07-24,Pending
2406,2406,2118.8,2025-04-20,Pending
2407,2407,513.35,2025-07-22,Deferred
2408,2408,1333.49,2025-08-05,Pending
2409,2409,1150.08,2025-09-07,Recognized
2410,2410,1731.29,2025-08-10,Pending
2411,2411,3080.85,2025-05-21,Pending
2412,2412,3621.0,2025-09-13,Pending
2413,2413,3507.21,2025-07-08,Deferred
2414,2414,3910.57,2025-06-24,Deferred
2415,2415,1828.55,2025-05-12,Recognized
2416,2416,3827.95,2025-07-06,Recognized
2417,2417,1998.34,2025-06-24,Recognized
2418,2418,4274.13,2025-04-09,Pending
2419,2419,2032.96,2025-05-17,Recognized
2420,2420,4444.68,2025-07-01,Deferred
2421,2421,1737.08,2025-08-11,Recognized
2422,2422,3123.93,2025-04-19,Deferred
2423,2423,4089.59,2025-06-17,Deferred
2424,2424,4846.74,2025-07-15,Recognized
2425,2425,3527.98,2025-08-19,Deferred
2426,2426,982.57,2025-05-22,Pending
2427,2427,778.52,2025-09-24,Recognized
2428,2428,4487.63,2025-07-02,Recognized
2429,2429,103.35,2025-04-17,Deferred
2430,2430,1048.77,2025-07-09,Recognized
2431,2431,1484.44,2025-06-20,Deferred
2432,2432,4790.73,2025-04-18,Pending
2433,2433,2939.03,2025-09-11,Deferred
2434,2434,2826.29,2025-08-11,Pending
2435,2435,3378.27,2025-09-15,Pending
2436,2436,4149.32,2025-05-20,Pending
2437,2437,1675.01,2025-07-14,Deferred
2438,2438,3465.53,2025-05-02,Recognized
2439,2439,858.49,2025-08-06,Deferred
2440,2440,1773.81,2025-09-10,Recognized
2441,2441,2807.24,2025-09-03,Deferred
2442,2442,252.13,2025-05-14,Recognized
2443,2443,871.41,2025-07-11,Recognized
2444,2444,4449.18,2025-06-18,Deferred
2445,2445,1461.57,2025-05-12,Recognized
2446,2446,3235.83,2025-08-12,Deferred
2447,2447,4037.51,2025-08-23,Recognized
2448,2448,2161.24,2025-04-19,Deferred
2449,2449,3470.16,2025-09-12,Recognized
2450,2450,4480.52,2025-05-15,Recognized
2451,2451,1548.55,2025-05-06,Deferred
2452,2452,2471.78,2025-05-06,Pending
2453,2453,871.91,2025-05-30,Deferred
2454,2454,1010.27,2025-09-09,Deferred
2455,2455,4792.9,2025-04-20,Recognized
2456,2456,1257.05,2025-08-04,Recognized
2457,2457,4110.15,2025-06-25,Pending
2458,2458,2819.2,2025-09-05,Pending
2459,2459,1957.29,2025-04-11,Pending
2460,2460,4317.78,2025-07-07,Deferred
2461,2461,4289.16,2025-09-03,Deferred
2462,2462,3870.47,2025-07-05,Pending
2463,2463,886.46,2025-10-05,Deferred
2464,2464,136.08,2025-08-10,Recognized
2465,2465,160.06,2025-07-26,Deferred
2466,2466,3796.49,2025-04-09,Deferred
2467,2467,2964.55,2025-04-18,Pending
2468,2468,4504.33,2025-09-04,Recognized
2469,2469,3664.58,2025-08-09,Recognized
2470,2470,2665.01,2025-05-26,Pending
2471,2471,1390.3,2025-10-04,Deferred
2472,2472,4540.94,2025-07-17,Recognized
2473,2473,1792.74,2025-07-26,Deferred
2474,2474,3219.52,2025-10-08,Deferred
2475,2475,3722.15,2025-09-12,Pending
2476,2476,4555.33,2025-05-20,Pending
2477,2477,2123.64,2025-06-02,Recognized
2478,2478,3711.66,2025-08-20,Recognized
2479,2479,827.6,2025-09-23,Recognized
2480,2480,359.33,2025-08-17,Pending
2481,2481,1909.52,2025-08-20,Pending
2482,2482,2776.39,2025-05-07,Recognized
2483,2483,4599.36,2025-08-18,Deferred
2484,2484,4184.41,2025-05-05,Deferred
2485,2485,3834.3,2025-09-21,Recognized
2486,2486,2769.03,2025-07-02,Pending
2487,2487,4191.42,2025-05-31,Pending
2488,2488,4858.95,2025-10-02,Pending
2489,2489,1348.81,2025-09-18,Deferred
2490,2490,1642.52,2025-05-06,Recognized
2491,2491,3940.97,2025-08-11,Deferred
2492,2492,524.14,2025-05-19,Pending
2493,2493,3481.77,2025-07-12,Pending
2494,2494,911.09,2025-07-01,Deferred
2495,2495,2640.64,2025-05-01,Deferred
2496,2496,2354.69,2025-07-29,Deferred
2497,2497,4313.21,2025-08-03,Pending
2498,2498,3043.01,2025-05-20,Pending
2499,2499,3339.36,2025-08-26,Pending
2500,2500,1748.85,2025-08-24,Pending
