tax_id,order_id,tax_amount,tax_rate,tax_date
1,1,380.15,5.19,2025-07-17
2,2,322.43,9.91,2025-09-16
3,3,282.6,10.67,2025-07-14
4,4,268.49,16.59,2025-07-28
5,5,320.94,12.88,2025-04-19
6,6,100.87,12.13,2025-06-16
7,7,88.7,12.57,2025-08-12
8,8,301.57,6.79,2025-09-04
9,9,125.64,16.51,2025-04-26
10,10,114.22,16.29,2025-06-23
11,11,390.65,7.97,2025-05-14
12,12,26.71,15.72,2025-04-30
13,13,347.67,17.36,2025-06-18
14,14,73.86,17.74,2025-07-31
15,15,257.73,8.9,2025-08-22
16,16,187.41,14.33,2025-07-31
17,17,74.25,5.54,2025-08-12
18,18,301.41,12.1,2025-08-17
19,19,37.62,9.25,2025-05-27
20,20,7.46,7.1,2025-07-05
21,21,39.84,16.22,2025-04-18
22,22,415.21,14.23,2025-04-29
23,23,85.25,6.91,2025-07-30
24,24,307.0,14.28,2025-09-03
25,25,164.83,17.72,2025-09-05
26,26,142.7,15.26,2025-09-02
27,27,121.92,5.94,2025-09-08
28,28,231.17,11.17,2025-08-07
29,29,151.7,9.64,2025-10-03
30,30,43.85,6.22,2025-06-29
31,31,470.34,6.63,2025-06-24
32,32,74.48,13.69,2025-06-06
33,33,300.62,9.7,2025-04-17
34,34,174.52,15.0,2025-08-20
35,35,151.56,9.95,2025-06-27
36,36,286.49,13.06,2025-05-22
37,37,332.94,12.29,2025-08-17
38,38,193.34,7.63,2025-08-28
39,39,206.7,15.36,2025-07-06
40,40,152.46,13.87,2025-05-27
41,41,5.15,9.11,2025-07-28
42,42,337.83,8.23,2025-04-22
43,43,97.37,10.81,2025-09-22
44,44,386.19,10.51,2025-07-28
45,45,146.47,17.26,2025-07-17
46,46,15.35,9.01,2025-09-02
47,47,358.88,14.0,2025-07-11
48,48,248.03,7.06,2025-07-26
49,49,73.73,7.15,2025-09-10
50,50,144.52,7.16,2025-06-02
51,51,232.66,9.26,2025-05-07
52,52,225.69,7.31,2025-05-28
53,53,192.69,16.99,2025-06-10
54,54,55.11,10.74,2025-05-05
55,55,98.68,9.6,2025-05-18
56,56,81.69,9.22,2025-04-15
57,57,153.32,14.69,2025-05-21
58,58,477.28,15.0,2025-10-05
59,59,491.17,16.84,2025-09-20
60,60,277.26,17.44,2025-07-19
61,61,314.64,14.49,2025-06-07
62,62,321.23,16.05,2025-07-20
63,63,174.66,15.69,2025-04-20
64,64,213.55,14.63,2025-06-02
65,65,305.17,13.46,2025-05-23
66,66,415.55,8.76,2025-04-29
67,67,38.19,10.08,2025-05-07
68,68,349.47,9.26,2025-08-23
69,69,346.5,5.64,2025-04-28
70,70,250.93,17.67,2025-09-27
71,71,288.09,13.68,2025-04-25
72,72,93.09,11.96,2025-07-30
73,73,201.24,16.55,2025-07-29
74,74,222.92,5.06,2025-08-12
75,75,164.01,11.69,2025-07-07
76,76,458.5,14.07,2025-08-11
77,77,108.12,9.31,2025-04-18
78,78,111.94,9.05,2025-04-29
79,79,260.45,14.2,2025-07-21
80,80,277.17,14.79,2025-09-18
81,81,384.85,5.29,2025-06-14
82,82,474.56,11.18,2025-05-20
83,83,30.58,8.0,2025-08-14
84,84,496.46,15.89,2025-07-05
85,85,382.72,17.79,2025-09-13
86,86,112.26,15.19,2025-04-11
87,87,385.2,10.47,2025-06-03
88,88,481.58,8.07,2025-04-09
89,89,274.05,5.07,2025-07-19
90,90,429.27,7.07,2025-09-13
91,91,86.06,11.63,2025-04-21
92,92,184.3,6.8,2025-05-20
93,93,71.48,7.37,2025-08-07
94,94,65.08,8.21,2025-06-13
95,95,60.86,9.97,2025-07-12
96,96,208.2,13.0,2025-07-11
97,97,277.51,9.17,2025-07-10
98,98,88.07,9.0,2025-05-25
99,99,10.79,10.44,2025-08-24
100,100,460.83,6.98,2025-07-25
101,101,437.2,12.0,2025-05-05
102,102,246.46,12.08,2025-10-07
103,103,107.75,9.24,2025-07-23
104,104,286.77,7.05,2025-08-10
105,105,470.06,7.19,2025-08-25
106,106,12.61,6.59,2025-05-17
107,107,288.62,7.96,2025-07-08
108,108,383.8,13.83,2025-06-17
109,109,15.86,10.87,2025-09-28
110,110,252.97,16.14,2025-06-15
111,111,497.28,16.67,2025-06-02
112,112,240.58,15.28,2025-07-07
113,113,217.07,8.48,2025-04-27
114,114,106.59,17.92,2025-07-22
115,115,491.4,5.31,2025-04-27
116,116,330.84,7.4,2025-07-14
117,117,428.0,15.85,2025-07-09
118,118,364.77,13.46,2025-04-25
119,119,372.82,6.18,2025-09-03
120,120,40.44,5.45,2025-06-20
121,121,419.07,10.12,2025-07-15
122,122,55.68,6.47,2025-10-06
123,123,481.24,14.4,2025-08-15
124,124,305.1,9.15,2025-06-27
125,125,122.2,16.36,2025-05-01
126,126,345.37,10.55,2025-04-11
127,127,345.05,17.89,2025-08-19
128,128,52.19,9.53,2025-06-01
129,129,30.71,15.51,2025-04-27
130,130,257.28,16.59,2025-05-10
131,131,102.23,13.84,2025-04-18
132,132,109.57,12.52,2025-10-08
133,133,141.14,17.89,2025-10-02
134,134,296.45,13.33,2025-05-23
135,135,249.61,13.72,2025-06-30
136,136,452.51,10.79,2025-05-09
137,137,425.45,9.85,2025-09-03
138,138,5.47,6.17,2025-07-27
139,139,72.09,11.5,2025-07-01
140,140,474.73,9.4,2025-07-17
141,141,424.73,12.56,2025-04-16
142,142,319.58,14.59,2025-07-17
143,143,189.41,10.19,2025-07-14
144,144,145.18,12.89,2025-06-26
145,145,443.18,8.33,2025-07-04
146,146,428.49,13.15,2025-08-03
147,147,164.45,16.0,2025-09-02
148,148,299.75,16.7,2025-05-11
149,149,464.53,16.96,2025-06-03
150,150,293.37,10.43,2025-09-03
151,151,31.66,17.17,2025-09-23
152,152,483.65,8.57,2025-06-14
153,153,461.09,5.79,2025-06-22
154,154,458.14,6.21,2025-10-05
155,155,310.63,16.88,2025-05-03
156,156,281.81,11.6,2025-05-09
157,157,470.16,5.77,2025-06-15
158,158,473.72,8.91,2025-06-09
159,159,368.7,11.28,2025-04-29
160,160,261.83,9.93,2025-08-25
161,161,262.59,16.2,2025-06-12
162,162,450.16,13.49,2025-09-26
163,163,46.93,17.06,2025-04-21
164,164,405.86,11.42,2025-07-27
165,165,267.37,17.5,2025-04-15
166,166,295.59,5.42,2025-08-09
167,167,274.03,16.27,2025-09-11
168,168,82.34,16.92,2025-04-14
169,169,282.15,7.55,2025-06-20
170,170,475.89,17.08,2025-06-25
171,171,76.21,13.12,2025-04-28
172,172,325.27,16.75,2025-08-04
173,173,459.19,14.51,2025-08-25
174,174,206.84,7.19,2025-09-19
175,175,349.2,10.45,2025-07-17
176,176,429.32,8.64,2025-05-15
177,177,156.6,15.11,2025-09-12
178,178,443.22,16.4,2025-07-16
179,179,77.31,7.4,2025-07-25
180,180,97.34,12.04,2025-08-01
181,181,395.92,11.07,2025-06-07
182,182,331.25,17.82,2025-08-28
183,183,181.38,6.66,2025-04-15
184,184,466.0,16.99,2025-10-04
185,185,423.62,15.19,2025-05-23
186,186,161.77,15.93,2025-06-17
187,187,466.06,10.14,2025-07-29
188,188,216.52,9.72,2025-04-21
189,189,378.42,10.28,2025-09-10
190,190,241.0,12.56,2025-08-24
191,191,131.25,7.82,2025-08-25
192,192,160.86,14.36,2025-09-06
193,193,124.96,11.55,2025-06-06
194,194,19.87,14.56,2025-08-15
195,195,18.81,11.29,2025-07-14
196,196,84.47,7.17,2025-06-19
197,197,116.79,14.59,2025-07-01
198,198,311.62,7.76,2025-06-08
199,199,312.39,6.79,2025-09-11
200,200,249.88,12.97,2025-09-14
201,201,156.15,7.3,2025-04-27
202,202,264.09,10.87,2025-09-29
203,203,468.34,10.82,2025-08-03
204,204,322.87,15.71,2025-06-09
205,205,424.17,10.58,2025-06-15
206,206,427.49,17.32,2025-06-10
207,207,124.98,17.76,2025-07-01
208,208,117.99,9.15,2025-04-24
209,209,99.68,13.98,2025-08-03
210,210,21.99,13.35,2025-05-13
211,211,106.24,12.37,2025-09-01
212,212,496.75,9.98,2025-06-23
213,213,450.5,17.43,2025-06-17
214,214,59.4,16.78,2025-05-22
215,215,140.63,5.31,2025-08-31
216,216,30.83,17.4,2025-08-25
217,217,125.77,14.7,2025-09-03
218,218,135.75,14.02,2025-04-13
219,219,441.07,16.0,2025-09-01
220,220,129.25,15.77,2025-05-25
221,221,371.93,8.25,2025-09-11
222,222,418.76,5.24,2025-09-23
223,223,396.54,6.18,2025-06-28
224,224,52.57,5.43,2025-07-25
225,225,330.33,8.11,2025-04-30
226,226,137.42,5.78,2025-06-02
227,227,196.76,14.43,2025-05-27
228,228,468.82,13.87,2025-04-16
229,229,343.53,16.55,2025-04-30
230,230,181.05,7.98,2025-10-08
231,231,442.44,5.88,2025-08-23
232,232,108.19,15.06,2025-07-24
233,233,495.94,5.2,2025-07-28
234,234,203.33,15.02,2025-06-24
235,235,316.3,15.93,2025-10-01
236,236,43.88,5.52,2025-04-29
237,237,167.6,7.71,2025-08-13
238,238,317.96,13.3,2025-09-03
239,239,444.7,14.86,2025-09-19
240,240,351.26,15.69,2025-09-02
241,241,228.27,6.09,2025-09-15
242,242,96.5,7.51,2025-04-17
243,243,362.92,14.88,2025-07-15
244,244,438.26,8.03,2025-04-12
245,245,208.0,10.45,2025-06-14
246,246,164.85,10.63,2025-08-03
247,247,235.74,13.25,2025-07-21
248,248,212.34,10.49,2025-09-11
249,249,28.15,17.2,2025-06-20
250,250,6.86,6.44,2025-04-24
251,251,411.12,6.42,2025-07-25
252,252,229.91,17.62,2025-06-23
253,253,164.25,11.04,2025-10-04
254,254,312.91,16.39,2025-07-26
255,255,262.32,7.35,2025-09-13
256,256,28.39,17.18,2025-07-19
257,257,126.44,6.93,2025-09-11
258,258,180.91,6.55,2025-07-15
259,259,371.96,13.97,2025-07-10
260,260,260.74,9.82,2025-10-05
261,261,239.13,15.2,2025-05-05
262,262,265.59,12.72,2025-08-15
263,263,210.38,13.98,2025-04-22
264,264,244.41,14.34,2025-09-09
265,265,71.58,17.77,2025-07-28
266,266,136.94,7.37,2025-06-10
267,267,67.47,9.35,2025-09-12
268,268,448.61,7.34,2025-05-01
269,269,453.89,14.27,2025-06-25
270,270,9.4,11.34,2025-05-07
271,271,174.35,16.11,2025-08-20
272,272,104.47,7.56,2025-07-10
273,273,449.18,11.19,2025-04-21
274,274,267.76,7.8,2025-05-31
275,275,33.08,9.05,2025-05-06
276,276,144.24,8.95,2025-05-07
277,277,137.52,14.99,2025-06-17
278,278,100.07,12.0,2025-08-23
279,279,56.49,9.97,2025-08-30
280,280,8.68,6.03,2025-09-12
281,281,485.39,16.82,2025-09-17
282,282,456.63,16.06,2025-06-04
283,283,348.89,14.8,2025-06-09
284,284,68.91,5.27,2025-09-30
285,285,153.73,10.67,2025-09-09
286,286,437.22,11.96,2025-06-03
287,287,196.34,16.32,2025-06-04
288,288,318.45,11.36,2025-06-11
289,289,376.18,13.19,2025-09-13
290,290,421.27,15.77,2025-05-06
291,291,343.18,15.7,2025-06-02
292,292,343.1,6.76,2025-05-11
293,293,356.43,11.86,2025-09-27
294,294,362.29,10.04,2025-09-02
295,295,146.64,6.71,2025-05-24
296,296,74.69,14.64,2025-08-16
297,297,223.17,9.76,2025-05-19
298,298,171.35,8.94,2025-06-11
299,299,162.66,14.81,2025-06-29
300,300,64.92,10.66,2025-06-22
301,301,264.24,15.57,2025-05-23
302,302,354.06,16.49,2025-10-08
303,303,126.48,5.41,2025-08-09
304,304,15.74,15.37,2025-06-17
305,305,484.33,16.32,2025-05-29
306,306,155.0,7.34,2025-09-15
307,307,416.27,8.05,2025-06-25
308,308,54.54,16.44,2025-06-13
309,309,461.79,11.87,2025-04-09
310,310,314.72,9.51,2025-08-10
311,311,67.46,9.6,2025-09-26
312,312,17.28,16.21,2025-10-08
313,313,291.95,13.03,2025-06-16
314,314,238.49,13.21,2025-08-05
315,315,31.07,16.61,2025-08-29
316,316,499.83,6.39,2025-06-30
317,317,435.36,15.7,2025-10-08
318,318,497.88,8.58,2025-05-28
319,319,343.4,12.63,2025-05-29
320,320,278.39,7.63,2025-08-08
321,321,465.7,10.61,2025-05-29
322,322,405.35,5.46,2025-09-02
323,323,157.85,11.77,2025-05-06
324,324,210.79,8.17,2025-05-13
325,325,154.62,11.54,2025-05-27
326,326,428.49,8.1,2025-09-25
327,327,164.05,16.39,2025-05-08
328,328,412.25,13.74,2025-04-13
329,329,391.2,15.87,2025-04-19
330,330,193.37,13.97,2025-06-17
331,331,17.78,14.1,2025-09-20
332,332,80.65,7.07,2025-07-11
333,333,439.8,17.57,2025-07-18
334,334,469.51,17.37,2025-04-16
335,335,481.17,11.33,2025-08-11
336,336,337.4,8.07,2025-07-05
337,337,94.09,6.19,2025-10-03
338,338,194.18,11.76,2025-08-21
339,339,463.89,11.97,2025-08-19
340,340,155.31,7.9,2025-06-02
341,341,50.74,11.89,2025-07-02
342,342,339.51,15.43,2025-05-19
343,343,375.41,14.55,2025-07-15
344,344,152.86,10.02,2025-08-23
345,345,493.46,5.16,2025-09-21
346,346,322.86,9.29,2025-05-28
347,347,60.7,8.87,2025-07-08
348,348,140.65,17.75,2025-09-28
349,349,248.99,9.57,2025-09-14
350,350,149.31,9.05,2025-10-07
351,351,456.59,13.81,2025-06-30
352,352,431.72,9.4,2025-05-23
353,353,301.59,5.5,2025-05-20
354,354,466.55,15.89,2025-08-27
355,355,373.05,14.88,2025-05-14
356,356,438.82,5.71,2025-05-07
357,357,156.04,12.54,2025-08-23
358,358,88.64,8.16,2025-06-30
359,359,72.5,7.45,2025-10-08
360,360,44.93,14.37,2025-04-09
361,361,298.77,5.24,2025-07-02
362,362,324.32,12.31,2025-06-23
363,363,240.06,14.87,2025-07-22
364,364,421.24,8.24,2025-06-03
365,365,325.69,14.42,2025-10-01
366,366,326.96,7.68,2025-05-30
367,367,139.99,11.03,2025-05-14
368,368,189.16,17.45,2025-05-23
369,369,344.97,16.92,2025-07-28
370,370,307.38,6.29,2025-08-27
371,371,418.02,7.21,2025-05-12
372,372,194.81,5.96,2025-07-23
373,373,103.59,10.69,2025-06-25
374,374,142.66,14.32,2025-06-18
375,375,66.85,9.87,2025-08-16
376,376,362.6,11.41,2025-07-12
377,377,14.11,5.62,2025-04-25
378,378,320.36,7.04,2025-08-01
379,379,187.19,9.39,2025-07-03
380,380,496.27,16.72,2025-05-17
381,381,110.65,11.06,2025-06-03
382,382,268.71,14.65,2025-05-16
383,383,39.7,14.16,2025-09-03
384,384,141.48,12.91,2025-08-07
385,385,286.5,5.73,2025-10-08
386,386,302.43,10.2,2025-06-19
387,387,477.76,17.53,2025-09-18
388,388,178.72,8.95,2025-07-06
389,389,30.12,8.06,2025-07-14
390,390,341.5,16.66,2025-07-15
391,391,339.74,12.35,2025-04-10
392,392,499.48,9.04,2025-06-07
393,393,352.87,14.86,2025-04-12
394,394,354.17,6.2,2025-08-05
395,395,124.77,10.33,2025-07-10
396,396,146.08,7.97,2025-06-01
397,397,485.17,7.08,2025-07-28
398,398,21.3,14.69,2025-07-26
399,399,425.8,5.11,2025-09-18
400,400,87.74,11.51,2025-08-18
401,401,354.02,9.62,2025-05-26
402,402,15.53,16.45,2025-06-22
403,403,309.21,17.18,2025-06-07
404,404,292.72,12.64,2025-08-24
405,405,233.35,17.85,2025-04-18
406,406,289.84,15.01,2025-05-02
407,407,169.27,9.06,2025-07-22
408,408,404.44,15.16,2025-05-17
409,409,461.64,14.1,2025-05-07
410,410,210.28,7.77,2025-07-19
411,411,361.45,12.11,2025-04-30
412,412,193.34,14.19,2025-05-16
413,413,325.21,10.86,2025-05-29
414,414,395.02,12.27,2025-07-07
415,415,148.34,11.25,2025-07-31
416,416,261.74,11.77,2025-07-28
417,417,453.69,10.03,2025-06-14
418,418,280.22,10.88,2025-04-14
419,419,234.32,17.69,2025-04-09
420,420,430.88,7.09,2025-08-17
421,421,163.08,17.89,2025-06-26
422,422,241.11,8.59,2025-04-22
423,423,330.04,10.87,2025-07-12
424,424,379.3,12.9,2025-06-26
425,425,153.71,14.89,2025-05-06
426,426,120.09,9.37,2025-09-02
427,427,361.58,13.93,2025-08-20
428,428,363.66,5.14,2025-04-20
429,429,468.85,11.03,2025-06-23
430,430,207.41,8.39,2025-07-25
431,431,273.28,7.31,2025-06-04
432,432,260.72,6.08,2025-07-05
433,433,76.16,14.16,2025-06-30
434,434,155.94,7.05,2025-05-27
435,435,259.67,15.57,2025-04-11
436,436,309.67,7.44,2025-08-30
437,437,75.62,15.57,2025-09-27
438,438,282.12,11.27,2025-04-16
439,439,484.88,16.73,2025-08-08
440,440,11.2,14.74,2025-06-21
441,441,394.94,14.24,2025-08-16
442,442,21.3,14.94,2025-08-15
443,443,456.41,5.31,2025-04-20
444,444,349.7,9.07,2025-08-10
445,445,282.15,14.86,2025-05-18
446,446,349.09,14.97,2025-04-28
447,447,82.48,13.38,2025-10-05
448,448,68.29,12.22,2025-06-30
449,449,431.32,5.17,2025-06-26
450,450,15.02,17.56,2025-08-12
451,451,172.07,14.6,2025-09-14
452,452,336.37,7.41,2025-07-19
453,453,498.05,8.02,2025-07-31
454,454,289.06,16.05,2025-08-18
455,455,80.09,9.65,2025-08-08
456,456,9.81,7.02,2025-05-19
457,457,131.57,12.95,2025-04-27
458,458,374.07,8.74,2025-08-19
459,459,393.98,16.21,2025-09-17
460,460,127.58,16.42,2025-04-21
461,461,52.56,12.97,2025-05-11
462,462,259.26,17.45,2025-08-31
463,463,375.96,15.95,2025-05-03
464,464,466.33,15.1,2025-08-02
465,465,478.4,6.08,2025-07-02
466,466,239.0,5.66,2025-09-08
467,467,88.46,7.71,2025-05-09
468,468,126.43,9.21,2025-09-13
469,469,252.3,17.21,2025-07-17
470,470,39.95,17.08,2025-10-01
471,471,267.36,16.14,2025-07-06
472,472,134.51,15.97,2025-06-24
473,473,43.01,17.75,2025-04-18
474,474,145.18,10.64,2025-09-08
475,475,97.51,17.1,2025-09-16
476,476,361.53,9.26,2025-09-08
477,477,293.21,12.98,2025-04-25
478,478,83.75,11.04,2025-07-08
479,479,196.27,10.14,2025-08-10
480,480,352.15,15.87,2025-07-18
481,481,171.85,9.95,2025-08-07
482,482,196.14,11.35,2025-06-29
483,483,124.69,6.53,2025-10-06
484,484,86.52,8.95,2025-05-12
485,485,107.41,9.67,2025-07-03
486,486,158.91,9.8,2025-05-06
487,487,407.74,14.46,2025-07-08
488,488,411.69,10.44,2025-06-27
489,489,295.67,15.19,2025-09-29
490,490,319.02,14.46,2025-08-05
491,491,423.23,8.51,2025-09-14
492,492,487.3,8.19,2025-09-27
493,493,185.26,8.01,2025-05-10
494,494,272.02,13.83,2025-08-03
495,495,17.3,6.01,2025-06-02
496,496,469.72,14.64,2025-09-02
497,497,202.0,10.26,2025-05-20
498,498,206.93,11.53,2025-08-18
499,499,303.64,15.93,2025-07-19
500,500,296.83,12.51,2025-06-15
501,501,132.25,13.19,2025-07-02
502,502,243.6,16.92,2025-09-29
503,503,250.8,12.46,2025-09-09
504,504,382.05,14.0,2025-08-20
505,505,116.21,5.01,2025-05-06
506,506,42.48,17.27,2025-09-20
507,507,242.15,8.39,2025-08-24
508,508,326.22,12.44,2025-09-21
509,509,206.54,11.04,2025-06-02
510,510,457.0,12.23,2025-04-29
511,511,302.0,13.15,2025-10-01
512,512,489.63,8.83,2025-06-20
513,513,273.61,11.24,2025-05-13
514,514,76.32,6.64,2025-09-27
515,515,191.5,5.6,2025-09-24
516,516,22.28,10.54,2025-09-21
517,517,97.84,7.4,2025-08-05
518,518,262.26,10.76,2025-08-16
519,519,141.42,11.91,2025-05-06
520,520,401.56,6.02,2025-09-03
521,521,305.98,15.61,2025-08-11
522,522,185.99,12.32,2025-06-10
523,523,429.48,9.98,2025-06-29
524,524,56.6,10.26,2025-07-20
525,525,482.67,12.87,2025-09-24
526,526,345.74,15.01,2025-05-28
527,527,400.65,7.36,2025-09-08
528,528,74.35,12.45,2025-09-24
529,529,153.28,12.93,2025-07-07
530,530,279.71,7.79,2025-06-12
531,531,360.58,16.95,2025-08-26
532,532,455.45,15.99,2025-05-16
533,533,373.36,12.09,2025-04-12
534,534,347.16,7.11,2025-07-01
535,535,213.53,14.84,2025-08-30
536,536,40.26,6.38,2025-04-22
537,537,158.53,16.59,2025-04-14
538,538,387.19,6.18,2025-05-02
539,539,215.26,5.18,2025-06-08
540,540,125.11,12.96,2025-08-04
541,541,250.21,10.67,2025-08-13
542,542,350.53,8.38,2025-09-22
543,543,178.72,13.38,2025-07-14
544,544,10.65,12.35,2025-05-14
545,545,37.04,10.43,2025-07-03
546,546,86.05,14.95,2025-08-30
547,547,303.81,13.31,2025-06-30
548,548,497.37,11.18,2025-09-28
549,549,70.68,17.41,2025-09-01
550,550,71.15,10.61,2025-06-06
551,551,203.98,13.81,2025-07-17
552,552,329.33,11.9,2025-08-18
553,553,401.26,9.16,2025-05-15
554,554,210.08,6.99,2025-05-30
555,555,88.34,13.28,2025-07-24
556,556,70.42,13.91,2025-05-02
557,557,26.96,8.64,2025-08-17
558,558,405.28,17.81,2025-09-24
559,559,198.96,9.67,2025-08-31
560,560,423.15,13.62,2025-05-20
561,561,437.09,15.66,2025-05-01
562,562,77.3,11.97,2025-05-13
563,563,81.45,16.46,2025-08-14
564,564,496.75,16.66,2025-08-22
565,565,187.19,17.73,2025-06-27
566,566,354.56,6.79,2025-05-11
567,567,473.33,9.09,2025-08-22
568,568,255.23,5.7,2025-06-20
569,569,346.56,15.62,2025-07-06
570,570,435.57,8.08,2025-09-13
571,571,275.97,17.19,2025-07-17
572,572,401.32,11.36,2025-08-11
573,573,457.57,16.6,2025-04-13
574,574,404.41,6.55,2025-09-02
575,575,58.94,8.64,2025-05-26
576,576,175.99,16.37,2025-07-13
577,577,349.05,12.3,2025-09-05
578,578,224.91,6.93,2025-05-01
579,579,155.08,5.29,2025-08-09
580,580,151.42,13.45,2025-04-22
581,581,191.07,12.72,2025-06-19
582,582,401.67,12.02,2025-07-30
583,583,233.58,9.75,2025-08-18
584,584,344.74,14.2,2025-10-07
585,585,121.96,9.75,2025-06-20
586,586,22.22,5.02,2025-06-18
587,587,167.89,14.07,2025-07-13
588,588,69.31,8.07,2025-06-28
589,589,199.72,11.81,2025-09-18
590,590,63.22,8.31,2025-04-25
591,591,149.61,10.3,2025-09-13
592,592,434.16,6.04,2025-07-24
593,593,235.66,9.98,2025-05-16
594,594,267.4,13.84,2025-06-06
595,595,103.9,14.93,2025-04-30
596,596,32.42,13.62,2025-08-29
597,597,137.14,7.67,2025-09-17
598,598,257.43,13.19,2025-09-01
599,599,457.08,17.74,2025-05-17
600,600,439.39,14.09,2025-07-17
601,601,40.25,15.54,2025-05-27
602,602,429.21,9.52,2025-05-19
603,603,70.01,5.88,2025-09-25
604,604,130.51,16.54,2025-09-24
605,605,340.16,12.16,2025-07-06
606,606,460.34,14.27,2025-06-30
607,607,261.78,16.07,2025-07-03
608,608,285.78,8.21,2025-04-20
609,609,102.62,17.83,2025-07-04
610,610,139.73,6.35,2025-05-17
611,611,196.39,16.47,2025-09-08
612,612,288.37,16.7,2025-09-10
613,613,206.86,7.56,2025-06-13
614,614,457.05,8.5,2025-06-02
615,615,52.42,7.61,2025-04-30
616,616,87.42,8.29,2025-05-28
617,617,478.8,15.36,2025-07-28
618,618,229.37,6.44,2025-07-21
619,619,359.1,7.45,2025-07-10
620,620,57.18,13.45,2025-10-04
621,621,227.38,15.76,2025-05-15
622,622,364.24,7.52,2025-07-08
623,623,142.43,16.51,2025-06-23
624,624,19.83,11.94,2025-08-02
625,625,379.02,5.98,2025-06-13
626,626,37.59,13.43,2025-08-03
627,627,195.87,15.58,2025-10-07
628,628,79.37,11.88,2025-08-18
629,629,336.05,5.28,2025-08-29
630,630,54.85,14.94,2025-09-14
631,631,476.15,13.76,2025-06-26
632,632,452.02,9.83,2025-07-07
633,633,488.42,7.35,2025-05-13
634,634,370.02,11.76,2025-05-08
635,635,313.06,7.7,2025-09-23
636,636,480.97,15.43,2025-06-26
637,637,167.7,12.59,2025-05-15
638,638,407.16,13.53,2025-08-01
639,639,290.7,5.64,2025-06-16
640,640,278.28,6.24,2025-07-30
641,641,193.56,11.41,2025-07-24
642,642,212.22,6.89,2025-06-17
643,643,375.22,10.01,2025-07-07
644,644,346.96,6.73,2025-07-12
645,645,73.5,10.72,2025-05-24
646,646,321.01,5.86,2025-06-19
647,647,206.6,17.37,2025-05-14
648,648,26.44,5.12,2025-07-03
649,649,60.07,12.8,2025-07-27
650,650,475.0,17.27,2025-06-28
651,651,12.35,17.47,2025-09-07
652,652,475.97,9.5,2025-07-27
653,653,456.31,16.32,2025-08-26
654,654,212.35,14.98,2025-05-14
655,655,132.51,6.63,2025-07-13
656,656,390.98,11.08,2025-09-24
657,657,371.71,12.36,2025-04-22
658,658,295.53,5.32,2025-08-09
659,659,345.04,11.42,2025-04-15
660,660,415.63,5.36,2025-06-05
661,661,251.74,7.8,2025-08-17
662,662,294.43,9.12,2025-06-21
663,663,97.02,9.71,2025-09-08
664,664,453.38,11.31,2025-05-10
665,665,119.15,12.72,2025-09-13
666,666,336.81,9.75,2025-08-02
667,667,77.96,17.46,2025-08-04
668,668,255.07,17.58,2025-07-28
669,669,487.92,10.22,2025-07-28
670,670,149.39,8.83,2025-09-11
671,671,281.52,11.48,2025-06-27
672,672,406.0,16.58,2025-09-18
673,673,99.25,15.84,2025-09-04
674,674,319.2,8.37,2025-08-02
675,675,65.41,12.28,2025-08-09
676,676,287.48,11.0,2025-05-11
677,677,135.79,14.79,2025-04-12
678,678,399.73,10.04,2025-05-04
679,679,150.93,12.01,2025-06-02
680,680,419.28,14.48,2025-05-23
681,681,250.68,15.34,2025-09-16
682,682,478.6,12.54,2025-07-01
683,683,495.48,9.88,2025-10-08
684,684,483.12,6.49,2025-05-21
685,685,288.21,12.31,2025-08-25
686,686,215.63,16.85,2025-05-24
687,687,214.79,17.16,2025-04-24
688,688,348.97,7.67,2025-05-04
689,689,300.71,10.89,2025-04-19
690,690,148.06,6.89,2025-06-04
691,691,202.68,6.91,2025-06-03
692,692,426.48,17.71,2025-07-27
693,693,362.39,16.13,2025-06-20
694,694,119.88,10.67,2025-04-20
695,695,473.44,7.36,2025-08-07
696,696,453.42,6.75,2025-08-13
697,697,195.97,11.81,2025-07-23
698,698,486.11,9.66,2025-04-15
699,699,152.91,8.17,2025-06-09
700,700,413.67,5.11,2025-05-15
701,701,36.36,9.34,2025-06-26
702,702,115.61,13.04,2025-08-21
703,703,201.17,16.28,2025-05-27
704,704,490.01,5.33,2025-05-28
705,705,490.37,5.46,2025-08-18
706,706,417.89,11.12,2025-08-29
707,707,416.32,12.53,2025-06-11
708,708,138.2,8.12,2025-06-04
709,709,168.99,6.37,2025-08-16
710,710,381.48,8.53,2025-07-29
711,711,189.65,17.83,2025-08-06
712,712,348.59,7.76,2025-08-05
713,713,224.77,13.83,2025-05-29
714,714,67.54,13.35,2025-08-11
715,715,167.61,12.61,2025-06-23
716,716,419.87,14.19,2025-09-08
717,717,22.07,8.46,2025-05-03
718,718,340.04,7.14,2025-05-16
719,719,418.6,7.43,2025-06-05
720,720,108.08,16.36,2025-05-30
721,721,115.04,6.21,2025-05-12
722,722,223.64,10.53,2025-09-10
723,723,370.16,10.08,2025-07-26
724,724,254.49,5.04,2025-06-07
725,725,57.58,14.12,2025-05-11
726,726,402.44,6.62,2025-04-15
727,727,235.11,13.92,2025-06-01
728,728,440.18,14.01,2025-06-22
729,729,179.35,5.21,2025-05-02
730,730,290.74,9.72,2025-09-28
731,731,93.56,11.84,2025-04-21
732,732,320.07,14.56,2025-07-05
733,733,468.82,15.09,2025-05-16
734,734,277.82,6.52,2025-07-22
735,735,179.82,13.61,2025-07-10
736,736,294.01,17.0,2025-07-26
737,737,216.91,11.18,2025-07-19
738,738,90.84,14.82,2025-07-10
739,739,401.55,17.51,2025-04-14
740,740,424.11,6.14,2025-09-30
741,741,25.42,8.03,2025-05-22
742,742,86.6,17.47,2025-05-25
743,743,361.56,9.18,2025-06-23
744,744,275.92,8.88,2025-08-17
745,745,227.22,13.73,2025-05-21
746,746,378.89,16.95,2025-09-17
747,747,230.84,10.96,2025-06-18
748,748,352.61,15.72,2025-07-03
749,749,352.99,11.92,2025-09-18
750,750,35.1,14.44,2025-07-13
751,751,255.81,15.13,2025-07-23
752,752,9.16,14.85,2025-05-12
753,753,296.95,13.98,2025-07-09
754,754,346.27,17.19,2025-09-03
755,755,465.9,13.47,2025-04-28
756,756,172.7,8.6,2025-08-07
757,757,170.18,12.49,2025-08-08
758,758,248.46,17.73,2025-08-29
759,759,457.28,8.68,2025-08-23
760,760,373.93,17.24,2025-04-30
761,761,62.53,14.01,2025-09-16
762,762,446.29,6.14,2025-09-05
763,763,34.14,13.02,2025-05-16
764,764,293.79,15.46,2025-10-03
765,765,231.12,12.42,2025-06-20
766,766,204.49,14.98,2025-08-28
767,767,369.15,6.0,2025-07-15
768,768,401.9,17.29,2025-04-09
769,769,307.96,13.28,2025-08-29
770,770,481.65,12.38,2025-09-10
771,771,269.61,8.99,2025-08-03
772,772,337.76,9.82,2025-10-02
773,773,486.82,12.46,2025-07-28
774,774,490.92,6.74,2025-08-15
775,775,250.47,17.36,2025-07-05
776,776,250.45,12.18,2025-05-09
777,777,465.41,12.62,2025-05-23
778,778,451.04,6.18,2025-10-02
779,779,56.06,15.88,2025-06-15
780,780,216.95,14.24,2025-09-25
781,781,250.74,7.37,2025-08-31
782,782,85.51,9.49,2025-07-04
783,783,224.69,16.79,2025-08-04
784,784,343.02,5.24,2025-07-05
785,785,184.72,5.41,2025-04-27
786,786,20.93,15.14,2025-04-18
787,787,113.27,7.71,2025-08-29
788,788,389.65,6.25,2025-07-21
789,789,458.86,5.11,2025-08-02
790,790,104.85,12.47,2025-09-28
791,791,370.48,12.62,2025-05-27
792,792,490.46,15.03,2025-09-29
793,793,111.09,15.49,2025-08-31
794,794,356.49,13.34,2025-09-03
795,795,80.29,9.01,2025-06-21
796,796,278.48,15.7,2025-06-30
797,797,81.42,15.44,2025-05-06
798,798,387.2,7.27,2025-05-04
799,799,303.66,6.64,2025-07-01
800,800,108.11,13.88,2025-05-13
801,801,351.1,8.13,2025-05-25
802,802,378.28,15.37,2025-05-15
803,803,404.51,9.23,2025-06-25
804,804,173.83,8.4,2025-04-11
805,805,294.18,15.01,2025-07-30
806,806,441.1,11.02,2025-07-22
807,807,385.34,14.17,2025-07-04
808,808,100.37,17.19,2025-08-22
809,809,250.92,7.3,2025-07-29
810,810,148.52,12.22,2025-09-07
811,811,11.41,11.0,2025-06-17
812,812,441.38,13.53,2025-05-18
813,813,172.27,10.64,2025-08-22
814,814,52.88,5.39,2025-05-19
815,815,333.66,16.67,2025-07-15
816,816,382.63,6.6,2025-08-01
817,817,50.31,14.69,2025-09-05
818,818,440.96,11.06,2025-06-17
819,819,292.33,16.57,2025-08-06
820,820,332.81,16.56,2025-07-27
821,821,463.13,8.2,2025-04-12
822,822,58.62,14.31,2025-06-18
823,823,162.71,16.48,2025-08-11
824,824,204.84,11.26,2025-04-26
825,825,481.42,17.0,2025-08-01
826,826,93.37,15.47,2025-07-01
827,827,31.38,16.37,2025-05-27
828,828,107.94,11.71,2025-05-13
829,829,436.06,14.38,2025-08-18
830,830,154.76,8.08,2025-04-16
831,831,185.66,10.41,2025-05-01
832,832,52.47,9.13,2025-04-10
833,833,437.77,13.64,2025-07-24
834,834,411.27,17.25,2025-05-16
835,835,359.39,17.13,2025-07-24
836,836,357.27,9.09,2025-07-04
837,837,216.4,6.16,2025-09-29
838,838,385.33,7.43,2025-04-15
839,839,228.14,8.53,2025-10-02
840,840,383.12,14.65,2025-04-19
841,841,491.4,17.43,2025-06-25
842,842,468.97,8.38,2025-06-28
843,843,112.7,15.92,2025-07-31
844,844,226.11,7.8,2025-08-26
845,845,346.07,17.42,2025-07-06
846,846,490.06,10.9,2025-06-10
847,847,356.45,5.23,2025-09-16
848,848,218.47,6.0,2025-05-22
849,849,469.49,13.46,2025-04-14
850,850,305.6,15.06,2025-07-21
851,851,194.92,17.02,2025-04-11
852,852,11.03,5.14,2025-08-27
853,853,445.6,5.72,2025-07-23
854,854,394.55,6.63,2025-04-15
855,855,218.11,12.21,2025-05-25
856,856,262.35,8.63,2025-08-19
857,857,415.97,14.49,2025-10-08
858,858,211.98,10.73,2025-08-15
859,859,277.62,16.22,2025-05-01
860,860,45.26,15.47,2025-04-27
861,861,217.13,6.51,2025-09-03
862,862,83.16,17.92,2025-08-23
863,863,42.65,13.99,2025-05-18
864,864,186.54,7.01,2025-08-12
865,865,314.24,8.71,2025-05-12
866,866,10.21,5.66,2025-10-05
867,867,334.22,16.04,2025-05-21
868,868,162.23,7.69,2025-10-02
869,869,243.82,16.82,2025-08-03
870,870,193.2,14.5,2025-08-27
871,871,443.52,13.58,2025-07-21
872,872,260.1,5.48,2025-07-01
873,873,202.54,15.91,2025-08-20
874,874,130.34,15.96,2025-08-08
875,875,189.68,15.97,2025-06-20
876,876,361.96,12.69,2025-09-29
877,877,238.36,17.95,2025-06-14
878,878,233.67,11.38,2025-05-05
879,879,153.45,5.53,2025-09-12
880,880,477.61,12.06,2025-09-10
881,881,148.23,7.49,2025-05-30
882,882,478.28,15.88,2025-08-17
883,883,416.26,15.08,2025-07-20
884,884,371.63,9.92,2025-07-10
885,885,459.77,13.69,2025-06-11
886,886,326.46,10.0,2025-09-04
887,887,335.85,7.32,2025-09-30
888,888,82.26,15.1,2025-07-14
889,889,245.91,15.04,2025-04-15
890,890,186.63,10.59,2025-05-29
891,891,475.35,14.12,2025-07-14
892,892,418.35,17.27,2025-04-10
893,893,380.41,9.72,2025-09-17
894,894,253.37,5.13,2025-07-19
895,895,49.97,9.05,2025-05-09
896,896,369.69,12.25,2025-05-27
897,897,364.43,8.03,2025-07-15
898,898,277.69,15.71,2025-08-25
899,899,454.36,10.16,2025-07-31
900,900,420.38,10.32,2025-05-05
901,901,486.88,7.04,2025-07-28
902,902,209.47,8.62,2025-07-11
903,903,170.99,5.44,2025-04-11
904,904,141.95,9.86,2025-08-19
905,905,419.63,12.79,2025-08-05
906,906,454.11,16.58,2025-09-21
907,907,35.07,6.82,2025-09-09
908,908,244.15,8.46,2025-07-31
909,909,105.87,15.28,2025-07-25
910,910,310.73,10.71,2025-09-23
911,911,300.44,5.26,2025-05-02
912,912,145.79,7.13,2025-08-17
913,913,79.09,14.62,2025-07-06
914,914,479.64,17.65,2025-07-02
915,915,66.75,15.69,2025-05-07
916,916,32.48,10.9,2025-08-24
917,917,141.48,15.6,2025-09-11
918,918,240.53,12.35,2025-06-01
919,919,209.55,12.67,2025-07-17
920,920,61.12,10.38,2025-05-03
921,921,12.95,9.22,2025-08-28
922,922,459.14,10.04,2025-05-30
923,923,180.6,16.79,2025-06-25
924,924,137.76,11.06,2025-05-14
925,925,311.57,12.38,2025-05-17
926,926,364.93,6.92,2025-08-07
927,927,337.19,16.9,2025-09-04
928,928,132.89,7.94,2025-09-17
929,929,460.29,11.37,2025-06-13
930,930,175.11,16.13,2025-08-31
931,931,221.91,9.16,2025-05-23
932,932,118.82,16.68,2025-05-16
933,933,288.42,8.97,2025-06-27
934,934,318.06,10.4,2025-09-03
935,935,287.58,11.5,2025-10-08
936,936,303.43,6.32,2025-05-10
937,937,408.18,7.97,2025-07-27
938,938,30.27,16.54,2025-06-27
939,939,289.82,13.87,2025-08-20
940,940,432.02,15.99,2025-08-04
941,941,17.93,13.73,2025-07-24
942,942,16.72,13.52,2025-07-17
943,943,294.86,11.91,2025-09-08
944,944,12.9,17.57,2025-09-18
945,945,282.31,17.37,2025-06-11
946,946,81.19,7.27,2025-09-25
947,947,173.93,11.4,2025-10-06
948,948,403.67,13.58,2025-09-18
949,949,418.99,5.61,2025-08-12
950,950,176.77,11.53,2025-07-13
951,951,201.84,6.64,2025-08-22
952,952,241.08,16.98,2025-07-01
953,953,229.63,17.01,2025-04-10
954,954,135.87,5.75,2025-10-07
955,955,65.65,10.48,2025-05-01
956,956,96.73,17.23,2025-08-14
957,957,135.93,10.14,2025-04-24
958,958,496.52,8.45,2025-09-15
959,959,467.98,11.34,2025-09-24
960,960,116.46,11.75,2025-10-07
961,961,240.68,11.71,2025-06-17
962,962,45.91,9.92,2025-08-02
963,963,94.24,10.81,2025-06-25
964,964,388.13,15.31,2025-06-18
965,965,349.54,12.06,2025-06-07
966,966,5.41,9.96,2025-05-25
967,967,474.08,15.69,2025-05-30
968,968,356.25,8.31,2025-08-02
969,969,44.79,14.13,2025-09-12
970,970,337.85,12.25,2025-07-17
971,971,73.42,8.34,2025-09-10
972,972,318.86,16.91,2025-08-31
973,973,23.47,12.66,2025-06-10
974,974,8.53,13.63,2025-06-23
975,975,344.58,6.02,2025-05-06
976,976,272.08,17.05,2025-10-06
977,977,75.99,13.38,2025-06-08
978,978,342.33,14.5,2025-07-24
979,979,245.83,5.72,2025-05-19
980,980,194.45,10.32,2025-06-19
981,981,129.8,8.74,2025-08-18
982,982,36.8,10.35,2025-10-08
983,983,407.81,17.39,2025-04-22
984,984,229.57,13.75,2025-06-04
985,985,161.47,16.95,2025-06-03
986,986,421.0,9.89,2025-08-06
987,987,313.49,16.07,2025-09-22
988,988,364.53,17.43,2025-09-01
989,989,259.76,10.24,2025-08-02
990,990,279.77,14.07,2025-05-19
991,991,462.84,9.8,2025-08-06
992,992,271.96,11.1,2025-06-10
993,993,353.39,11.03,2025-05-07
994,994,347.6,6.36,2025-09-13
995,995,64.34,14.81,2025-05-23
996,996,22.88,15.24,2025-04-17
997,997,465.41,8.88,2025-09-02
998,998,370.19,16.26,2025-04-22
999,999,499.08,17.57,2025-05-21
1000,1000,370.08,11.09,2025-09-25
1001,1001,312.65,12.93,2025-08-04
1002,1002,78.83,12.79,2025-06-16
1003,1003,320.31,17.3,2025-06-04
1004,1004,343.49,15.29,2025-05-26
1005,1005,478.61,13.06,2025-07-23
1006,1006,131.55,11.95,2025-10-08
1007,1007,350.42,12.69,2025-09-25
1008,1008,481.26,15.68,2025-08-08
1009,1009,157.54,9.92,2025-09-27
1010,1010,435.19,6.45,2025-05-28
1011,1011,38.22,17.61,2025-08-28
1012,1012,290.23,5.25,2025-05-25
1013,1013,116.99,11.83,2025-06-28
1014,1014,310.49,11.35,2025-06-30
1015,1015,48.15,16.9,2025-10-03
1016,1016,368.37,13.46,2025-05-02
1017,1017,297.86,14.33,2025-05-14
1018,1018,320.94,17.81,2025-10-03
1019,1019,342.55,17.65,2025-09-02
1020,1020,391.26,7.7,2025-04-23
1021,1021,312.59,8.27,2025-05-08
1022,1022,329.26,5.03,2025-09-22
1023,1023,325.35,9.09,2025-08-01
1024,1024,169.53,6.16,2025-08-06
1025,1025,37.22,16.65,2025-05-12
1026,1026,482.71,9.42,2025-06-07
1027,1027,422.56,11.43,2025-06-23
1028,1028,287.61,14.52,2025-08-18
1029,1029,167.21,10.3,2025-08-29
1030,1030,346.61,17.71,2025-05-28
1031,1031,54.97,7.77,2025-05-28
1032,1032,331.34,13.01,2025-05-02
1033,1033,263.51,13.37,2025-08-11
1034,1034,355.09,16.26,2025-05-12
1035,1035,406.7,8.5,2025-04-29
1036,1036,331.96,7.75,2025-10-04
1037,1037,167.67,5.69,2025-07-24
1038,1038,267.85,7.08,2025-08-12
1039,1039,347.85,8.53,2025-07-23
1040,1040,413.43,7.08,2025-05-16
1041,1041,312.07,13.08,2025-05-09
1042,1042,395.94,14.11,2025-08-30
1043,1043,162.19,8.95,2025-05-09
1044,1044,248.57,15.83,2025-06-21
1045,1045,393.15,5.39,2025-05-16
1046,1046,72.26,6.48,2025-05-22
1047,1047,161.58,17.62,2025-06-13
1048,1048,208.04,9.92,2025-08-13
1049,1049,360.82,13.65,2025-09-29
1050,1050,127.87,9.62,2025-07-03
1051,1051,55.9,17.31,2025-07-10
1052,1052,416.33,13.78,2025-05-02
1053,1053,131.15,8.43,2025-04-11
1054,1054,99.68,17.11,2025-07-22
1055,1055,132.34,5.5,2025-06-08
1056,1056,94.37,5.67,2025-04-18
1057,1057,430.33,14.63,2025-07-16
1058,1058,220.6,14.42,2025-04-28
1059,1059,159.0,11.22,2025-07-20
1060,1060,88.71,9.14,2025-05-23
1061,1061,175.27,12.19,2025-08-31
1062,1062,377.86,8.99,2025-06-22
1063,1063,131.9,15.23,2025-08-23
1064,1064,20.92,5.83,2025-06-06
1065,1065,279.87,7.47,2025-09-27
1066,1066,334.26,5.07,2025-05-30
1067,1067,194.7,14.78,2025-06-07
1068,1068,422.39,12.91,2025-07-19
1069,1069,261.62,17.82,2025-06-16
1070,1070,200.89,7.75,2025-06-05
1071,1071,253.77,10.71,2025-04-17
1072,1072,216.23,7.46,2025-06-24
1073,1073,409.64,14.25,2025-10-05
1074,1074,27.89,11.76,2025-08-14
1075,1075,318.74,17.58,2025-06-26
1076,1076,111.61,5.87,2025-09-30
1077,1077,319.8,8.18,2025-09-06
1078,1078,192.13,7.28,2025-08-21
1079,1079,364.25,10.96,2025-07-14
1080,1080,350.28,6.76,2025-08-11
1081,1081,372.93,17.44,2025-05-28
1082,1082,17.43,14.9,2025-09-28
1083,1083,468.03,11.11,2025-06-24
1084,1084,357.69,5.98,2025-08-22
1085,1085,24.42,13.47,2025-07-12
1086,1086,16.99,5.23,2025-05-01
1087,1087,126.57,6.16,2025-05-01
1088,1088,180.96,10.38,2025-06-06
1089,1089,144.45,8.17,2025-04-25
1090,1090,182.35,13.42,2025-05-06
1091,1091,367.67,6.48,2025-08-03
1092,1092,11.11,17.78,2025-05-13
1093,1093,131.87,13.24,2025-07-19
1094,1094,5.14,6.92,2025-09-13
1095,1095,159.31,6.9,2025-08-16
1096,1096,493.77,14.44,2025-06-07
1097,1097,246.99,16.71,2025-05-16
1098,1098,145.06,10.1,2025-04-18
1099,1099,453.85,16.34,2025-05-30
1100,1100,267.52,17.45,2025-10-01
1101,1101,243.72,11.11,2025-06-06
1102,1102,310.42,10.14,2025-09-09
1103,1103,270.7,8.83,2025-06-15
1104,1104,332.07,11.26,2025-05-09
1105,1105,166.44,10.65,2025-06-28
1106,1106,13.09,16.93,2025-08-30
1107,1107,31.42,15.57,2025-09-18
1108,1108,339.33,12.37,2025-07-15
1109,1109,181.38,13.33,2025-07-12
1110,1110,122.09,10.74,2025-06-14
1111,1111,493.14,13.69,2025-04-10
1112,1112,163.91,12.85,2025-07-25
1113,1113,457.93,11.88,2025-06-19
1114,1114,84.16,12.07,2025-08-25
1115,1115,302.24,11.14,2025-08-21
1116,1116,41.74,8.52,2025-08-25
1117,1117,135.0,9.65,2025-08-22
1118,1118,211.53,9.12,2025-06-25
1119,1119,65.74,16.0,2025-04-09
1120,1120,216.49,10.93,2025-09-18
1121,1121,248.87,10.14,2025-06-16
1122,1122,452.93,13.74,2025-06-20
1123,1123,386.95,5.93,2025-09-01
1124,1124,153.66,16.12,2025-09-20
1125,1125,79.07,15.23,2025-07-29
1126,1126,464.59,13.99,2025-07-08
1127,1127,397.82,12.34,2025-06-29
1128,1128,220.4,9.95,2025-05-21
1129,1129,464.44,6.33,2025-08-09
1130,1130,367.52,10.98,2025-09-04
1131,1131,194.51,6.01,2025-07-02
1132,1132,79.16,7.46,2025-08-16
1133,1133,9.22,11.65,2025-09-18
1134,1134,258.43,17.68,2025-06-03
1135,1135,242.51,9.1,2025-06-07
1136,1136,227.68,14.68,2025-09-22
1137,1137,410.04,12.21,2025-04-23
1138,1138,384.49,17.6,2025-08-11
1139,1139,408.69,6.68,2025-07-23
1140,1140,22.34,10.92,2025-05-02
1141,1141,40.65,16.95,2025-06-24
1142,1142,368.84,8.76,2025-07-04
1143,1143,151.39,15.1,2025-05-26
1144,1144,173.83,12.52,2025-07-01
1145,1145,160.34,11.87,2025-06-07
1146,1146,440.01,11.07,2025-04-13
1147,1147,31.7,15.61,2025-06-03
1148,1148,66.13,16.68,2025-09-09
1149,1149,29.05,10.76,2025-08-29
1150,1150,351.91,8.37,2025-09-08
1151,1151,468.68,14.04,2025-05-07
1152,1152,474.99,13.2,2025-08-29
1153,1153,441.93,8.8,2025-06-11
1154,1154,277.1,17.03,2025-08-07
1155,1155,301.18,6.72,2025-09-13
1156,1156,367.33,10.83,2025-09-03
1157,1157,196.25,8.09,2025-09-19
1158,1158,302.8,6.86,2025-05-07
1159,1159,422.42,5.24,2025-10-04
1160,1160,246.77,9.22,2025-06-21
1161,1161,186.66,10.88,2025-06-05
1162,1162,24.85,11.6,2025-04-12
1163,1163,173.92,9.88,2025-08-18
1164,1164,450.89,11.22,2025-06-23
1165,1165,151.56,13.35,2025-10-02
1166,1166,7.22,12.26,2025-06-15
1167,1167,458.36,17.06,2025-07-04
1168,1168,346.61,12.45,2025-05-22
1169,1169,245.33,10.44,2025-08-25
1170,1170,469.34,5.33,2025-07-16
1171,1171,499.97,17.71,2025-08-18
1172,1172,40.85,6.74,2025-06-15
1173,1173,298.97,7.89,2025-08-21
1174,1174,221.48,12.13,2025-05-31
1175,1175,288.78,13.57,2025-10-07
1176,1176,139.53,17.11,2025-07-18
1177,1177,310.76,17.74,2025-06-21
1178,1178,122.98,15.86,2025-07-25
1179,1179,335.42,13.81,2025-07-02
1180,1180,492.4,11.03,2025-04-14
1181,1181,165.97,11.55,2025-09-10
1182,1182,429.76,17.34,2025-08-31
1183,1183,202.06,11.92,2025-04-28
1184,1184,437.19,14.3,2025-06-04
1185,1185,76.67,11.2,2025-08-24
1186,1186,416.11,8.99,2025-08-25
1187,1187,433.73,5.29,2025-05-26
1188,1188,465.51,17.02,2025-04-28
1189,1189,287.44,7.45,2025-05-05
1190,1190,320.21,13.79,2025-07-29
1191,1191,203.03,12.4,2025-05-31
1192,1192,396.63,17.38,2025-04-30
1193,1193,270.89,12.75,2025-09-23
1194,1194,409.53,11.88,2025-08-13
1195,1195,314.47,5.37,2025-06-29
1196,1196,327.73,17.49,2025-09-26
1197,1197,136.18,5.84,2025-06-29
1198,1198,267.0,6.66,2025-06-13
1199,1199,134.73,16.4,2025-08-20
1200,1200,68.34,5.7,2025-08-15
1201,1201,473.48,17.39,2025-05-29
1202,1202,115.84,17.93,2025-10-04
1203,1203,152.22,9.91,2025-08-11
1204,1204,432.95,12.26,2025-08-20
1205,1205,277.85,10.23,2025-07-15
1206,1206,12.52,15.17,2025-09-10
1207,1207,332.96,15.01,2025-06-07
1208,1208,211.28,10.59,2025-06-07
1209,1209,396.33,16.95,2025-06-04
1210,1210,489.39,7.2,2025-08-23
1211,1211,261.37,7.98,2025-05-27
1212,1212,470.75,5.06,2025-09-19
1213,1213,297.29,15.19,2025-05-21
1214,1214,95.91,11.59,2025-06-15
1215,1215,208.42,5.65,2025-06-28
1216,1216,19.49,6.68,2025-05-07
1217,1217,418.89,5.36,2025-04-14
1218,1218,6.54,14.03,2025-04-23
1219,1219,390.52,6.8,2025-08-10
1220,1220,215.4,7.37,2025-05-07
1221,1221,404.9,17.43,2025-06-25
1222,1222,169.53,8.88,2025-09-24
1223,1223,486.55,10.12,2025-05-08
1224,1224,478.01,13.72,2025-08-27
1225,1225,308.07,10.48,2025-10-08
1226,1226,462.18,15.91,2025-05-02
1227,1227,224.85,6.63,2025-06-12
1228,1228,168.76,17.66,2025-09-26
1229,1229,135.66,10.03,2025-08-01
1230,1230,329.24,15.77,2025-09-17
1231,1231,304.03,14.48,2025-05-18
1232,1232,323.51,15.27,2025-04-30
1233,1233,368.3,12.59,2025-08-21
1234,1234,460.72,7.81,2025-09-18
1235,1235,275.64,8.63,2025-05-29
1236,1236,487.84,12.04,2025-05-06
1237,1237,142.27,13.48,2025-09-28
1238,1238,32.52,14.56,2025-09-24
1239,1239,268.3,13.42,2025-06-07
1240,1240,123.41,10.22,2025-07-02
1241,1241,497.38,12.0,2025-05-31
1242,1242,306.55,15.28,2025-07-10
1243,1243,212.17,6.96,2025-10-08
1244,1244,216.13,10.44,2025-05-01
1245,1245,317.97,14.5,2025-08-23
1246,1246,308.24,16.4,2025-05-19
1247,1247,444.65,17.65,2025-07-31
1248,1248,485.89,12.73,2025-08-14
1249,1249,371.71,14.71,2025-08-06
1250,1250,421.38,9.94,2025-06-27
1251,1251,178.01,7.09,2025-09-11
1252,1252,230.68,7.08,2025-08-26
1253,1253,200.89,13.83,2025-06-07
1254,1254,437.58,16.51,2025-10-03
1255,1255,371.69,8.39,2025-08-13
1256,1256,416.08,11.4,2025-09-03
1257,1257,56.32,14.35,2025-10-03
1258,1258,324.58,5.3,2025-04-14
1259,1259,489.49,17.96,2025-07-27
1260,1260,159.23,14.02,2025-09-09
1261,1261,177.48,7.68,2025-09-22
1262,1262,92.94,15.89,2025-06-20
1263,1263,442.8,9.39,2025-06-22
1264,1264,218.68,11.11,2025-06-27
1265,1265,101.2,17.37,2025-07-04
1266,1266,378.39,5.77,2025-08-01
1267,1267,389.66,11.04,2025-09-10
1268,1268,275.91,12.15,2025-09-30
1269,1269,87.34,9.24,2025-06-27
1270,1270,183.0,12.33,2025-06-28
1271,1271,377.49,5.2,2025-05-16
1272,1272,136.02,12.2,2025-08-31
1273,1273,41.14,14.57,2025-04-24
1274,1274,417.29,17.35,2025-08-18
1275,1275,239.68,13.49,2025-06-24
1276,1276,86.89,8.29,2025-09-16
1277,1277,495.63,13.49,2025-06-19
1278,1278,467.35,9.1,2025-05-18
1279,1279,158.55,11.1,2025-07-26
1280,1280,145.58,12.33,2025-04-14
1281,1281,245.98,8.06,2025-04-09
1282,1282,132.14,9.76,2025-06-30
1283,1283,135.3,17.78,2025-05-11
1284,1284,265.68,8.37,2025-08-29
1285,1285,270.72,17.19,2025-06-12
1286,1286,242.49,13.21,2025-05-10
1287,1287,347.76,11.95,2025-09-22
1288,1288,169.43,11.58,2025-10-08
1289,1289,31.58,14.53,2025-05-01
1290,1290,374.62,15.89,2025-06-24
1291,1291,406.88,6.02,2025-08-29
1292,1292,259.82,7.54,2025-07-26
1293,1293,203.4,13.81,2025-09-17
1294,1294,113.34,10.58,2025-06-01
1295,1295,267.68,17.33,2025-04-10
1296,1296,84.44,14.7,2025-04-19
1297,1297,228.98,9.65,2025-08-07
1298,1298,228.17,15.61,2025-09-26
1299,1299,29.77,17.23,2025-09-24
1300,1300,371.12,16.64,2025-09-22
1301,1301,461.06,9.35,2025-05-09
1302,1302,34.24,9.3,2025-06-24
1303,1303,184.57,17.34,2025-04-14
1304,1304,382.92,17.99,2025-05-20
1305,1305,367.84,17.04,2025-08-06
1306,1306,38.36,6.78,2025-08-14
1307,1307,441.75,8.87,2025-09-14
1308,1308,297.87,7.91,2025-07-12
1309,1309,417.03,5.43,2025-07-23
1310,1310,346.25,11.75,2025-08-28
1311,1311,61.67,13.34,2025-07-26
1312,1312,322.8,13.05,2025-06-01
1313,1313,249.92,16.52,2025-08-15
1314,1314,20.2,17.94,2025-06-01
1315,1315,287.06,10.76,2025-04-28
1316,1316,177.62,13.73,2025-05-04
1317,1317,43.86,11.87,2025-05-23
1318,1318,33.04,17.2,2025-07-12
1319,1319,202.38,12.46,2025-10-03
1320,1320,118.03,10.57,2025-07-17
1321,1321,218.09,5.21,2025-08-28
1322,1322,255.85,16.09,2025-04-13
1323,1323,26.08,7.39,2025-07-29
1324,1324,111.05,7.56,2025-09-12
1325,1325,24.73,15.58,2025-07-30
1326,1326,348.5,8.38,2025-06-07
1327,1327,102.3,9.31,2025-06-22
1328,1328,400.0,17.97,2025-06-22
1329,1329,10.59,7.56,2025-09-04
1330,1330,197.39,9.28,2025-07-07
1331,1331,350.52,12.79,2025-06-30
1332,1332,443.87,11.1,2025-07-31
1333,1333,315.45,14.25,2025-07-31
1334,1334,386.59,8.57,2025-08-11
1335,1335,337.57,8.3,2025-07-22
1336,1336,167.32,6.24,2025-07-08
1337,1337,223.05,11.92,2025-07-08
1338,1338,406.66,17.15,2025-10-03
1339,1339,318.05,9.93,2025-05-11
1340,1340,243.04,15.07,2025-09-03
1341,1341,286.27,7.94,2025-05-31
1342,1342,452.4,17.8,2025-06-21
1343,1343,284.79,9.67,2025-04-25
1344,1344,233.24,13.55,2025-04-21
1345,1345,364.37,7.5,2025-05-02
1346,1346,373.5,10.32,2025-09-26
1347,1347,199.47,13.97,2025-06-30
1348,1348,398.12,13.52,2025-04-22
1349,1349,437.39,13.18,2025-06-07
1350,1350,78.61,9.1,2025-04-29
1351,1351,400.32,6.62,2025-04-19
1352,1352,170.33,5.68,2025-06-04
1353,1353,437.1,16.76,2025-04-11
1354,1354,156.25,11.58,2025-06-14
1355,1355,13.47,6.17,2025-08-20
1356,1356,453.64,15.9,2025-04-20
1357,1357,217.18,13.94,2025-08-17
1358,1358,89.0,14.27,2025-07-14
1359,1359,334.78,8.14,2025-07-29
1360,1360,69.47,16.4,2025-05-06
1361,1361,215.89,13.58,2025-09-24
1362,1362,156.23,14.48,2025-06-26
1363,1363,97.08,9.71,2025-06-09
1364,1364,427.13,16.31,2025-04-21
1365,1365,42.45,5.65,2025-05-28
1366,1366,150.29,9.89,2025-04-28
1367,1367,196.44,5.2,2025-08-27
1368,1368,187.4,6.27,2025-04-19
1369,1369,296.69,7.74,2025-05-11
1370,1370,326.21,16.62,2025-08-13
1371,1371,86.15,11.53,2025-08-28
1372,1372,471.04,14.89,2025-07-08
1373,1373,408.77,5.56,2025-07-30
1374,1374,25.56,11.0,2025-04-27
1375,1375,78.05,10.82,2025-08-08
1376,1376,460.2,9.22,2025-09-16
1377,1377,383.91,7.2,2025-08-24
1378,1378,138.75,6.89,2025-07-16
1379,1379,31.92,16.43,2025-09-15
1380,1380,335.51,8.81,2025-05-06
1381,1381,355.16,5.72,2025-07-05
1382,1382,194.07,7.72,2025-06-10
1383,1383,396.06,7.22,2025-08-16
1384,1384,367.2,17.05,2025-05-02
1385,1385,368.75,5.38,2025-04-14
1386,1386,443.78,9.71,2025-04-20
1387,1387,208.38,7.5,2025-06-01
1388,1388,378.38,13.58,2025-08-31
1389,1389,339.23,8.46,2025-08-01
1390,1390,37.15,11.96,2025-08-29
1391,1391,157.52,15.2,2025-07-23
1392,1392,404.3,8.32,2025-06-30
1393,1393,469.25,10.35,2025-09-02
1394,1394,14.77,8.04,2025-09-29
1395,1395,188.21,10.43,2025-08-31
1396,1396,43.05,12.71,2025-05-08
1397,1397,90.15,12.62,2025-05-12
1398,1398,447.94,8.29,2025-08-27
1399,1399,317.48,17.51,2025-04-15
1400,1400,367.76,15.38,2025-06-04
1401,1401,117.22,16.66,2025-08-16
1402,1402,305.61,14.17,2025-08-16
1403,1403,137.77,8.67,2025-06-05
1404,1404,243.5,15.16,2025-09-06
1405,1405,39.83,11.13,2025-08-15
1406,1406,326.31,5.76,2025-08-18
1407,1407,107.71,13.33,2025-08-28
1408,1408,484.98,8.63,2025-06-09
1409,1409,260.39,12.5,2025-05-20
1410,1410,290.42,9.33,2025-08-03
1411,1411,256.27,8.36,2025-07-08
1412,1412,9.44,9.1,2025-09-29
1413,1413,398.87,10.31,2025-09-02
1414,1414,334.02,17.17,2025-05-07
1415,1415,80.73,11.25,2025-05-06
1416,1416,67.9,14.44,2025-09-23
1417,1417,402.67,6.19,2025-08-22
1418,1418,62.33,11.99,2025-05-08
1419,1419,189.92,9.98,2025-05-10
1420,1420,104.4,13.39,2025-05-02
1421,1421,151.07,13.47,2025-06-10
1422,1422,111.43,9.59,2025-05-22
1423,1423,116.92,9.1,2025-05-30
1424,1424,233.42,16.48,2025-05-12
1425,1425,68.84,8.59,2025-08-19
1426,1426,437.18,16.88,2025-09-08
1427,1427,166.3,8.03,2025-08-09
1428,1428,316.42,14.67,2025-09-21
1429,1429,5.94,6.49,2025-05-16
1430,1430,110.53,11.11,2025-06-09
1431,1431,345.1,7.8,2025-07-09
1432,1432,78.47,8.76,2025-08-22
1433,1433,164.85,8.56,2025-05-23
1434,1434,148.28,10.53,2025-09-05
1435,1435,145.57,8.47,2025-07-25
1436,1436,192.28,7.57,2025-05-17
1437,1437,31.43,17.31,2025-06-23
1438,1438,397.68,17.43,2025-06-24
1439,1439,201.47,13.34,2025-09-15
1440,1440,221.88,17.78,2025-06-25
1441,1441,95.54,16.64,2025-07-01
1442,1442,36.49,13.99,2025-07-04
1443,1443,285.67,12.89,2025-09-20
1444,1444,484.79,5.11,2025-07-08
1445,1445,32.94,16.68,2025-06-10
1446,1446,252.25,11.95,2025-06-23
1447,1447,363.72,7.02,2025-08-16
1448,1448,136.71,16.58,2025-04-16
1449,1449,90.93,7.32,2025-08-11
1450,1450,258.66,17.52,2025-08-19
1451,1451,215.54,7.03,2025-08-28
1452,1452,321.17,10.69,2025-08-24
1453,1453,89.99,11.01,2025-09-06
1454,1454,175.9,10.45,2025-09-17
1455,1455,362.74,14.34,2025-09-03
1456,1456,15.84,14.28,2025-06-25
1457,1457,94.02,10.62,2025-07-10
1458,1458,199.4,16.25,2025-06-20
1459,1459,222.85,17.1,2025-05-23
1460,1460,346.59,9.04,2025-06-29
1461,1461,323.72,17.6,2025-08-13
1462,1462,52.38,15.24,2025-07-10
1463,1463,420.33,11.2,2025-04-14
1464,1464,412.81,14.93,2025-04-28
1465,1465,106.27,5.68,2025-06-21
1466,1466,183.52,9.8,2025-07-28
1467,1467,212.74,8.47,2025-06-09
1468,1468,131.91,12.13,2025-09-15
1469,1469,367.85,5.26,2025-08-24
1470,1470,399.6,16.78,2025-05-04
1471,1471,47.46,5.16,2025-06-18
1472,1472,85.63,12.02,2025-08-30
1473,1473,186.49,6.28,2025-07-12
1474,1474,61.83,12.87,2025-05-08
1475,1475,371.33,8.54,2025-06-11
1476,1476,242.98,11.38,2025-07-07
1477,1477,194.46,10.59,2025-07-10
1478,1478,406.49,16.27,2025-09-27
1479,1479,321.52,10.74,2025-05-14
1480,1480,307.3,13.82,2025-10-07
1481,1481,47.19,15.17,2025-06-10
1482,1482,121.76,7.04,2025-05-12
1483,1483,261.12,10.63,2025-06-16
1484,1484,128.41,6.66,2025-09-30
1485,1485,67.1,11.64,2025-05-27
1486,1486,422.78,13.41,2025-07-25
1487,1487,238.31,14.44,2025-07-10
1488,1488,168.93,8.67,2025-04-17
1489,1489,427.19,9.71,2025-08-04
1490,1490,398.25,5.15,2025-08-28
1491,1491,267.64,7.17,2025-05-06
1492,1492,307.15,7.59,2025-09-05
1493,1493,366.26,14.96,2025-05-21
1494,1494,123.94,7.76,2025-07-07
1495,1495,45.39,8.81,2025-06-28
1496,1496,240.03,12.54,2025-05-18
1497,1497,265.45,8.2,2025-06-01
1498,1498,204.67,16.81,2025-05-17
1499,1499,176.93,14.23,2025-10-05
1500,1500,365.57,17.36,2025-08-31
1501,1501,376.59,5.48,2025-07-05
1502,1502,279.76,13.44,2025-09-10
1503,1503,366.35,15.06,2025-06-17
1504,1504,91.03,16.69,2025-09-06
1505,1505,382.67,10.25,2025-08-06
1506,1506,252.32,16.74,2025-05-21
1507,1507,115.28,10.55,2025-06-19
1508,1508,392.44,8.01,2025-10-03
1509,1509,23.66,14.61,2025-08-14
1510,1510,472.62,7.51,2025-07-06
1511,1511,21.36,12.57,2025-07-24
1512,1512,26.71,8.73,2025-05-18
1513,1513,353.88,12.42,2025-09-26
1514,1514,262.31,7.09,2025-05-08
1515,1515,34.92,9.99,2025-07-18
1516,1516,215.44,16.33,2025-07-14
1517,1517,334.21,9.16,2025-07-01
1518,1518,383.6,12.88,2025-09-26
1519,1519,75.49,16.55,2025-08-24
1520,1520,24.57,14.42,2025-09-21
1521,1521,31.62,10.56,2025-06-21
1522,1522,20.1,17.93,2025-09-04
1523,1523,182.78,10.76,2025-07-02
1524,1524,38.19,13.17,2025-10-07
1525,1525,85.82,6.3,2025-04-24
1526,1526,462.97,15.84,2025-07-05
1527,1527,322.22,10.71,2025-07-11
1528,1528,318.82,16.6,2025-05-15
1529,1529,49.61,16.45,2025-08-30
1530,1530,400.8,10.24,2025-04-30
1531,1531,183.52,11.63,2025-06-22
1532,1532,60.26,15.03,2025-09-01
1533,1533,57.92,13.34,2025-05-24
1534,1534,272.51,12.46,2025-08-07
1535,1535,167.39,5.99,2025-05-13
1536,1536,223.26,10.38,2025-04-13
1537,1537,22.6,5.31,2025-05-25
1538,1538,184.86,5.36,2025-06-26
1539,1539,364.21,14.62,2025-09-29
1540,1540,63.78,16.45,2025-08-01
1541,1541,456.45,16.83,2025-09-26
1542,1542,112.38,8.17,2025-08-03
1543,1543,212.68,11.61,2025-05-09
1544,1544,456.29,13.06,2025-08-20
1545,1545,64.11,8.13,2025-05-03
1546,1546,381.47,16.58,2025-08-07
1547,1547,236.4,11.5,2025-06-29
1548,1548,69.17,15.41,2025-07-26
1549,1549,487.39,9.05,2025-07-04
1550,1550,249.35,15.27,2025-08-29
1551,1551,254.14,13.03,2025-09-04
1552,1552,253.94,9.22,2025-06-30
1553,1553,420.27,16.49,2025-08-03
1554,1554,204.24,13.77,2025-10-02
1555,1555,308.24,5.04,2025-04-27
1556,1556,477.59,10.72,2025-07-04
1557,1557,347.26,8.34,2025-10-07
1558,1558,94.44,16.1,2025-05-23
1559,1559,398.75,9.39,2025-04-16
1560,1560,186.98,9.58,2025-07-22
1561,1561,9.5,15.58,2025-05-04
1562,1562,440.17,13.92,2025-05-24
1563,1563,274.59,16.5,2025-08-15
1564,1564,322.18,12.23,2025-04-23
1565,1565,289.52,7.56,2025-05-06
1566,1566,345.82,10.21,2025-04-23
1567,1567,446.16,16.31,2025-07-21
1568,1568,453.31,8.68,2025-04-30
1569,1569,385.08,10.16,2025-09-18
1570,1570,212.69,5.91,2025-08-10
1571,1571,399.83,8.02,2025-09-15
1572,1572,61.01,6.0,2025-07-04
1573,1573,252.99,5.76,2025-04-20
1574,1574,66.79,7.08,2025-08-20
1575,1575,262.64,11.36,2025-08-01
1576,1576,111.56,6.17,2025-07-18
1577,1577,198.02,5.41,2025-08-26
1578,1578,406.86,7.62,2025-08-26
1579,1579,290.35,9.47,2025-04-21
1580,1580,348.33,7.52,2025-04-29
1581,1581,202.11,16.04,2025-09-26
1582,1582,493.49,5.25,2025-08-24
1583,1583,49.02,6.84,2025-09-24
1584,1584,314.01,14.44,2025-06-12
1585,1585,235.13,8.96,2025-08-09
1586,1586,125.54,16.26,2025-06-16
1587,1587,304.07,14.35,2025-09-23
1588,1588,42.18,5.4,2025-04-29
1589,1589,128.43,17.27,2025-08-21
1590,1590,47.22,8.96,2025-08-16
1591,1591,90.99,5.32,2025-07-14
1592,1592,33.54,12.9,2025-04-12
1593,1593,490.72,16.15,2025-05-02
1594,1594,181.01,11.34,2025-05-23
1595,1595,275.71,13.0,2025-06-09
1596,1596,81.08,10.74,2025-08-12
1597,1597,54.85,6.97,2025-04-15
1598,1598,95.49,10.29,2025-08-27
1599,1599,154.57,11.9,2025-09-01
1600,1600,107.35,13.77,2025-06-05
1601,1601,424.48,16.36,2025-09-10
1602,1602,279.68,6.75,2025-05-31
1603,1603,426.22,6.91,2025-09-20
1604,1604,215.62,11.8,2025-07-02
1605,1605,60.24,5.6,2025-07-18
1606,1606,79.2,7.44,2025-04-09
1607,1607,76.81,11.39,2025-06-26
1608,1608,215.06,17.87,2025-09-22
1609,1609,125.1,8.13,2025-05-07
1610,1610,201.09,16.87,2025-09-29
1611,1611,27.05,17.61,2025-07-30
1612,1612,78.58,5.84,2025-07-17
1613,1613,497.05,15.37,2025-10-02
1614,1614,156.06,13.95,2025-05-29
1615,1615,444.33,10.71,2025-06-24
1616,1616,490.66,6.46,2025-09-14
1617,1617,141.31,14.94,2025-05-02
1618,1618,199.94,7.2,2025-05-29
1619,1619,467.96,12.51,2025-10-03
1620,1620,200.78,16.17,2025-09-16
1621,1621,486.47,11.82,2025-08-08
1622,1622,179.9,9.75,2025-05-30
1623,1623,105.29,10.21,2025-08-04
1624,1624,44.36,5.93,2025-10-02
1625,1625,317.53,12.79,2025-08-16
1626,1626,124.13,17.3,2025-06-02
1627,1627,401.89,17.86,2025-07-02
1628,1628,305.43,16.55,2025-04-14
1629,1629,125.59,6.99,2025-06-07
1630,1630,96.7,9.2,2025-05-22
1631,1631,365.94,12.03,2025-07-23
1632,1632,430.8,13.2,2025-08-19
1633,1633,292.92,10.29,2025-07-27
1634,1634,274.6,14.42,2025-05-07
1635,1635,227.15,10.0,2025-05-07
1636,1636,374.46,11.9,2025-06-12
1637,1637,289.43,6.94,2025-08-01
1638,1638,229.28,11.89,2025-06-02
1639,1639,244.86,5.04,2025-07-04
1640,1640,55.42,13.27,2025-06-23
1641,1641,472.97,13.07,2025-05-28
1642,1642,435.52,13.18,2025-07-23
1643,1643,383.77,16.22,2025-05-12
1644,1644,96.47,17.26,2025-04-20
1645,1645,466.82,5.14,2025-05-29
1646,1646,388.86,15.22,2025-04-11
1647,1647,467.02,13.04,2025-08-04
1648,1648,112.54,16.5,2025-04-22
1649,1649,223.23,17.84,2025-10-01
1650,1650,293.05,12.08,2025-07-18
1651,1651,167.45,5.98,2025-04-18
1652,1652,59.52,14.63,2025-07-21
1653,1653,92.23,5.03,2025-04-17
1654,1654,492.63,13.56,2025-06-19
1655,1655,242.45,6.38,2025-06-02
1656,1656,32.86,5.71,2025-09-23
1657,1657,440.59,12.52,2025-04-11
1658,1658,375.59,16.12,2025-08-27
1659,1659,398.38,15.43,2025-09-18
1660,1660,228.18,7.45,2025-06-22
1661,1661,455.04,11.28,2025-06-09
1662,1662,413.14,14.37,2025-06-17
1663,1663,269.18,13.72,2025-10-08
1664,1664,25.41,13.8,2025-09-14
1665,1665,358.63,8.52,2025-05-22
1666,1666,244.14,8.13,2025-06-16
1667,1667,274.51,9.86,2025-09-20
1668,1668,140.18,14.56,2025-08-09
1669,1669,127.32,12.52,2025-06-11
1670,1670,432.74,12.11,2025-10-02
1671,1671,373.51,15.74,2025-05-19
1672,1672,498.61,8.96,2025-06-11
1673,1673,172.42,7.51,2025-07-17
1674,1674,178.37,13.03,2025-08-30
1675,1675,270.16,17.13,2025-06-09
1676,1676,301.78,6.24,2025-05-25
1677,1677,394.99,17.01,2025-07-08
1678,1678,304.47,10.75,2025-09-29
1679,1679,79.35,13.91,2025-06-22
1680,1680,226.69,7.72,2025-04-28
1681,1681,393.34,18.0,2025-07-23
1682,1682,435.97,15.54,2025-08-14
1683,1683,456.21,13.45,2025-06-30
1684,1684,91.57,9.45,2025-05-30
1685,1685,326.22,13.22,2025-06-03
1686,1686,322.12,12.08,2025-09-26
1687,1687,198.48,8.91,2025-06-30
1688,1688,9.24,8.51,2025-05-29
1689,1689,408.18,7.99,2025-07-21
1690,1690,176.4,14.66,2025-08-26
1691,1691,431.79,17.3,2025-08-05
1692,1692,197.39,17.15,2025-06-15
1693,1693,403.82,16.72,2025-09-08
1694,1694,455.54,10.24,2025-04-24
1695,1695,269.27,11.88,2025-06-23
1696,1696,385.64,17.9,2025-05-23
1697,1697,462.23,13.16,2025-05-21
1698,1698,340.17,17.74,2025-07-09
1699,1699,193.03,7.04,2025-06-10
1700,1700,88.7,15.04,2025-09-05
1701,1701,384.55,5.98,2025-08-18
1702,1702,98.28,11.2,2025-04-17
1703,1703,474.78,5.66,2025-06-30
1704,1704,187.17,13.23,2025-07-20
1705,1705,236.28,7.26,2025-08-15
1706,1706,358.17,13.2,2025-07-04
1707,1707,17.08,17.77,2025-04-15
1708,1708,493.75,11.17,2025-06-17
1709,1709,88.96,15.93,2025-08-18
1710,1710,426.97,7.8,2025-05-26
1711,1711,126.49,14.14,2025-06-06
1712,1712,158.82,13.68,2025-04-21
1713,1713,426.26,15.49,2025-06-01
1714,1714,349.97,17.44,2025-06-04
1715,1715,196.3,6.34,2025-04-27
1716,1716,318.34,11.4,2025-07-24
1717,1717,307.48,13.62,2025-06-23
1718,1718,41.64,7.61,2025-05-27
1719,1719,264.83,12.67,2025-06-09
1720,1720,454.85,12.86,2025-04-26
1721,1721,246.25,17.69,2025-06-17
1722,1722,281.51,11.46,2025-07-03
1723,1723,370.98,9.44,2025-05-25
1724,1724,35.12,7.39,2025-07-08
1725,1725,153.33,15.91,2025-06-15
1726,1726,181.25,13.1,2025-08-13
1727,1727,325.96,16.76,2025-05-15
1728,1728,70.79,13.64,2025-05-30
1729,1729,42.0,11.76,2025-04-13
1730,1730,104.32,16.45,2025-08-08
1731,1731,375.04,8.73,2025-05-12
1732,1732,215.09,7.68,2025-07-24
1733,1733,194.36,12.08,2025-05-15
1734,1734,446.67,9.57,2025-06-30
1735,1735,144.86,6.46,2025-06-25
1736,1736,438.05,9.78,2025-05-21
1737,1737,356.46,16.35,2025-06-27
1738,1738,315.83,8.06,2025-04-19
1739,1739,310.17,11.19,2025-08-11
1740,1740,55.44,9.65,2025-05-27
1741,1741,171.61,10.55,2025-05-12
1742,1742,190.37,9.1,2025-05-10
1743,1743,334.27,12.34,2025-09-16
1744,1744,495.38,7.81,2025-05-08
1745,1745,54.16,7.97,2025-07-13
1746,1746,184.18,12.45,2025-04-19
1747,1747,350.88,16.16,2025-08-02
1748,1748,330.47,6.46,2025-07-09
1749,1749,109.83,15.41,2025-04-29
1750,1750,194.74,7.92,2025-06-05
1751,1751,96.38,10.97,2025-07-10
1752,1752,150.87,6.38,2025-06-28
1753,1753,249.95,9.79,2025-06-26
1754,1754,498.13,10.14,2025-09-14
1755,1755,285.5,6.93,2025-05-10
1756,1756,300.16,6.88,2025-05-21
1757,1757,168.63,14.15,2025-05-05
1758,1758,323.06,12.75,2025-08-20
1759,1759,317.22,10.0,2025-06-26
1760,1760,236.35,11.68,2025-08-23
1761,1761,333.37,15.26,2025-05-05
1762,1762,331.8,8.95,2025-05-22
1763,1763,44.95,11.12,2025-07-31
1764,1764,186.71,14.98,2025-07-08
1765,1765,375.96,16.35,2025-04-25
1766,1766,209.79,11.46,2025-08-16
1767,1767,136.48,16.32,2025-08-08
1768,1768,256.72,6.69,2025-09-12
1769,1769,366.36,12.26,2025-04-18
1770,1770,418.95,6.98,2025-06-17
1771,1771,155.43,17.15,2025-05-05
1772,1772,424.96,8.85,2025-08-25
1773,1773,318.35,7.65,2025-09-25
1774,1774,208.32,8.83,2025-06-27
1775,1775,466.24,13.38,2025-07-06
1776,1776,7.1,9.89,2025-09-06
1777,1777,252.19,7.27,2025-05-03
1778,1778,99.97,6.6,2025-08-06
1779,1779,296.32,7.12,2025-07-31
1780,1780,482.34,8.0,2025-09-27
1781,1781,443.21,5.41,2025-10-06
1782,1782,257.91,13.39,2025-04-29
1783,1783,48.23,7.93,2025-04-19
1784,1784,303.64,6.62,2025-08-30
1785,1785,206.03,9.8,2025-08-31
1786,1786,203.34,16.57,2025-08-13
1787,1787,74.78,14.31,2025-07-30
1788,1788,70.16,5.19,2025-06-24
1789,1789,350.23,8.66,2025-06-10
1790,1790,176.59,13.78,2025-04-22
1791,1791,484.86,6.17,2025-06-09
1792,1792,329.52,13.9,2025-09-09
1793,1793,419.48,17.03,2025-06-06
1794,1794,124.73,5.12,2025-07-02
1795,1795,432.12,16.9,2025-09-10
1796,1796,496.68,16.41,2025-08-15
1797,1797,212.57,14.42,2025-06-28
1798,1798,35.11,16.6,2025-09-26
1799,1799,497.54,17.56,2025-04-16
1800,1800,41.34,15.27,2025-06-05
1801,1801,241.18,5.71,2025-06-13
1802,1802,186.48,11.16,2025-07-11
1803,1803,27.9,8.38,2025-05-01
1804,1804,112.5,5.37,2025-09-20
1805,1805,333.45,6.45,2025-06-26
1806,1806,231.06,9.2,2025-08-09
1807,1807,65.35,10.01,2025-08-02
1808,1808,22.38,10.35,2025-05-19
1809,1809,476.79,17.92,2025-04-18
1810,1810,9.19,10.92,2025-07-09
1811,1811,77.86,13.09,2025-07-04
1812,1812,25.3,12.44,2025-04-14
1813,1813,477.75,11.33,2025-08-05
1814,1814,463.44,12.02,2025-09-30
1815,1815,418.74,13.86,2025-07-11
1816,1816,143.52,5.2,2025-07-13
1817,1817,432.42,9.4,2025-04-10
1818,1818,81.56,16.34,2025-08-20
1819,1819,425.54,12.28,2025-05-14
1820,1820,315.35,9.95,2025-04-22
1821,1821,436.52,17.86,2025-07-09
1822,1822,222.73,5.7,2025-05-23
1823,1823,359.68,15.28,2025-07-28
1824,1824,461.32,6.36,2025-06-24
1825,1825,426.03,8.19,2025-08-29
1826,1826,406.69,8.16,2025-06-27
1827,1827,217.68,5.4,2025-07-06
1828,1828,39.15,16.76,2025-08-27
1829,1829,453.68,16.13,2025-06-10
1830,1830,292.81,13.59,2025-05-30
1831,1831,487.84,13.03,2025-06-15
1832,1832,248.76,15.26,2025-07-10
1833,1833,121.41,16.03,2025-06-08
1834,1834,199.92,5.42,2025-05-28
1835,1835,294.64,10.05,2025-09-22
1836,1836,119.28,7.69,2025-08-21
1837,1837,51.73,16.16,2025-06-18
1838,1838,14.26,5.33,2025-06-25
1839,1839,18.81,15.03,2025-06-07
1840,1840,76.8,5.58,2025-04-29
1841,1841,224.73,13.95,2025-08-02
1842,1842,298.37,17.24,2025-07-11
1843,1843,472.23,10.63,2025-09-22
1844,1844,380.01,9.45,2025-09-16
1845,1845,248.67,6.65,2025-05-08
1846,1846,153.78,12.47,2025-07-17
1847,1847,449.16,14.84,2025-07-06
1848,1848,483.27,10.08,2025-09-18
1849,1849,235.78,13.63,2025-07-10
1850,1850,299.05,9.22,2025-05-20
1851,1851,355.65,5.89,2025-06-12
1852,1852,431.0,12.44,2025-06-04
1853,1853,375.38,5.19,2025-06-09
1854,1854,222.18,13.39,2025-05-12
1855,1855,442.43,17.94,2025-07-30
1856,1856,188.53,12.45,2025-07-27
1857,1857,302.21,10.98,2025-09-03
1858,1858,162.52,11.53,2025-09-08
1859,1859,187.28,16.61,2025-05-19
1860,1860,297.78,11.92,2025-09-05
1861,1861,109.65,9.12,2025-09-17
1862,1862,70.31,16.83,2025-04-24
1863,1863,274.57,10.67,2025-06-24
1864,1864,133.84,6.93,2025-06-12
1865,1865,254.37,15.05,2025-06-24
1866,1866,180.18,10.15,2025-08-29
1867,1867,169.08,9.73,2025-06-19
1868,1868,217.05,15.69,2025-07-25
1869,1869,309.79,7.69,2025-04-25
1870,1870,99.22,8.14,2025-09-19
1871,1871,373.56,11.41,2025-04-20
1872,1872,50.64,10.33,2025-04-11
1873,1873,489.1,8.29,2025-07-13
1874,1874,498.54,5.8,2025-09-03
1875,1875,96.32,17.49,2025-06-11
1876,1876,138.93,17.96,2025-06-22
1877,1877,463.07,8.28,2025-07-02
1878,1878,499.31,5.73,2025-08-26
1879,1879,81.38,5.79,2025-05-26
1880,1880,31.51,15.07,2025-08-31
1881,1881,332.02,8.67,2025-09-21
1882,1882,21.57,8.64,2025-06-11
1883,1883,390.66,8.41,2025-05-24
1884,1884,173.06,17.36,2025-05-28
1885,1885,324.63,16.43,2025-06-04
1886,1886,396.41,10.12,2025-08-11
1887,1887,211.68,11.95,2025-06-12
1888,1888,226.04,12.1,2025-10-02
1889,1889,448.65,7.36,2025-09-01
1890,1890,71.87,14.74,2025-05-08
1891,1891,50.89,12.98,2025-09-06
1892,1892,433.62,17.51,2025-08-06
1893,1893,329.51,13.31,2025-06-01
1894,1894,412.23,11.55,2025-07-24
1895,1895,416.94,14.64,2025-06-05
1896,1896,83.16,15.15,2025-07-01
1897,1897,113.07,5.11,2025-06-12
1898,1898,474.07,13.61,2025-09-01
1899,1899,177.25,9.25,2025-06-11
1900,1900,276.65,13.81,2025-08-07
1901,1901,301.7,9.99,2025-07-10
1902,1902,427.59,7.19,2025-09-07
1903,1903,118.8,7.71,2025-06-01
1904,1904,14.15,8.76,2025-05-11
1905,1905,435.3,5.29,2025-07-14
1906,1906,145.68,8.28,2025-10-02
1907,1907,28.18,16.3,2025-07-30
1908,1908,19.75,8.0,2025-08-31
1909,1909,26.24,8.52,2025-06-08
1910,1910,266.27,12.04,2025-04-22
1911,1911,275.51,6.12,2025-08-26
1912,1912,120.72,17.77,2025-04-19
1913,1913,335.92,15.08,2025-08-23
1914,1914,338.23,7.04,2025-05-24
1915,1915,164.24,7.49,2025-07-27
1916,1916,367.35,9.21,2025-05-11
1917,1917,465.57,15.07,2025-06-02
1918,1918,63.2,13.62,2025-04-27
1919,1919,391.24,5.65,2025-04-19
1920,1920,457.16,9.72,2025-10-07
1921,1921,40.82,14.23,2025-04-09
1922,1922,284.63,9.0,2025-04-19
1923,1923,241.6,7.24,2025-04-13
1924,1924,167.55,13.42,2025-09-19
1925,1925,111.85,10.02,2025-05-25
1926,1926,316.7,15.43,2025-06-11
1927,1927,101.09,9.12,2025-06-02
1928,1928,367.63,12.46,2025-04-18
1929,1929,94.99,7.49,2025-04-12
1930,1930,178.23,17.68,2025-06-08
1931,1931,404.19,12.38,2025-08-12
1932,1932,394.89,8.36,2025-06-30
1933,1933,129.9,10.68,2025-08-09
1934,1934,115.82,10.23,2025-07-07
1935,1935,149.72,6.25,2025-10-02
1936,1936,440.32,13.56,2025-04-12
1937,1937,418.63,13.36,2025-06-22
1938,1938,146.81,13.36,2025-07-12
1939,1939,121.55,8.71,2025-10-01
1940,1940,284.65,5.35,2025-04-30
1941,1941,422.89,10.59,2025-08-04
1942,1942,360.52,7.65,2025-07-27
1943,1943,433.15,7.66,2025-04-29
1944,1944,14.05,14.69,2025-06-07
1945,1945,6.41,6.58,2025-06-06
1946,1946,158.88,10.12,2025-06-03
1947,1947,315.2,16.03,2025-06-11
1948,1948,205.56,12.47,2025-08-22
1949,1949,331.99,6.08,2025-09-04
1950,1950,185.7,8.45,2025-07-19
1951,1951,283.38,9.32,2025-06-10
1952,1952,296.32,14.92,2025-09-05
1953,1953,386.49,7.87,2025-08-30
1954,1954,172.26,11.9,2025-06-16
1955,1955,294.52,14.19,2025-07-19
1956,1956,490.66,11.25,2025-07-06
1957,1957,306.24,9.64,2025-06-28
1958,1958,392.6,15.23,2025-07-04
1959,1959,172.38,10.63,2025-08-12
1960,1960,404.65,13.54,2025-07-26
1961,1961,142.79,15.7,2025-07-03
1962,1962,311.54,7.11,2025-09-17
1963,1963,42.59,14.44,2025-08-08
1964,1964,11.85,11.65,2025-05-23
1965,1965,171.91,6.31,2025-04-19
1966,1966,353.38,16.0,2025-04-25
1967,1967,83.84,6.11,2025-09-27
1968,1968,408.38,11.99,2025-09-16
1969,1969,40.41,16.74,2025-08-13
1970,1970,190.03,17.78,2025-09-12
1971,1971,332.93,10.66,2025-09-11
1972,1972,187.52,9.35,2025-08-29
1973,1973,270.76,16.86,2025-08-24
1974,1974,421.77,6.51,2025-04-19
1975,1975,375.19,16.96,2025-04-30
1976,1976,316.78,9.71,2025-07-04
1977,1977,377.05,17.54,2025-09-25
1978,1978,300.2,14.46,2025-04-29
1979,1979,210.02,12.83,2025-07-27
1980,1980,297.01,16.81,2025-09-14
1981,1981,30.77,17.72,2025-04-21
1982,1982,366.53,11.69,2025-04-27
1983,1983,288.37,16.96,2025-06-24
1984,1984,239.72,8.9,2025-06-20
1985,1985,80.56,8.77,2025-08-30
1986,1986,213.48,12.6,2025-05-29
1987,1987,17.86,11.43,2025-09-30
1988,1988,43.75,6.36,2025-05-05
1989,1989,78.17,11.56,2025-06-07
1990,1990,154.0,14.54,2025-09-23
1991,1991,474.97,6.36,2025-08-31
1992,1992,10.36,14.49,2025-06-15
1993,1993,433.93,15.06,2025-07-10
1994,1994,478.1,16.43,2025-05-12
1995,1995,231.65,15.83,2025-04-10
1996,1996,91.54,7.27,2025-08-19
1997,1997,93.56,12.34,2025-04-22
1998,1998,374.77,5.95,2025-08-01
1999,1999,405.13,17.46,2025-04-12
2000,2000,370.36,17.91,2025-09-06
2001,2001,229.69,17.59,2025-09-25
2002,2002,476.01,17.74,2025-07-15
2003,2003,130.48,15.74,2025-06-11
2004,2004,271.19,9.24,2025-06-14
2005,2005,144.85,8.13,2025-07-26
2006,2006,91.92,11.21,2025-04-22
2007,2007,490.57,17.89,2025-05-13
2008,2008,196.83,9.95,2025-05-24
2009,2009,307.62,11.4,2025-08-25
2010,2010,185.06,11.93,2025-07-10
2011,2011,213.25,11.4,2025-10-01
2012,2012,132.24,9.65,2025-09-23
2013,2013,66.19,5.43,2025-06-19
2014,2014,139.86,6.79,2025-07-25
2015,2015,440.06,16.29,2025-05-31
2016,2016,171.48,8.98,2025-07-12
2017,2017,482.42,7.95,2025-09-16
2018,2018,115.99,14.27,2025-06-27
2019,2019,411.97,14.9,2025-05-19
2020,2020,21.67,9.5,2025-04-12
2021,2021,395.28,5.16,2025-04-17
2022,2022,492.73,16.79,2025-05-19
2023,2023,359.12,5.73,2025-08-11
2024,2024,31.6,15.83,2025-08-06
2025,2025,64.89,16.63,2025-08-15
2026,2026,255.43,10.51,2025-09-19
2027,2027,251.83,17.54,2025-08-24
2028,2028,411.72,8.66,2025-04-27
2029,2029,420.67,17.1,2025-09-18
2030,2030,144.56,11.01,2025-10-06
2031,2031,293.22,9.73,2025-07-14
2032,2032,42.57,12.96,2025-08-29
2033,2033,401.54,12.96,2025-05-23
2034,2034,26.7,6.85,2025-04-28
2035,2035,162.69,6.27,2025-06-15
2036,2036,418.91,7.29,2025-07-22
2037,2037,445.02,5.74,2025-04-10
2038,2038,221.13,5.42,2025-04-25
2039,2039,401.65,15.54,2025-10-08
2040,2040,288.18,5.88,2025-08-28
2041,2041,89.97,9.3,2025-09-02
2042,2042,401.47,10.43,2025-07-13
2043,2043,368.06,11.48,2025-09-29
2044,2044,378.4,8.07,2025-08-04
2045,2045,422.22,8.78,2025-04-10
2046,2046,350.03,8.1,2025-06-11
2047,2047,421.18,6.02,2025-05-08
2048,2048,366.5,13.83,2025-04-14
2049,2049,499.82,5.59,2025-10-03
2050,2050,449.35,8.79,2025-09-27
2051,2051,481.1,17.65,2025-06-24
2052,2052,164.12,15.1,2025-05-01
2053,2053,305.25,15.03,2025-09-01
2054,2054,456.84,12.02,2025-07-08
2055,2055,325.97,9.73,2025-09-10
2056,2056,261.83,5.21,2025-06-11
2057,2057,144.96,7.4,2025-07-27
2058,2058,10.56,16.74,2025-08-04
2059,2059,422.57,9.48,2025-07-13
2060,2060,347.06,16.1,2025-07-06
2061,2061,192.13,11.68,2025-07-29
2062,2062,434.53,17.0,2025-04-09
2063,2063,342.71,6.82,2025-05-05
2064,2064,248.87,11.23,2025-07-03
2065,2065,350.92,8.51,2025-09-18
2066,2066,452.44,7.25,2025-08-22
2067,2067,386.82,16.81,2025-08-20
2068,2068,353.89,15.35,2025-09-10
2069,2069,158.37,14.31,2025-07-06
2070,2070,344.38,9.62,2025-06-20
2071,2071,313.97,10.52,2025-06-30
2072,2072,349.21,6.85,2025-05-08
2073,2073,222.38,5.86,2025-08-09
2074,2074,111.93,16.0,2025-06-13
2075,2075,238.15,7.8,2025-07-18
2076,2076,102.41,9.27,2025-10-04
2077,2077,216.96,12.79,2025-09-02
2078,2078,346.14,7.32,2025-09-26
2079,2079,60.52,17.71,2025-08-25
2080,2080,247.79,17.49,2025-06-06
2081,2081,187.85,11.09,2025-05-07
2082,2082,42.27,15.97,2025-10-06
2083,2083,242.76,8.64,2025-05-08
2084,2084,484.2,16.43,2025-09-10
2085,2085,263.77,6.79,2025-05-03
2086,2086,357.85,13.01,2025-08-03
2087,2087,201.79,13.44,2025-06-21
2088,2088,355.32,11.59,2025-06-03
2089,2089,257.2,6.97,2025-09-11
2090,2090,417.2,7.59,2025-04-23
2091,2091,205.93,11.34,2025-04-27
2092,2092,470.6,9.01,2025-09-11
2093,2093,335.61,9.11,2025-10-01
2094,2094,229.29,5.37,2025-08-17
2095,2095,270.62,12.24,2025-06-17
2096,2096,52.48,7.01,2025-10-04
2097,2097,434.05,12.38,2025-05-28
2098,2098,297.87,6.34,2025-09-19
2099,2099,316.85,13.36,2025-07-20
2100,2100,25.16,5.78,2025-09-29
2101,2101,53.75,12.07,2025-09-03
2102,2102,239.81,9.8,2025-09-26
2103,2103,143.12,9.59,2025-05-27
2104,2104,343.73,14.14,2025-05-06
2105,2105,162.7,10.78,2025-05-27
2106,2106,100.23,6.18,2025-08-14
2107,2107,329.93,5.78,2025-07-29
2108,2108,413.5,16.97,2025-08-18
2109,2109,213.81,9.52,2025-06-28
2110,2110,19.52,9.52,2025-06-21
2111,2111,54.48,13.29,2025-05-31
2112,2112,331.77,5.02,2025-10-06
2113,2113,411.67,17.2,2025-06-15
2114,2114,172.72,10.4,2025-10-03
2115,2115,195.21,14.49,2025-04-12
2116,2116,442.03,16.27,2025-06-07
2117,2117,476.84,5.76,2025-06-24
2118,2118,448.46,13.53,2025-08-07
2119,2119,145.62,10.66,2025-06-30
2120,2120,181.22,7.59,2025-07-10
2121,2121,361.45,8.5,2025-07-25
2122,2122,103.93,6.19,2025-05-31
2123,2123,35.12,8.53,2025-07-28
2124,2124,86.14,16.3,2025-09-03
2125,2125,300.89,14.62,2025-09-15
2126,2126,273.62,13.09,2025-05-22
2127,2127,92.33,6.82,2025-05-23
2128,2128,396.44,16.95,2025-06-23
2129,2129,133.63,14.22,2025-04-18
2130,2130,335.68,13.74,2025-08-17
2131,2131,305.96,14.15,2025-07-09
2132,2132,93.27,14.09,2025-08-13
2133,2133,24.06,17.87,2025-09-24
2134,2134,336.8,14.54,2025-09-14
2135,2135,411.81,10.82,2025-07-15
2136,2136,235.5,12.56,2025-07-12
2137,2137,461.63,7.72,2025-05-24
2138,2138,296.45,7.71,2025-06-18
2139,2139,64.55,17.16,2025-08-23
2140,2140,22.82,12.26,2025-08-03
2141,2141,332.88,8.88,2025-07-06
2142,2142,246.63,5.81,2025-07-19
2143,2143,478.39,6.54,2025-10-01
2144,2144,379.24,8.62,2025-09-06
2145,2145,93.86,16.91,2025-06-17
2146,2146,346.79,10.68,2025-05-08
2147,2147,56.62,15.7,2025-09-02
2148,2148,371.91,8.81,2025-04-09
2149,2149,279.97,7.84,2025-08-04
2150,2150,354.0,13.94,2025-07-21
2151,2151,269.82,17.96,2025-05-14
2152,2152,152.58,6.96,2025-10-02
2153,2153,452.55,11.53,2025-08-11
2154,2154,40.01,12.62,2025-06-14
2155,2155,453.92,7.2,2025-07-27
2156,2156,407.34,16.49,2025-04-24
2157,2157,234.86,6.15,2025-06-19
2158,2158,119.31,8.81,2025-05-12
2159,2159,318.57,12.87,2025-06-27
2160,2160,249.23,6.44,2025-09-27
2161,2161,78.19,16.51,2025-07-16
2162,2162,411.95,14.91,2025-10-05
2163,2163,70.76,8.35,2025-08-07
2164,2164,298.98,11.85,2025-07-12
2165,2165,290.38,13.25,2025-09-15
2166,2166,57.14,15.98,2025-08-22
2167,2167,22.72,16.78,2025-10-05
2168,2168,373.54,11.82,2025-07-15
2169,2169,175.73,15.02,2025-08-20
2170,2170,354.11,17.23,2025-08-20
2171,2171,47.43,10.87,2025-10-07
2172,2172,236.42,15.09,2025-08-05
2173,2173,445.03,7.37,2025-05-13
2174,2174,181.42,12.89,2025-04-17
2175,2175,332.55,8.76,2025-06-09
2176,2176,369.16,10.2,2025-06-10
2177,2177,429.53,7.61,2025-05-16
2178,2178,123.86,5.26,2025-07-04
2179,2179,331.85,10.43,2025-05-20
2180,2180,216.08,11.14,2025-08-20
2181,2181,30.23,17.99,2025-07-04
2182,2182,313.19,16.02,2025-05-07
2183,2183,42.41,6.26,2025-06-15
2184,2184,456.81,17.81,2025-07-25
2185,2185,400.97,13.7,2025-05-12
2186,2186,137.6,13.8,2025-07-13
2187,2187,285.14,6.27,2025-05-21
2188,2188,366.7,17.7,2025-05-12
2189,2189,402.26,15.25,2025-06-20
2190,2190,264.9,11.48,2025-08-26
2191,2191,478.91,7.21,2025-07-17
2192,2192,329.87,8.21,2025-07-02
2193,2193,348.37,11.59,2025-06-06
2194,2194,34.74,15.11,2025-08-30
2195,2195,280.37,15.85,2025-08-12
2196,2196,278.23,8.4,2025-08-10
2197,2197,238.45,17.58,2025-08-13
2198,2198,233.96,5.17,2025-08-27
2199,2199,59.99,17.98,2025-08-02
2200,2200,156.14,17.22,2025-08-24
2201,2201,344.98,7.84,2025-08-02
2202,2202,263.19,11.04,2025-09-16
2203,2203,386.23,7.71,2025-05-30
2204,2204,190.48,10.35,2025-04-12
2205,2205,122.89,11.61,2025-07-11
2206,2206,321.58,16.79,2025-06-09
2207,2207,223.52,5.47,2025-04-09
2208,2208,167.14,6.87,2025-06-08
2209,2209,340.26,9.48,2025-09-29
2210,2210,274.98,9.09,2025-06-10
2211,2211,351.06,17.98,2025-06-30
2212,2212,150.01,10.72,2025-06-15
2213,2213,66.63,16.97,2025-08-27
2214,2214,311.57,6.48,2025-06-13
2215,2215,63.0,16.18,2025-08-11
2216,2216,159.73,7.8,2025-07-24
2217,2217,398.79,12.49,2025-08-10
2218,2218,429.17,14.26,2025-07-01
2219,2219,269.76,17.6,2025-07-08
2220,2220,182.1,8.98,2025-05-30
2221,2221,115.32,17.39,2025-05-19
2222,2222,237.37,17.51,2025-05-13
2223,2223,449.98,10.26,2025-06-19
2224,2224,129.46,8.51,2025-05-12
2225,2225,339.19,11.45,2025-07-25
2226,2226,161.58,16.27,2025-09-21
2227,2227,59.64,14.65,2025-04-26
2228,2228,371.95,10.2,2025-04-20
2229,2229,407.11,11.61,2025-08-23
2230,2230,28.77,12.97,2025-09-05
2231,2231,169.21,5.6,2025-08-19
2232,2232,279.68,8.79,2025-08-12
2233,2233,463.52,7.69,2025-09-09
2234,2234,254.46,6.88,2025-07-15
2235,2235,251.51,15.36,2025-06-08
2236,2236,293.88,9.79,2025-06-22
2237,2237,361.87,8.36,2025-07-13
2238,2238,390.95,7.07,2025-08-05
2239,2239,293.27,12.4,2025-05-18
2240,2240,397.84,15.6,2025-09-01
2241,2241,465.19,15.38,2025-04-18
2242,2242,400.87,8.33,2025-04-12
2243,2243,161.72,17.39,2025-09-23
2244,2244,350.55,16.87,2025-08-21
2245,2245,354.71,11.3,2025-06-16
2246,2246,361.48,16.83,2025-09-14
2247,2247,305.6,12.07,2025-07-07
2248,2248,87.28,7.79,2025-07-08
2249,2249,317.48,15.99,2025-07-26
2250,2250,51.26,12.52,2025-07-29
2251,2251,482.77,7.0,2025-09-20
2252,2252,245.05,9.07,2025-07-30
2253,2253,336.86,13.83,2025-09-11
2254,2254,290.7,12.14,2025-09-15
2255,2255,12.69,8.35,2025-08-29
2256,2256,322.31,6.5,2025-09-23
2257,2257,376.92,10.18,2025-05-26
2258,2258,129.22,17.28,2025-10-01
2259,2259,307.89,6.8,2025-07-13
2260,2260,431.73,17.17,2025-08-18
2261,2261,295.72,15.72,2025-05-03
2262,2262,467.61,7.39,2025-09-09
2263,2263,84.31,14.86,2025-07-25
2264,2264,276.79,11.31,2025-04-11
2265,2265,38.48,9.79,2025-06-18
2266,2266,124.94,10.02,2025-04-24
2267,2267,56.18,13.34,2025-07-16
2268,2268,373.13,13.24,2025-05-06
2269,2269,341.77,13.96,2025-07-17
2270,2270,462.97,12.67,2025-09-06
2271,2271,318.99,10.97,2025-10-08
2272,2272,308.82,8.82,2025-04-17
2273,2273,105.19,10.72,2025-06-30
2274,2274,134.03,7.14,2025-04-13
2275,2275,483.11,16.18,2025-09-19
2276,2276,80.47,13.1,2025-08-13
2277,2277,272.58,11.73,2025-07-09
2278,2278,274.39,7.43,2025-08-31
2279,2279,204.2,5.83,2025-08-09
2280,2280,152.64,14.48,2025-06-01
2281,2281,127.94,9.96,2025-05-18
2282,2282,160.84,17.33,2025-07-08
2283,2283,14.74,17.97,2025-04-12
2284,2284,255.75,10.44,2025-09-16
2285,2285,147.03,6.91,2025-09-01
2286,2286,133.08,5.54,2025-06-15
2287,2287,306.1,14.96,2025-10-01
2288,2288,54.42,10.37,2025-06-11
2289,2289,350.98,10.37,2025-09-12
2290,2290,276.67,5.51,2025-05-24
2291,2291,140.46,16.23,2025-05-07
2292,2292,102.3,15.56,2025-08-08
2293,2293,198.96,15.62,2025-06-09
2294,2294,407.15,14.96,2025-08-25
2295,2295,460.21,16.1,2025-04-27
2296,2296,427.87,12.0,2025-10-01
2297,2297,271.95,10.27,2025-08-16
2298,2298,277.22,15.69,2025-05-26
2299,2299,352.08,5.78,2025-09-08
2300,2300,227.87,9.61,2025-05-27
2301,2301,141.63,9.51,2025-09-18
2302,2302,448.71,14.76,2025-05-14
2303,2303,270.44,8.78,2025-07-12
2304,2304,402.97,12.51,2025-04-22
2305,2305,456.95,6.15,2025-08-12
2306,2306,240.51,9.03,2025-09-10
2307,2307,268.54,14.01,2025-07-17
2308,2308,451.16,13.72,2025-05-18
2309,2309,13.69,11.51,2025-04-12
2310,2310,136.88,7.77,2025-07-09
2311,2311,211.43,9.8,2025-07-15
2312,2312,455.56,14.32,2025-09-14
2313,2313,19.47,9.42,2025-09-09
2314,2314,75.15,7.48,2025-06-22
2315,2315,341.95,13.72,2025-09-27
2316,2316,306.12,16.61,2025-05-13
2317,2317,267.64,7.55,2025-09-11
2318,2318,168.48,17.12,2025-05-30
2319,2319,165.79,8.47,2025-09-12
2320,2320,385.15,6.48,2025-05-06
2321,2321,398.72,14.3,2025-06-02
2322,2322,356.38,6.37,2025-08-03
2323,2323,43.55,9.62,2025-09-28
2324,2324,302.37,9.11,2025-09-05
2325,2325,466.33,7.52,2025-05-09
2326,2326,195.65,5.17,2025-05-18
2327,2327,267.24,10.9,2025-09-11
2328,2328,66.64,10.27,2025-05-12
2329,2329,8.98,14.17,2025-09-10
2330,2330,162.9,12.62,2025-06-27
2331,2331,379.42,14.74,2025-04-20
2332,2332,89.66,10.47,2025-09-08
2333,2333,439.58,16.94,2025-09-04
2334,2334,480.0,9.96,2025-04-12
2335,2335,23.05,11.44,2025-06-08
2336,2336,391.11,17.07,2025-05-04
2337,2337,44.05,17.3,2025-10-01
2338,2338,314.24,10.78,2025-04-19
2339,2339,74.52,7.15,2025-07-24
2340,2340,431.39,7.8,2025-04-15
2341,2341,202.17,8.58,2025-07-02
2342,2342,193.26,14.86,2025-09-03
2343,2343,253.18,7.48,2025-09-09
2344,2344,28.25,16.75,2025-06-16
2345,2345,200.7,17.61,2025-07-05
2346,2346,13.14,9.35,2025-05-30
2347,2347,282.71,6.93,2025-10-01
2348,2348,176.29,5.15,2025-07-06
2349,2349,473.68,16.97,2025-10-07
2350,2350,303.85,10.29,2025-05-30
2351,2351,434.37,5.46,2025-05-07
2352,2352,251.14,16.98,2025-07-17
2353,2353,315.15,5.43,2025-09-25
2354,2354,304.19,16.41,2025-08-26
2355,2355,356.85,16.0,2025-09-26
2356,2356,218.94,10.49,2025-04-22
2357,2357,375.91,10.9,2025-05-18
2358,2358,223.22,12.56,2025-06-03
2359,2359,118.89,12.32,2025-09-17
2360,2360,230.01,5.27,2025-06-17
2361,2361,241.5,5.17,2025-09-11
2362,2362,274.22,8.36,2025-06-04
2363,2363,335.76,17.51,2025-06-09
2364,2364,317.75,15.43,2025-09-19
2365,2365,315.52,13.42,2025-05-06
2366,2366,353.89,10.36,2025-04-20
2367,2367,275.02,12.23,2025-07-27
2368,2368,57.35,8.55,2025-06-21
2369,2369,484.16,6.98,2025-06-02
2370,2370,218.56,14.75,2025-07-09
2371,2371,324.42,6.64,2025-07-04
2372,2372,417.58,5.95,2025-08-21
2373,2373,32.15,6.37,2025-04-09
2374,2374,359.51,10.43,2025-06-09
2375,2375,381.29,8.1,2025-09-28
2376,2376,44.58,15.29,2025-09-02
2377,2377,86.41,9.39,2025-06-23
2378,2378,196.54,12.12,2025-08-22
2379,2379,264.46,14.64,2025-05-13
2380,2380,116.75,14.59,2025-10-08
2381,2381,282.4,15.44,2025-06-16
2382,2382,78.72,17.22,2025-08-17
2383,2383,16.16,16.89,2025-08-20
2384,2384,282.57,11.97,2025-06-28
2385,2385,364.48,14.69,2025-08-24
2386,2386,282.89,11.29,2025-07-07
2387,2387,172.62,7.05,2025-09-04
2388,2388,403.55,8.82,2025-05-29
2389,2389,421.53,9.42,2025-04-29
2390,2390,99.33,16.46,2025-08-11
2391,2391,225.35,8.17,2025-09-30
2392,2392,448.36,9.75,2025-07-16
2393,2393,212.5,15.02,2025-06-28
2394,2394,357.58,6.35,2025-05-06
2395,2395,176.56,16.96,2025-06-13
2396,2396,360.64,9.16,2025-04-25
2397,2397,37.05,9.3,2025-04-29
2398,2398,177.95,5.86,2025-08-10
2399,2399,46.88,7.63,2025-06-18
2400,2400,469.64,14.73,2025-10-02
2401,2401,406.01,10.82,2025-05-08
2402,2402,62.62,14.59,2025-04-16
2403,2403,95.22,14.47,2025-08-23
2404,2404,382.35,9.49,2025-08-31
2405,2405,155.08,16.32,2025-07-09
2406,2406,93.27,17.34,2025-08-08
2407,2407,301.62,12.82,2025-07-16
2408,2408,251.66,9.84,2025-07-12
2409,2409,318.79,10.4,2025-06-30
2410,2410,356.99,6.21,2025-04-19
2411,2411,169.62,8.39,2025-08-08
2412,2412,71.77,12.77,2025-07-05
2413,2413,84.57,11.71,2025-07-26
2414,2414,476.28,6.19,2025-08-10
2415,2415,299.27,17.05,2025-07-19
2416,2416,310.43,7.38,2025-05-01
2417,2417,393.97,14.3,2025-06-06
2418,2418,486.96,11.96,2025-08-23
2419,2419,171.14,13.88,2025-09-03
2420,2420,224.51,6.82,2025-10-05
2421,2421,9.03,11.67,2025-04-30
2422,2422,429.39,6.66,2025-04-25
2423,2423,250.42,11.32,2025-05-25
2424,2424,496.93,14.5,2025-04-27
2425,2425,478.6,13.78,2025-04-26
2426,2426,343.31,16.12,2025-10-01
2427,2427,341.14,8.0,2025-07-07
2428,2428,385.62,13.35,2025-04-12
2429,2429,70.41,13.99,2025-09-18
2430,2430,5.28,17.9,2025-05-09
2431,2431,247.92,10.81,2025-07-29
2432,2432,470.27,7.75,2025-05-19
2433,2433,173.12,17.73,2025-04-21
2434,2434,358.82,16.86,2025-06-14
2435,2435,400.46,13.84,2025-05-06
2436,2436,64.39,12.11,2025-06-16
2437,2437,478.17,8.14,2025-05-13
2438,2438,444.86,12.24,2025-07-09
2439,2439,175.0,12.94,2025-07-23
2440,2440,237.97,9.99,2025-09-13
2441,2441,173.48,8.86,2025-05-17
2442,2442,236.66,15.76,2025-09-15
2443,2443,163.26,8.23,2025-08-24
2444,2444,246.74,15.31,2025-08-21
2445,2445,399.75,15.97,2025-06-23
2446,2446,76.6,11.45,2025-07-10
2447,2447,99.2,17.6,2025-08-23
2448,2448,112.26,9.29,2025-07-27
2449,2449,480.18,8.7,2025-09-23
2450,2450,190.21,16.76,2025-08-04
2451,2451,325.64,12.04,2025-04-21
2452,2452,352.28,7.51,2025-07-07
2453,2453,89.43,11.01,2025-08-07
2454,2454,16.42,15.89,2025-10-04
2455,2455,59.12,8.12,2025-05-21
2456,2456,18.99,6.74,2025-06-25
2457,2457,117.78,11.3,2025-05-14
2458,2458,169.15,9.94,2025-08-27
2459,2459,396.47,14.6,2025-06-16
2460,2460,85.03,14.23,2025-08-26
2461,2461,235.16,13.97,2025-07-15
2462,2462,389.11,5.1,2025-09-12
2463,2463,148.18,17.48,2025-09-01
2464,2464,335.73,8.32,2025-05-04
2465,2465,202.93,13.22,2025-10-01
2466,2466,303.0,10.78,2025-04-16
2467,2467,339.35,7.58,2025-08-30
2468,2468,399.55,17.7,2025-08-06
2469,2469,385.95,13.07,2025-06-02
2470,2470,222.9,16.05,2025-06-24
2471,2471,230.54,5.49,2025-05-30
2472,2472,413.01,13.56,2025-04-26
2473,2473,317.14,5.82,2025-08-19
2474,2474,188.97,7.2,2025-07-27
2475,2475,176.47,10.07,2025-09-21
2476,2476,421.06,12.38,2025-07-14
2477,2477,86.96,13.44,2025-05-19
2478,2478,221.52,8.41,2025-05-14
2479,2479,187.79,11.83,2025-06-23
2480,2480,471.38,5.02,2025-07-03
2481,2481,207.0,17.04,2025-04-14
2482,2482,282.81,7.19,2025-05-18
2483,2483,444.14,16.5,2025-05-18
2484,2484,224.81,14.99,2025-05-04
2485,2485,171.13,9.78,2025-10-05
2486,2486,238.56,12.95,2025-04-12
2487,2487,54.99,7.62,2025-08-29
2488,2488,337.66,16.71,2025-09-28
2489,2489,376.39,7.14,2025-07-27
2490,2490,242.93,13.04,2025-04-29
2491,2491,268.07,5.11,2025-06-13
2492,2492,200.74,13.03,2025-06-10
2493,2493,204.28,12.03,2025-08-19
2494,2494,292.3,11.08,2025-09-14
2495,2495,43.59,14.85,2025-06-07
2496,2496,235.36,8.24,2025-09-25
2497,2497,227.01,16.8,2025-04-23
2498,2498,293.24,11.36,2025-05-23
2499,2499,384.16,5.25,2025-06-30
2500,2500,16.23,8.31,2025-07-28
